0.575712312486013,0.562953927062735,0.569302131033429,0.574217671796589,0.635746726120338,0.594867983191648,0.556125845134591,NA,NA,NA,0.573713932781081,0.56505633885769,0.558927219332666,NA,0.574843167394277,0.565097106434712,0.5752116265339,0.579210857754085,0.570656356776915,0.568038640759439,NA,NA,NA,NA,0.566704708068263,0.57772965329355,NA,NA,0.573325634901055,0.569269248169565
0.574304028413928,0.561746299463619,0.574122080724055,0.566667148030282,NA,0.570233084781684,0.55623184428053,0.564286936525287,0.569759853153201,0.567569704446922,0.571072746093109,NA,0.580964230612961,NA,0.565534393984373,0.599327505251295,0.563251949356712,NA,0.570795316672473,0.572725497307191,NA,0.604066404724073,0.570489152113094,0.577428609885968,0.572295507632664,0.560568515470907,NA,NA,0.559353151866557,0.578254300480341
0.574359973202631,0.561786186072654,0.569793955628497,0.566745536526689,NA,NA,0.573376233851727,0.56433419749699,NA,0.565254837265624,0.584370871607104,NA,0.569599466313276,0.569305465862184,0.565017783276246,NA,NA,NA,0.570962034767478,0.572910154120992,0.5621603359538,0.612761850510368,0.570650784530274,NA,0.572307232998487,0.590400607263052,NA,NA,0.57375411703744,0.569671530782586
0.561145229176259,NA,0.563476059324503,NA,0.597565289715533,NA,0.57688853661036,NA,0.565690010722047,0.567323052616537,0.570642879479582,NA,0.569145793988473,0.55870409898001,0.565245095429124,0.603544805125734,0.577175795100262,NA,0.572259745986289,0.565705280150332,0.562092723993157,0.576264107992046,0.574614184424498,NA,NA,0.577879909719216,NA,NA,0.572734553731609,0.577880508774651
0.570473574505704,0.56168095584842,0.569598595651088,NA,NA,NA,0.556138657252584,NA,0.56577587331521,0.579344869227324,0.561893874302012,0.565061642484109,NA,0.574143823208952,0.565063864471653,NA,NA,0.567087974692309,NA,0.572612392397526,NA,NA,0.559997042383134,0.577149062870911,0.566868263675267,0.56051190024354,0.573101252475497,NA,NA,0.56352488402796
0.574190644653778,0.582919856420813,NA,NA,NA,0.570351108539729,0.577059385076624,NA,0.569577093083549,0.567428978141732,0.556219012894535,0.584672800874212,NA,0.574268208358785,0.565140837508501,0.565353489448326,0.575104639268578,NA,0.572403425243543,0.572906051021216,NA,0.568464712477141,0.559871651224307,0.581342589722305,0.56880737256798,0.57800006055491,0.57326671118702,NA,0.565903026755275,NA
0.575705532182748,0.616804906644845,0.57051926549842,0.56659910306389,NA,0.591434406114846,0.573320599686104,0.59069547176238,0.565804183632199,0.567535981645983,0.574161847152822,0.568579810465748,0.558961306274867,0.569133384452142,0.564867017943667,NA,0.563347401291107,NA,0.570395706243335,0.568077601917285,0.561839710242997,0.568497627357433,0.559905451249092,0.577749917983297,0.568828082926223,0.560459746162393,0.5613103137642,0.572431357864672,0.559461789337823,0.563566877508239
0.575757706766167,0.627748793760142,0.570598690601297,0.566891794270161,NA,0.570349696318794,NA,0.577556755642107,0.56598809569691,0.579632271447531,0.562259613691098,0.584769454485464,0.580993292981857,0.576681488583993,0.565053218191767,0.609890963204477,0.577518057060019,NA,0.571151993659147,0.569962555214723,0.56191475367681,0.569665439009417,0.57504835878253,0.58165160657419,0.571885057748847,0.5782138335558,0.587506858966995,0.572851051710769,0.572953784932207,0.563881803266933
0.564135891693642,0.563015583273044,0.563709831060133,0.564346605396327,0.557583015787962,0.570187340505098,0.573078184531571,NA,NA,0.565061228200754,0.561902043071931,0.565080448535046,0.558851080351732,0.558466066429561,0.565389458043102,NA,0.563182738651283,NA,0.570616117075078,0.572646131359498,0.561942568985198,0.568351262818363,0.570389640972714,NA,NA,0.58753476654005,NA,0.563116721501673,0.559340603604956,NA
0.575578777199205,0.582792137039734,0.57031743750207,NA,NA,NA,0.556055478421561,0.592501334782877,0.565610581025489,0.565061184352205,0.570632008703787,0.565259230529214,0.569181493186143,0.576400266076556,0.57811509716514,NA,0.563307254575644,0.575647262269453,0.57040705902798,0.572745751673002,NA,NA,0.570529912850279,NA,0.572066565160669,0.560320320465774,0.573220645864719,NA,0.55936209227823,NA
0.571555666484602,0.601463768448107,0.558640328885459,NA,NA,0.558144058471539,0.551489379350314,NA,0.56576565996773,0.570503866398563,0.552292632797311,0.548415002071644,0.575525472327032,0.570264445399935,0.561688730223777,NA,0.567799445255506,NA,0.563876430356596,0.564705651007198,NA,0.569098151675984,0.563361648402034,0.570313274550034,0.558375446025352,0.555389801112649,0.578937136873623,NA,0.566609522067576,0.554540717246616
0.532589471418675,0.578836749981257,0.564306747531457,NA,NA,NA,NA,0.573066415006433,NA,0.570745859418317,0.564815351886906,0.551822380600507,NA,0.565423366977156,0.573749916366793,NA,0.568417540275431,NA,0.563934355552725,0.567151537561794,0.557747030977693,0.564341775499282,0.561750037863118,NA,0.567246221482529,NA,0.552505872063605,0.538797711239111,0.561016399666803,0.554976293958647
0.574230498171248,0.582121339988346,NA,0.565139658956784,NA,NA,NA,0.562726862174406,0.571962988815972,NA,0.583925274435239,0.581866185734765,0.57954784298441,0.568751456798732,0.577405366759318,0.562622211957637,0.562527336383339,0.565979750389939,NA,0.569154196858136,NA,0.567037858251946,NA,NA,0.570350281540504,0.573696648318799,0.584695258298857,0.563782594348803,0.564977455819212,0.571913519037757
0.568167379049614,0.5601935795136,0.562903760020364,0.563542332771403,0.559295858644276,NA,NA,NA,0.560861610944078,NA,0.565787608973384,NA,NA,NA,0.564868723345445,0.604694972306704,NA,NA,NA,0.56340136468646,NA,0.592360954347461,0.566356084411275,0.583228857368947,0.561785619369862,NA,0.582559838619996,0.575182394201058,NA,0.573978225353144
0.570274534302855,0.560595216268838,0.56236522126557,NA,0.557265371456266,NA,0.574718190744659,0.570702918992515,NA,0.576670104483144,0.559510989538164,NA,NA,NA,0.561956903706448,0.591046096873389,0.57273735518344,NA,0.56699921644182,0.567951896727496,NA,0.567002400553085,0.558705053294821,NA,0.570253303266528,0.559251221600663,0.557757823965277,NA,0.564870228139812,0.571758876914708
0.576722099111176,0.562120970878627,0.570300799059279,0.566390391785299,NA,0.565638163532636,0.573292178319533,0.57727160689793,0.565617876875545,0.565008906465017,0.574087925671508,0.565228979721258,0.580678481373475,0.574162292672936,0.574878602127864,0.565608969897891,0.57713828408927,0.575495863326498,0.570843215250585,0.569634349665058,NA,0.576261909864826,0.570515113480176,NA,0.571906759614015,0.582768200186558,0.573127815691735,NA,NA,0.574040743167974
0.574831567357076,0.590616966263623,0.574365303546548,NA,0.557687021087888,0.563919452069743,NA,0.576451336144378,0.614533404818017,0.563758599285904,0.560038423590622,0.582182944482047,0.57998043061692,0.569081748211057,0.577895430246448,NA,0.574706458176046,0.566557741656731,0.569119915792356,0.569805992352779,0.561064393075003,0.573904230540279,0.56838425868581,NA,0.5713670141379,0.574300447332344,NA,NA,NA,0.562583992412726
0.576327440366171,NA,0.567949628192184,0.573557179074952,NA,NA,NA,NA,NA,0.564642263179855,0.569792265883992,NA,0.558746002439246,0.573632151050633,0.573753315494896,0.564847875859192,0.57444173299832,0.575312032953598,0.569489182902121,0.565582944319031,NA,0.568029469287981,0.573959328281682,0.580535631871411,0.565886385825069,0.576652097945792,NA,0.563080491887377,0.565618163194877,0.568010231264711
0.57007911950759,0.565367571319571,0.570121547844572,0.57389151079829,NA,0.569878592769453,NA,NA,NA,0.564733512199933,0.584076509212871,0.58441788778396,NA,NA,0.577837267210434,NA,0.574783686786448,0.575213666462848,NA,0.57279994248092,NA,0.568175236459454,0.570229752949074,NA,0.571518375694829,0.582679243379746,NA,NA,NA,0.568906447853095
0.570372024098776,NA,0.569395898765977,0.574231953395881,0.594850435180426,NA,NA,0.564013070269593,0.569574696564666,0.56740914634963,0.584214216883175,NA,NA,0.569063462838134,0.565127699566591,0.591331558470061,0.575163345435135,0.575528137461866,0.570259939792697,0.565950510316963,NA,0.569338694660813,0.569379201064973,0.576483252819729,0.572045445306371,0.560377917498851,0.573181260422903,NA,NA,0.578012699974189
0.576786254373472,0.582786506112056,0.570304320698022,0.564151321599506,0.55760656621133,0.590323806660829,0.556058430016632,0.563952566403362,0.598751015504223,0.579085813831147,0.556082277104977,0.58453899685165,0.580755416477077,NA,0.565175548233604,0.56523338433559,0.563267120057142,0.56688848061484,0.570374744924629,0.565624959335292,NA,0.576254821717653,0.569210817068902,NA,0.568696823654116,0.577789989478393,NA,NA,0.57270834780648,NA
0.565395756823372,0.552783389317069,NA,NA,NA,0.480375970964369,0.567180794029536,0.507383822720589,0.562894785324702,0.558749663654986,0.576113590442654,0.51753116703238,NA,NA,0.554107442521696,0.547677534482152,NA,0.566617456010749,0.563020332805456,0.561925752705672,NA,NA,0.553518139114223,NA,NA,NA,0.563222942746923,0.553980265856285,0.549069371010776,0.562153477823905
0.559002577291721,0.576804073501477,NA,NA,0.5532051289868,0.543752994504978,0.550099530131358,0.569290236633028,0.563206648294924,0.559509031425222,0.579862258297476,0.575366911393429,0.574235253410249,0.566835920770083,0.559834729678082,NA,0.559158411604048,0.567714641861194,0.56638811026985,0.561918029819447,NA,0.563595389603447,NA,NA,0.563633477997964,NA,0.566503844082699,NA,0.563335728584922,NA
0.556766892608378,NA,0.562613063045757,0.553846325867658,NA,0.553844975327283,0.557395524185255,0.5642174866804,NA,0.544327554061974,0.551416043503724,0.569031123887347,0.551563284840082,0.541735856677168,0.556734677816378,NA,0.5599441550891,NA,0.54861697460495,0.555878511075222,NA,0.555323915597729,0.550837825011927,0.550996919517956,NA,0.552874212687616,0.543692361461169,0.550579002581686,0.553162428082815,0.549788616636505
0.411587793340191,0.538689920674351,NA,NA,0.543521409280073,NA,0.561001011919784,0.404787491927649,0.340039856444265,0.549622315682125,0.536489928414422,0.488031819251185,0.563118636084817,0.551430897864011,0.552286011972384,0.29322459248071,NA,0.55139236639354,0.535296377985241,0.552450065118256,NA,NA,NA,NA,0.550715030607515,NA,0.555855266749899,NA,0.540373517722669,NA
0.563841948041307,0.555433027168581,0.562839925458367,0.558552168932174,NA,0.527545578613935,NA,0.528540849671912,0.574218080267971,0.567908992424987,0.56388806711394,0.557105538666252,NA,0.568561724024514,0.564373359974125,0.557554741172581,0.558841136575764,0.568360355657652,0.561964875149051,0.565741621194119,NA,0.56335524480384,0.562927404678199,NA,0.566870669833845,0.536097926746416,0.567503791602315,NA,NA,0.570647246942072
0.561655925824679,0.552098302593146,0.565999518382024,0.55770407919792,NA,0.548529261348622,0.569546057346942,0.553351129117157,NA,0.557952731467862,0.547267397978515,0.574123691042543,0.553787628113341,0.560345086402851,0.568762684904889,0.554152061194017,0.560503528459181,NA,NA,0.561969360101895,NA,0.403894813450378,0.561312639413169,0.556028614419957,0.561332263476297,0.550198896452467,NA,NA,NA,0.564804699642526
0.56445335270727,0.572156156321573,0.564106833019402,0.556010666394919,NA,0.518324001950964,0.567504511298843,NA,0.377934137504173,0.554629108894005,0.575702433046845,0.507849903863785,NA,0.562247342284915,0.565673095470481,0.360806861570067,0.560649191913138,0.556933332829815,0.563516064854041,0.557944594223415,0.547456741571907,0.556207172322457,NA,0.504763957514674,0.55885395995386,0.499698516304531,0.564957904484212,0.482311613198107,0.546385550732182,0.555697985187318
0.555675694981057,0.546670912134028,0.547927716931406,0.557157174924919,0.346005701929816,0.449015026110615,0.569925458149296,0.565950463436534,0.561288273256871,NA,0.545804220800383,0.572090685860567,NA,0.541838589394919,0.541748517406991,0.552609178714602,0.554942014328435,NA,0.564158638112813,0.547445975367437,NA,NA,0.559247688208133,0.507704418351889,0.559490519334161,NA,NA,0.552102695530157,NA,0.551163361331227
0.576675987432662,0.582692388451227,0.569996084576392,NA,0.607787420188881,0.569766100219448,0.576946446702914,0.577180237544276,0.565178860209008,0.578179577339397,0.570517157289401,0.58442517406219,0.580495789462756,0.576023183610442,0.564471815205151,NA,0.575015404924922,NA,0.570467021812446,0.572757298659007,NA,0.576128225752193,0.570162543983981,0.580276326556734,0.571777894866536,NA,0.586989256321903,NA,0.572868044742456,0.573831090780112
0.551042206811535,0.561033529953894,NA,0.573567705835525,0.557134445415039,0.542991871709099,0.555690990604228,0.563487704517964,NA,0.564487635657237,0.561314117952694,0.558365722465773,0.568651455481532,0.573894872822327,0.564656753520916,0.522726293299993,0.574256564731043,0.566356670983424,NA,0.564868532592893,0.56158158544368,0.526782353409595,0.5590068688436,0.568405953898934,0.566107158814221,0.559717630280283,0.559905291236094,NA,0.559009754655426,0.562583183781147
0.572396886904238,NA,NA,NA,0.628503873727612,NA,NA,0.562332254149702,NA,0.565068513030444,0.565705762076768,NA,NA,NA,0.560687645032162,0.627933112464566,NA,0.572818633139313,NA,0.564259864589309,NA,0.610526972823107,0.563288245014129,NA,NA,0.559578844631806,0.573060837405878,NA,NA,0.5641403750857
0.557436616320434,0.548408418298215,0.562687773994154,0.563161309624928,0.5201025807071,0.560866063281563,0.555606889439752,0.573670531488948,0.572709532703539,0.564720150884644,0.565881854307419,0.560058822060312,NA,0.554847937737407,0.564642271224246,0.558397380274709,0.569021196461417,0.57493865085347,0.56588131988138,0.566906877979761,0.55993015782414,0.55860221081305,0.556991742885334,0.577338954159149,0.569290261837135,0.570524927841306,0.555251214814748,0.566424843273645,0.567588981706077,NA
0.568054891948089,0.560542702273704,0.567916155112673,NA,NA,NA,NA,0.562140681883439,0.555196606710163,NA,0.583924858203234,NA,0.559756964465131,0.555208858219849,0.57065215346491,NA,0.564399744895988,0.5671215093958,NA,0.569079290882706,0.560962190412245,0.568406861660536,0.572366717370931,0.577507885303803,NA,NA,0.573007546500839,0.567731203968749,0.565578524400973,NA
0.567954792161616,0.596267836647991,0.562453280545363,0.563456563147635,NA,NA,NA,NA,NA,0.559786489448058,0.565540167537366,NA,0.563730538566659,0.554883454884958,0.560398196680445,NA,0.574861916059682,NA,NA,0.567036605469465,0.560020418391215,0.568449799341365,NA,NA,0.568038676758447,0.595635360173158,0.555263652334159,NA,0.557341613835036,0.570068981442532
0.568215510052491,0.560546634050438,0.573862350574171,0.570832611798316,NA,NA,0.55585354882657,0.562401215746743,0.566952890506215,0.560225516415223,0.584030825270002,NA,NA,0.566841147890581,0.563272740020421,NA,0.569370229381602,NA,NA,0.569344579509357,0.561184525701958,NA,0.563453251877007,NA,0.569499534841546,0.570870768314766,0.555598869499185,NA,0.557489730993722,0.561604403403561
0.563719555067357,NA,0.562653813067778,NA,0.579752180202125,0.561036537886425,NA,0.578808435748113,NA,0.578906461143784,0.5657475019032,NA,0.560201679849416,0.574929074428506,0.576247929300563,0.560449667491736,0.564451669331731,NA,NA,0.567064136330681,0.560073183955961,0.57227089560009,0.57236099904072,0.581780899137353,0.568055676330415,NA,0.559902231831404,NA,0.571529862547079,0.561293165189126
0.564103744381089,0.561887022229604,0.573485421102072,NA,NA,0.569190859562699,NA,0.576547793315917,0.564088944276601,NA,0.571727613146162,0.570629561921555,0.580350327131408,0.568664478929201,0.563624143384839,0.564647870520951,NA,0.566771341426355,NA,0.569216215703068,0.561148760869353,NA,0.559029584323416,NA,0.565389495784338,NA,0.556683695531143,0.566921860187168,0.558869438469579,0.567914704806563
0.56979108462074,0.561877017252838,0.573306450397571,0.573239459637902,0.622875991872452,0.564659611940547,NA,NA,0.568935943038938,0.564766161155085,0.561276454229006,NA,0.568040531954737,0.557956652921144,0.57772955896933,0.564222632435126,NA,NA,0.569844874885083,0.567020862421181,NA,0.568443916415706,NA,NA,NA,NA,0.560178065099568,NA,0.5719122609374,0.573162626045748
0.563332824709179,NA,0.563444337268355,0.562965451995405,0.593257384083913,NA,0.555808279298573,NA,NA,0.560281178829751,0.584030872490418,0.581156406998931,0.564189842266237,0.555232566316417,0.576361011859701,0.560856236699341,0.569423253868067,0.567355223794076,0.566246551303617,0.569269799912251,NA,0.588156198952472,NA,NA,0.561907731590236,NA,0.582631796886529,NA,0.557549354669149,0.564412069559448
0.572518724438955,0.582843322327429,NA,0.573318306338324,0.557823439324537,0.564849381677102,0.57255576522205,NA,0.568997362918908,0.564822457929434,0.561397460091852,NA,NA,NA,0.563626686435894,0.564783714544078,0.563336019482996,NA,0.570496936745914,0.567098189938089,0.56120806569803,0.5689698619675,0.559092246777552,NA,0.565405186324005,NA,0.560485795865736,NA,NA,0.563043961856544
0.57243012903599,0.561272466057724,0.567832878998139,NA,NA,NA,NA,0.594789290687408,NA,0.567073970545068,0.56970158686003,NA,0.558859975208264,0.557927261084873,0.564967061871729,NA,0.563352084079565,0.578274371150728,0.569214197971727,0.565160732182779,NA,0.568903350962768,NA,NA,NA,0.560306556645315,0.560324304587066,NA,0.55883433657876,0.567926183046269
0.568114643560548,NA,0.572047168876965,NA,NA,0.567881772377336,0.554714652786108,NA,NA,NA,0.555485320875882,0.57875608313983,0.566811321231851,0.556743928939168,0.570814162721121,0.56109505373525,NA,NA,0.568418641088152,0.566763932530961,0.560641414568686,0.57208067428448,0.571779355453575,NA,0.569916314417089,0.5591157334292,0.571329720968834,0.569361978976211,0.557879173949279,0.574549533117718
0.566531842076588,0.633068155905248,NA,NA,NA,NA,NA,0.561605196968135,NA,0.552672687017582,0.557053079497257,0.552438223192123,0.557742594284161,0.549675036535659,0.554179756760075,0.55208344419702,0.570456772809973,0.563914812212079,0.559180076952999,0.556500156132988,NA,0.565712731366148,0.552661762621679,NA,0.552534625267396,NA,0.551117249189747,NA,0.566474452892397,0.564251729510282
0.561883065888728,0.55400959922682,NA,0.554661150210882,NA,NA,0.570325351977136,0.569263113396919,0.564192814557673,0.558991791350719,0.551967323351528,NA,NA,NA,0.56991316161735,NA,0.561189618365882,NA,0.558257567161155,0.560355330645959,NA,0.675733077644141,0.555765095957254,NA,0.564041597917616,NA,0.550502977900815,NA,0.564748558862356,0.549916219183855
0.556532851643482,0.555717515130069,0.551210233935263,0.559718701187332,NA,NA,NA,0.569096425277064,0.56406422960693,0.558859256910383,0.557625175127457,0.586029795262713,NA,0.563063451757603,0.558189196293389,0.554915212670857,NA,0.56923617147368,0.558062640535544,0.562544967938232,NA,NA,0.555599687779856,NA,0.550021867738803,0.578379808452983,0.567982271475953,NA,0.56461191029151,0.562252106215109
0.562042479512436,NA,NA,NA,NA,0.554345724606249,0.551515602970667,NA,NA,NA,0.553543866381124,NA,0.548005105471592,0.567212149624279,0.555474020385937,0.553102994283602,0.559017941081104,NA,NA,0.562582514038321,0.5543503502502,0.565726414723243,0.559305949981208,NA,0.554748465484761,NA,NA,0.561546579433412,NA,0.551485289023584
0.543984737149851,0.557736628110038,0.558286700088058,NA,NA,0.556890790271919,0.567174619523206,0.573734564342391,0.55709275503019,0.557184526036427,0.552414385033283,NA,0.562323367697879,0.5701153801512,0.562415429330704,0.560727819965397,NA,NA,0.568677668731173,0.559650169562434,0.556284161575466,NA,NA,NA,0.566870767400624,NA,0.552165369139332,NA,0.567291130297328,0.567647796881236
0.575066049715159,0.56131220324545,0.574068983458718,0.565201207454861,0.598440822369259,0.568538873069401,NA,0.576328601512238,NA,0.563421372890927,0.584013894871774,NA,NA,0.572260797260863,0.562717046124326,0.5993402074735,0.573112954167651,NA,0.569491346103528,0.564763478727305,NA,0.57350963229062,0.559112746939292,0.578521098760953,0.571161589568675,NA,0.584941562283864,0.566855218859824,0.57218995093076,NA
0.575013893834215,0.582439046140768,0.568774743985265,0.563563840759283,0.556897411833848,0.569624549123689,NA,NA,NA,0.564406566879199,0.570132517724697,0.564850883743634,NA,0.558242865000814,0.564271733427906,0.564854859236272,NA,0.566111252314865,0.569196889146204,0.56462532784317,NA,NA,0.558907186426836,0.568165718424436,0.57087066575604,NA,0.55976141310459,NA,0.572424693931457,NA
0.576699701130148,0.557853808799015,0.563290072342324,0.566171581143143,0.557459568673678,0.565513619173497,NA,0.58450796821933,0.565374418508127,0.564864985714063,0.584120116068429,0.563550987219533,0.558400606047038,NA,0.564902185670678,0.564839252717095,0.574877810078889,0.57527685252899,0.569929324226427,0.569531232896622,NA,NA,0.559490577640078,0.574287810161136,0.566401366938232,0.560168049681077,NA,0.55709421884111,0.572915958034876,0.57780269388091
0.575357148736958,0.562941928693097,NA,0.574115333624842,NA,0.593021127401088,0.576834401688718,0.590363311886927,0.58703273557862,0.56484632341336,0.57044064217594,0.565283632586828,NA,0.56890085442582,0.565081024186387,NA,0.574717988613252,NA,0.570284705206012,0.565537099825218,NA,0.569212345774026,0.569060477215671,NA,0.566685819978997,0.584163067534118,NA,0.559599744177588,NA,0.569031320005685
0.569376417699037,0.582911702651462,0.569335523127612,0.572801447880537,NA,0.605299693540876,NA,0.583002458042264,NA,0.566413512903221,0.556352391680815,0.583267194399826,0.559182361446303,0.556979861077206,0.563130131464513,0.563182899967865,NA,NA,0.568492029232715,0.568608843847437,0.561513495536293,0.569071352441368,0.566818440631835,NA,0.564628688412049,NA,0.573055771344492,NA,0.558477847214248,0.56241578292864
0.577053363163152,NA,0.570376528860017,0.574330829714789,0.557616576018905,NA,0.556167574763054,0.564183535961177,0.623872556126432,0.567520700916025,0.55624756739067,NA,NA,0.574186152926953,0.578241371930471,0.565306223081531,0.577415568029811,0.575513671482439,0.57232863269349,0.56603104617483,NA,NA,0.574804224486565,0.577105755578808,0.56685911846478,0.577921811240503,0.557680044886983,0.572443846110382,0.565887315903442,0.569462017063004
0.573117992133989,NA,0.568193422398054,NA,NA,0.618231375908931,0.57036973917294,NA,0.59544141274248,0.57883941765944,0.584040333141325,0.58164812269413,0.559601596761047,0.555300973037419,0.571160013008437,0.562302742221772,0.57547156209142,0.567333581231536,0.566431047268622,0.567402141506321,0.560400815911466,0.568474819522724,0.5725972309176,NA,0.56812761391783,0.571783032175677,0.583215120604032,NA,NA,NA
0.56237525580645,0.563046177923243,0.563450490826734,0.574247310061818,0.557628062991725,0.592572396187645,0.556117881437644,0.577268228153519,NA,NA,0.556156530953771,0.565299686177335,0.558786410159686,0.558589188114641,0.574907697358098,0.565660638291262,NA,0.567044041748438,0.570696969053446,0.570506023127933,0.561974648393668,0.588070555479646,0.570423118670254,NA,NA,0.577878620374261,0.557510218140157,0.561129546671759,0.565729162110651,0.569214562574863
0.563533514014863,0.603255805746653,0.563709971415915,NA,NA,0.569980431301977,0.572975436020374,0.592229649060932,0.565320993943937,NA,0.573469524287566,NA,0.559002352511655,0.569081142394708,0.574750571231069,NA,NA,NA,NA,0.569699951093351,NA,0.576134797377497,NA,0.581216764276562,0.568820970273638,0.560419482253204,0.55742963476444,0.572103398405179,NA,0.577858864285072
0.557830400573049,0.561368246102627,0.563238655272528,NA,NA,0.567828929323857,0.55599756209642,NA,0.555170345616297,0.567308146180754,0.573586834247066,0.56394550683185,NA,0.558317102768544,0.564511379463138,NA,0.57705061636291,NA,0.56998288423185,0.569573568531437,0.561759829041774,0.569120826363076,0.574515640862728,NA,0.568627678171462,NA,0.560664600869502,NA,0.57295625806116,0.568939304372098
0.568348669853062,0.555122337574667,0.562703488713609,NA,0.552961081837323,0.556088092504061,0.572435276675841,0.557987589501182,0.565694327643026,0.56166282978053,0.551074442445,NA,0.575032967110239,0.568194770893267,0.563705368623399,NA,0.559514022520948,0.571849308889203,0.561748991953779,0.558080790468047,NA,0.562468374785272,0.559989211806131,NA,0.564246854713359,0.54371384172963,0.550710851644471,NA,0.56592429410997,NA
0.556362377446689,0.584117038874656,0.563070914175719,NA,NA,0.565389124862703,NA,NA,NA,0.564812851893286,0.56179016621873,NA,0.569144256313181,0.568732348534318,0.564486551232464,0.565523051077315,NA,0.579158548623366,0.571660648107496,0.569510828253406,NA,0.56886894646512,0.570154013852852,0.580350211932919,0.571258839513286,NA,0.560303501322409,NA,0.56526805736842,0.573944150301538
0.574504182531455,0.648580697559138,0.562740280224904,NA,0.601166463025185,0.568172380198931,NA,0.56249137881652,NA,0.56493355599857,0.559836084998447,NA,0.555408311498283,0.556938484863704,0.563762719686816,NA,NA,0.565220309691253,0.569137551896138,0.56697125687025,0.56050861069306,0.611113443619695,NA,NA,0.567192399592275,NA,0.559346992558701,0.556291232489216,0.571086863008399,0.560657059198096
0.557705830817179,NA,0.570136329807499,0.56614806705329,0.60419219013283,NA,NA,0.563625052379485,NA,0.564853118101507,0.555842302142693,0.565162423963861,0.569078523319567,0.5760223555721,0.56491264484753,0.589105059252497,0.574770577126513,0.566535102131376,NA,0.567903909431529,0.561528165264643,NA,NA,0.573002393598411,0.571780451747625,0.560011601294035,0.557244501841166,NA,0.559339227541174,0.577573190357421
0.572929556379931,0.56209347533782,0.563223552629449,NA,0.557463604318673,0.564825825058123,0.555893834145828,0.563528452251608,NA,0.578508326929319,0.57228790250022,NA,0.558325632268614,0.57370606919917,0.573782567574372,NA,0.576502249597893,NA,NA,0.567051257951776,NA,NA,0.574133945238466,0.574681519966729,0.571055170276663,NA,0.556768649988891,0.571336553110351,0.57233825530711,0.57335944436098
0.570106787801915,0.562723746890845,0.563185471271551,0.564086926522019,0.549071263624807,0.565442949117966,0.572872601830824,0.56378766277072,NA,0.564916704170162,0.584064071348714,NA,0.558325933752196,0.576183321856341,0.564927633236824,NA,0.574775479617297,0.579054512504611,0.570317534166697,0.57266627063287,NA,NA,0.570228294772035,0.580537128956678,0.566390689922918,0.577440610338443,0.557203052222934,0.556904835327989,0.572849157160601,0.573770993824886
0.558236656635186,0.562204434630324,0.573361254550869,0.565828052055767,0.557553370948702,0.604352602645178,NA,0.563550439552597,0.564617448505826,0.564873794836037,0.556089746615293,0.5641691334759,0.558462781261301,NA,0.564957074375504,0.589004178676075,0.576686980179237,0.56662539785582,0.571785265549355,0.570086036363727,0.561803918873872,0.568882528614392,0.569805040576325,NA,0.571152895508379,NA,0.556935827474396,NA,0.565697822471863,NA
0.56097900882695,NA,NA,0.566410720836459,0.55757139044636,NA,0.556000886029698,0.563924903789142,0.56558848879445,0.564995718768509,0.556144795268322,0.565174647560331,0.569105692788891,0.574088524059201,0.574718247848942,0.565538138180146,NA,0.579100466628806,0.572180200034415,0.570508515632403,NA,0.576180261793046,0.574582151670063,NA,0.571493153100486,NA,0.573136634120274,NA,0.572684361049439,0.577772606539018
0.56986157461546,0.562233157692559,NA,NA,NA,NA,0.555743937920839,NA,NA,0.578024130008904,0.561317704835437,NA,0.568608534664548,NA,0.564125755117304,0.552605677154258,0.56301995847254,0.566247691320157,0.571066196662866,0.56990739790005,NA,0.568098366442106,0.558959456507351,0.579396354405414,0.571519395599972,0.559691335651416,0.559848426891872,0.57180040107225,0.572231964575199,0.573520840530308
0.576771366816569,0.582840216191314,0.56914624147176,0.574004856792213,NA,NA,NA,NA,0.569368121958101,0.565009492173574,0.584154172279866,0.584526246130543,NA,0.568892923640945,0.564995168355595,0.565575795444389,0.574894532644191,0.575342570852627,0.570045709283326,0.57042220586601,NA,0.58692796559817,0.55954785158231,NA,0.566545750221865,0.585405990886295,0.587219109929197,NA,0.565565860584827,0.57394802606426
0.569952888146588,0.571205507919748,0.573447436486994,0.573642477651566,NA,0.576050691850076,0.576553910452858,0.576762790298507,0.56481877925824,0.578326383387946,0.55581762662911,NA,0.5685705122741,0.575726691966061,0.577664013889947,NA,0.576619647518029,0.578470873625301,NA,0.567331441540424,0.561219241783205,NA,0.5741068593271,NA,NA,0.576834118440657,0.586574462678262,NA,0.572229725494975,0.573501339304719
0.570066724965636,0.5779551604683,0.555749439677899,0.566819720430811,NA,0.556810324943556,0.570834771227206,NA,0.574756769096633,0.574965544880901,0.55915824138211,0.576070779651959,NA,0.570731999301321,0.563790343268769,NA,0.569883853542365,0.570203945265686,0.563846427504778,0.563169986827585,NA,0.566775607620016,0.567283388978245,0.571770041237284,0.55694649314802,NA,NA,NA,0.563477326337545,0.566673538425894
0.575589296512841,0.561543704763655,0.569426557986292,NA,0.557674283174335,NA,0.573187957197996,0.590299815353504,NA,0.565049502550426,0.570792885700665,0.584644232239451,NA,0.569026029827909,0.578093658291643,NA,0.577352979579747,NA,0.570277662109843,0.570598480153549,NA,NA,0.570557631699174,NA,0.57178365115183,NA,0.58738957116129,0.56111650815811,0.573409628690719,0.574115301784782
0.573873487585087,NA,0.569176872289136,0.566219267574839,NA,0.570235068285104,0.572924574959576,NA,0.565371495880855,0.578883280178665,0.561829091050426,0.584567042156272,NA,0.576351706872849,0.564521535004885,NA,0.577130696636385,NA,NA,0.570422706821862,NA,0.576211120176826,0.570360453846046,NA,NA,NA,NA,NA,NA,0.569012176455081
0.56380698413472,NA,0.573943678528478,NA,NA,NA,NA,0.563994999611213,NA,NA,0.561847800295342,0.56876672270275,NA,0.574130002798653,0.565085130741636,0.623126539709607,0.563285490327624,NA,0.570048746101079,0.572752568432392,NA,0.568452993306046,0.5691471120843,NA,0.571607182709469,NA,NA,0.563465131366144,0.572803526462137,NA
0.572898180542149,0.582551166037135,0.573293598271786,0.562835619253386,0.558648372638196,0.561272266294139,NA,0.562158202310494,0.561148236403864,0.565115805079328,0.583898995438944,NA,0.558967092108668,0.573113277762099,0.576200443130754,0.560768587370673,NA,0.572667675857973,NA,0.568966679860479,0.560777716109357,NA,NA,0.576358017442318,0.569667516971493,NA,0.572731031811124,NA,0.56846917634121,0.560781534089866
0.576531051390669,0.561302445493752,0.573589111678884,0.563911409312271,0.524843865300356,0.565423439915963,0.576721893168878,0.563706811389097,0.568220951509441,0.567109982836201,0.583940999148165,NA,NA,NA,0.574567667954,NA,0.574546865166075,0.566683610306277,0.570181282206689,0.57259477861306,NA,NA,0.574379645102942,NA,0.571361575726282,NA,0.557298856489496,0.556422846463197,0.559145457992005,NA
0.573962064424166,0.582809594533918,NA,NA,NA,0.57008630184046,NA,NA,NA,NA,0.584101818855127,0.56509416546645,NA,0.574178273112208,0.574688020143206,NA,NA,0.56679020147663,0.569926826718221,0.565519428131467,NA,0.576177256145058,0.559426979528025,0.572762219181938,0.568522148665372,0.577553683256952,NA,NA,0.559179659758246,0.562996104670975
0.575863773076775,0.563153188595943,0.569556041135558,NA,0.665865774813285,NA,0.57311052075984,NA,0.565688846880635,NA,0.58436957152141,NA,NA,NA,0.575197711664554,0.565204183394194,0.563343445756724,NA,0.572669590024437,0.566203823533302,NA,0.614283484973997,0.570386976216538,NA,0.568952102451544,0.589817819843692,0.561420828066559,NA,0.559413776856401,NA
0.575445711120676,0.561499185150291,0.570173107347225,0.574034000105573,NA,0.570037563692679,0.57702963159956,0.577212589417595,NA,NA,0.556058042227286,NA,NA,NA,0.574724325614605,NA,0.563243400822061,0.575447185845007,0.570405283122876,0.570425231653173,0.56163468068715,0.569172055726478,0.559666620014321,0.580811304397209,0.571990244863705,0.560200444549309,0.560811242051672,NA,0.572589818950813,0.574106777500363
0.574129294801366,NA,NA,NA,0.557550627037317,NA,0.577043749888048,NA,NA,NA,0.556073764799784,0.565209291077336,NA,0.574251688947838,0.565133262938136,0.565727818483897,0.563149052786412,NA,0.57050126311768,0.5728752427761,0.561642038427911,NA,0.574642603855844,NA,0.57203240846095,NA,0.5730748825397,NA,0.565654228481132,0.578054739842406
0.561534119993235,0.573680821637424,NA,0.55650682652366,NA,0.486449815424961,0.56466910765928,NA,0.553162349163528,0.558553258532242,0.559542713898556,NA,NA,0.561828612902843,0.560904329425833,0.553557952746248,NA,0.56877291581934,0.559599218879651,0.55649309484499,NA,NA,0.562969972097849,0.56163250783541,0.563514246641155,NA,NA,NA,0.557022781472898,0.556901349395143
0.575221155761215,0.582242696313438,NA,0.563161058938769,0.532934281283242,0.620331270747038,NA,0.573406900006531,NA,0.578277317756164,0.559517833251157,0.579508463184779,0.58051081127,NA,0.560539640962227,0.588688162004265,0.564171890339116,0.572706797080748,0.566201220715197,0.564214240713557,0.560802756119845,0.560682961197027,0.556982146628859,NA,0.561540787005897,0.559070255878235,0.555302263320269,NA,0.565333662190019,0.564198958015974
0.568738896332918,0.561166463107346,0.574257328756641,0.565123638838525,0.552299791189751,0.552637879556607,0.574736885893766,NA,0.546753395189373,NA,0.583942793824845,0.563201913419369,NA,0.568694500686395,0.577429038935184,NA,0.562556122706638,0.574617240177951,0.570634728491461,0.564639994334961,NA,NA,0.572216206174052,0.578545757159657,0.57024742580803,0.583540291563817,0.58465741667633,0.568978376708228,0.557434078427507,0.562231450027789
0.553180842627869,0.562335864245084,NA,0.563725351203226,NA,0.569587044881814,0.576624564938326,NA,NA,0.564525189991402,0.570206130773915,0.56476153957566,0.557952673029669,0.575782420136585,0.564722981728191,NA,0.57662994812051,0.566384472301398,NA,0.564892869241817,0.561618086310331,0.556143477087401,NA,NA,0.568405867608556,NA,0.572820551100968,NA,0.565299397394246,NA
0.575330087954639,0.560267426166354,0.567958397498108,0.570722968093401,0.558620624454201,0.561279246083329,NA,NA,NA,0.560452248136688,0.559612747066999,0.560728942964955,NA,NA,0.576169078594718,NA,NA,0.575661757735026,0.570350974834996,0.563186876618428,NA,0.572883437313843,0.572328296124782,NA,0.56783661118922,0.559241986524011,0.555404907309159,NA,NA,0.564638038749116
0.568426353220575,0.560484016443469,0.574021847698439,NA,0.557317941601861,0.562814895878076,NA,NA,NA,0.576662130794751,0.583746283303603,0.565237839018585,0.579245185265723,NA,0.562226656322128,0.541573178497148,NA,0.574289884485929,0.568809339484432,0.564925557750501,0.559512059132575,0.531187314494762,0.571867899411382,NA,0.563175619030825,0.581552099185396,0.571559795266003,NA,0.564784993878122,0.574599226945177
0.561279541294246,0.561428071507345,0.570127128449576,NA,0.561211653221721,0.569805068172087,0.55606526956234,NA,0.569472256709384,NA,0.573363973569905,0.566774132874704,0.580613691706186,0.57633574833566,0.564902867821765,NA,NA,NA,0.570602924464182,0.565689676282567,NA,0.576208596516001,NA,0.581034684306909,0.566268085370888,NA,0.560689767066769,0.560213623107113,NA,0.563065051730171
0.576639268612533,0.580666104102174,0.570086332970175,0.573878210585661,NA,NA,0.555912298694618,NA,NA,NA,0.555895292151456,0.565006564615279,NA,0.56875976732518,0.574486894526182,0.565378855243527,NA,0.566659620229933,NA,0.565306862510104,0.561868398534246,0.57231351220948,0.574407138539928,0.580510944953427,0.566441051236389,NA,0.560501961077368,NA,0.559231195361597,NA
0.570237153403139,0.562800316221391,0.568921455928523,0.573891723880968,NA,NA,NA,NA,0.565291395700451,0.564737719532514,0.561676008845904,NA,0.58057282653156,0.576098076631379,0.564374977560789,0.565382507264652,NA,0.578929217573722,NA,0.567582183617054,NA,NA,NA,NA,0.571818430573644,0.584221349084609,0.557258598576046,NA,0.565539959209441,0.577609438382233
0.570109616999696,0.582802583629819,0.563212423556203,0.564121673309485,NA,NA,0.572882277531873,0.585935520738453,0.569352799745374,0.56499000259178,0.555935597996797,NA,NA,NA,0.564888547991543,0.597441627448063,NA,NA,0.570418299796246,0.567484263430105,NA,0.569085426642393,0.559433405526153,NA,0.57159971813891,0.560062178322955,0.557249882479643,0.559642289112694,0.565508815181272,0.562914759066093
0.553142178482679,0.58089154640505,0.562514004093794,NA,0.58780235663723,NA,0.571923654661181,NA,NA,0.566497447721328,0.555486657375975,NA,0.579815401580099,NA,0.573337398861366,0.563981318833193,0.576061995321086,NA,0.570607714381704,0.566427236882445,NA,0.567876627835672,0.55847062819287,0.57887226209532,0.571218648049098,0.559435854162175,0.556347468143578,NA,0.571638159736468,0.57292963292631
0.568149265965007,0.560570987153278,NA,0.5636587697641,NA,0.566885617880866,NA,NA,NA,NA,0.565912210614195,NA,NA,0.566774057049765,0.564858197954676,NA,0.569435941382026,NA,0.566236374992732,0.569269313841637,0.56104756379397,0.572492065810698,0.56640360159192,0.58331503391238,0.568147020362126,0.597711766899642,0.560135695217583,0.567459288189486,0.568109476601833,NA
0.557150140449091,0.588621717284529,0.569927278056335,0.565875983597206,NA,0.56965347329991,0.572690947711103,0.563567304945074,0.577261962203993,0.567029670301542,0.561351746711068,NA,0.558100147345407,0.573802561267769,0.564176460653786,NA,NA,0.578740048377973,0.569447019351836,0.565102560485568,NA,0.579433728911477,0.568443276682458,0.572606581948818,0.568486846365514,NA,0.572843784690271,0.571609454442523,0.56547597008731,0.562788919459842
0.568197514581522,0.560804995325067,0.56402479703643,0.57163067256519,NA,NA,NA,NA,NA,0.577684243320983,0.567360708848351,0.571599571654845,0.564831462512204,0.572129284334995,0.562433997618556,0.562607862164299,0.562689883635794,NA,0.569060087522581,0.569152995324708,NA,0.573130182427345,0.572102062947709,NA,0.570349203300348,0.589567886523893,0.558181045494663,NA,0.557229671002838,0.564678651510311
0.568357222504343,0.585137077945945,NA,NA,NA,NA,0.574724697087618,NA,0.566893803033319,0.560178428560426,0.55987219319432,NA,0.564212218586961,0.566733060608682,0.563051894238677,NA,NA,0.572765275347516,0.570232172133211,0.567185319397868,0.560224469125879,0.568524426450081,0.563453919498965,NA,NA,0.559459727197028,NA,NA,0.557498730774437,NA
0.556844935278354,0.670120355833797,0.551400828830211,0.562748198211295,NA,0.550239517243677,NA,0.557040358687958,NA,0.568694762913275,0.55776571450245,0.550608100309849,NA,NA,0.569800609882294,0.548986688399833,0.561123891793636,NA,0.558065566816545,0.560287675684341,NA,0.665713797907357,0.555609080953077,NA,0.56461530085997,NA,0.572454559469486,0.566399086090488,0.559505760820088,0.556036175118691
0.55658874703567,0.559866536913073,NA,0.570534254682076,NA,0.601359633148003,NA,0.561983950404335,0.567010185128531,0.560017435746952,0.58383688011204,NA,0.564065001459833,0.566553605567181,0.564593005498942,NA,NA,NA,0.565961684846882,0.568895705672787,0.560678379001135,0.568120546574604,0.563164711423734,NA,0.561584839583907,NA,0.555143570521255,0.565613213393025,NA,0.573890676576643
0.558825246954259,0.558661120604806,0.573766561729534,0.561776838310061,NA,0.565227556840838,NA,0.562806616521681,NA,0.563367025347418,0.563256708182747,NA,NA,0.552950199137057,0.560053540699611,0.559329552581336,0.571940766572866,0.571769984740045,0.567777683771669,0.562328647371593,NA,0.567736312505415,0.556623944839433,NA,NA,0.567176493373351,0.557186115558692,0.564027853711966,0.564873960630775,0.560498724509291
0.573601151437639,0.609543243151632,0.573757724174476,0.573998004858842,NA,NA,0.573086656915525,0.577071439452237,0.589357316257068,0.564756675684532,0.556137584191947,0.584183383370817,0.558837904227018,NA,0.564372226977846,NA,NA,NA,0.572119725178973,0.565463589255115,NA,0.568348783253757,0.568876265477608,NA,0.571842332380375,0.577382194516201,0.573090578522304,NA,0.559244254433754,NA
0.57558059848599,0.582930955947245,0.563543286383373,0.57417743802176,NA,0.567529585396627,NA,0.577285009328171,0.590879353121758,0.565016956915156,0.556160052006653,0.584611316760978,0.558669718849248,0.576460592128171,0.57493593960976,0.580784157538999,0.577344711872431,0.579306805100976,0.570171892706127,0.567979482481227,NA,0.569325199787783,0.574692176530644,NA,NA,0.586157532179928,0.587329647709383,NA,NA,0.578011955808454
0.561977007948675,0.55560977098025,0.569599177377471,NA,0.553330157621728,0.552559621581378,NA,0.571769771483726,0.551700076394975,0.564147710005498,0.551290226411762,0.553101933761254,0.556780394105141,NA,0.57188698447555,0.552317533724726,0.566823731383718,NA,NA,0.563047210923745,0.555478963451623,0.563781346655196,0.555744546220563,NA,0.566126221191966,0.553596769087951,0.546053186418028,NA,0.55187076208326,0.556686587110199
0.576279682480352,0.582410164323927,NA,NA,NA,0.565018877009991,0.572573101953217,0.589825448250565,NA,NA,0.583766612508477,0.564839207581872,NA,0.568534928443943,0.564059236309751,NA,NA,0.566242252704411,0.570310033399738,0.569391360852156,NA,0.575795774476571,0.569975622998473,NA,0.571499345491288,0.576839274336845,0.572771968162299,NA,0.572113052464525,0.577159679912164
0.574160846820868,NA,0.574193628675533,NA,0.653490208641399,NA,NA,0.564288969471185,NA,0.567551538775191,0.571016700674784,0.565179748474656,NA,NA,0.575167356076659,0.565969984562333,NA,NA,0.572518398813592,0.569955380032409,0.561925669959115,0.608541465996339,0.569507236828366,0.581808376253892,NA,NA,0.573205614812293,0.572405981577695,NA,0.57821544504531
0.575363186154334,NA,0.563635650717621,NA,NA,0.611635429753916,0.555791790015432,NA,0.600279744646083,NA,0.566386407085214,NA,0.580693097510984,0.574910932253998,0.571019445663863,NA,0.575010055176975,0.575759161409492,0.570374637354907,0.564669557020656,NA,0.573083123398097,NA,NA,NA,NA,0.559391571954941,NA,0.568527196622028,0.574320872150738
0.574971218823897,NA,NA,NA,NA,NA,0.572799779157009,0.57704688587837,NA,0.564543641573748,0.583781582622484,NA,0.580315923327263,NA,0.564686925699784,0.541874471150138,0.56291649983786,0.578826598250766,0.570402389380475,0.572689592278299,0.561577818345656,0.542753295677544,NA,0.568159009184743,0.566158203282556,0.577092063763859,NA,NA,0.559024092103355,0.57730271608266
0.576069949120374,0.582235285648739,0.568359296841117,0.57353961221132,NA,0.569368323477564,0.57663960194631,0.585703417143085,NA,0.564308203118796,0.573090146895994,0.564730741268278,NA,0.558006453420993,0.563910854980874,0.564761537097094,NA,NA,0.570927776085043,0.572525202627229,NA,NA,0.573989211316698,0.566323423630671,0.568330992475623,0.575918771492238,0.586449815646773,0.571935378796146,NA,0.5626065751118
0.569734397341798,0.561189773881502,0.573547819084523,0.565416077864315,0.557757994267073,0.622368241454646,NA,0.56355220234052,0.651923701470559,0.57888835916213,0.571537262783947,0.583630289503636,0.580409873386552,0.576125647349587,0.563603592360195,NA,NA,0.574764039777575,0.569565962671397,0.571747783221399,NA,NA,0.559003249547976,0.578920779609192,0.571026675607262,NA,NA,0.571011626103171,0.565757647130558,0.576982947773303
0.573916714372238,0.582201740073324,NA,NA,NA,NA,0.577064314198289,0.586666581342159,NA,0.564981434737551,0.584146543381298,NA,0.569108104776247,0.568881319651503,0.578012853000537,NA,0.577246795111672,0.575324383425163,0.570026770595604,0.565729624075274,NA,0.576246475956187,NA,NA,NA,0.58480654237646,0.587196564238383,NA,0.572801179423552,0.563127824690901
0.57364377156811,0.58263292683188,NA,0.565788897900505,NA,0.565120123007311,0.572686156407289,0.581788630371707,0.569241733225383,0.564574153159601,0.573225271618124,NA,NA,0.573843547440809,0.577619468898223,0.554957869433295,NA,0.566399012984691,0.571210487777348,0.572647803830128,NA,0.568592805164933,0.570065441409118,NA,0.57134619088033,0.577119834048697,0.58671785788881,NA,0.572336155666075,0.577560316569219
0.576835276358725,0.561365299751154,0.563263596902183,0.564118296815411,0.560511163549662,0.570150285287205,0.577037021740186,0.577261683566166,0.569382926336919,NA,0.556007275741834,0.563405483997916,NA,0.55848987789941,0.564951953660197,0.56557840105273,0.577156697487841,0.575329995265097,0.569938839084492,0.567692453937204,0.561564739390938,0.560404252600551,NA,0.574340124187059,NA,0.560143313907459,NA,0.558069275781535,0.573052405832022,0.563062314575848
0.508590981509434,0.502014702247863,0.564337297426871,0.557218676393256,0.510390504380802,0.545341444349359,NA,NA,NA,0.560083077219155,0.546218291789106,NA,0.571597804917253,0.542233476493639,0.54572836027942,NA,0.554998455803112,0.560977268196513,0.563029568553002,0.54806177422144,NA,0.555443343564432,0.558041719531722,NA,NA,0.548966013397587,0.542067326311581,NA,0.559733595123012,0.549593351377809
0.568923404177496,0.581194969769029,0.562193315108305,0.562717732209551,NA,0.568629647938137,NA,0.585388713525103,NA,NA,0.5548700044409,NA,0.567797412831244,0.574734298927298,0.576370887677917,0.532284559020197,NA,0.578104062008371,0.568408554292645,0.571643735272563,0.560140942932215,0.567242372167381,0.568324245555232,NA,0.570012508275341,NA,0.556271414421778,NA,0.57137718335932,0.575835072883075
0.57504340208743,0.582494991451656,0.562862902017505,NA,NA,0.553874735217194,0.572820629531215,0.584137018837342,0.565072720296885,0.578091178631005,0.570156323567607,0.584230893293261,NA,NA,0.564746640289081,0.549888076573728,NA,0.575160213549776,0.57022195746452,0.567457874477137,NA,0.575806246795666,0.574167379822781,0.579740122343747,0.56835460740021,0.577182368328881,0.556936243430312,0.571912208079316,0.565249723307145,0.568710398972198
0.560606877388969,NA,0.554571306893828,NA,0.448575732316968,NA,NA,0.570365368876154,0.564653034441033,NA,0.559200123562606,0.52571448051143,0.543640710428844,0.562530125799141,0.552908311242196,NA,0.567319473747367,0.56921381124106,0.557988993417444,0.562757622821822,0.553962524722289,0.56294746150305,0.549667463370163,NA,0.562782346064469,0.528304507653272,0.574200410046103,NA,0.556715797971167,0.557258672032826
0.56858317832605,NA,0.555296369396331,0.556539282781183,0.501590233629138,NA,0.568918764432525,0.527420392370325,0.497152682582538,0.567023600869388,0.552134967294906,NA,NA,0.54844368001042,0.551166543352835,NA,0.565785112645212,NA,0.557760378961776,0.562312278296,NA,0.561426633100273,0.551348595223156,NA,0.563052059770427,0.52505815729308,0.548867053077802,NA,NA,0.549850816770013
0.481945115394451,0.550020045312036,0.566850162458769,0.55209250779454,NA,NA,NA,NA,0.548713782182942,0.558908685815419,0.55484270013689,0.549477964809038,0.555662836756134,0.565341589740594,0.55616901768938,NA,NA,0.56779461149687,0.565491499559087,0.560790955415351,NA,0.562274745196354,NA,NA,NA,NA,0.573008369505722,NA,0.550567199801787,0.561972315086075
0.565045106914043,0.5512674432295,0.554372878564159,NA,NA,0.554400724221945,0.558014904237002,0.551776473761795,0.561519515804952,NA,0.553340342714808,NA,NA,0.55929198990512,0.543826986380916,0.551565754883554,0.554504215467823,0.563861566118979,0.548965205820955,0.55853306580943,0.550110720910315,0.559626682583294,0.551765960136451,NA,0.558904489167808,NA,0.562083643717847,NA,0.552346184026951,0.558108876951805
0.570181649491913,0.582837333478355,0.5736267996567,0.564105494759312,NA,0.565503859255404,NA,NA,NA,0.564867487035083,0.556052920848657,NA,NA,0.558344990133161,0.56490764029249,0.564926592424653,NA,0.579179522451,0.57052843027362,0.570368037878175,0.561742055465169,0.572797601257732,0.568968312667733,NA,0.568630544904621,NA,0.587029840813153,0.55869161581823,NA,0.57786832214361
0.573929652757867,0.582807390145767,0.57019188514837,0.564036396486289,NA,NA,0.573071994103782,NA,0.559157080010916,0.567279479371313,0.57378198199928,0.584502581371746,0.580670666732872,0.574162205215368,0.564518359436319,NA,NA,0.566806709893962,0.569942460209178,0.569556467337856,0.56151867405378,NA,0.570351987073866,0.573170009503807,0.571617598868315,0.577533105799425,NA,0.57205365136681,0.572692379245511,0.577834502632172
0.57668181611009,0.549778430585126,0.569073214473412,0.563965477549365,NA,0.570011581575837,0.57297571616611,NA,0.565381992585075,0.567249711492695,0.573702770624722,NA,NA,0.574143724359908,0.564672650775333,0.56551655412008,0.577052660803184,0.579191261043463,0.571755525459268,0.570333609256432,0.561491365216927,NA,0.568978096520895,0.580450520432879,0.57162583270433,0.581827474924078,0.587011815201829,NA,0.57287887555633,0.577804701282191
0.565949748839013,NA,0.555822685487574,NA,0.551847742187155,0.553703618966458,0.565069766632891,0.556314872636116,0.563991389600572,0.567762924569376,0.550107072235914,0.554707925704772,0.558889987934801,NA,0.56017813122611,NA,NA,NA,0.560166977241941,0.557117877935018,NA,0.467603195554385,NA,NA,0.554516538047616,0.528226442760305,0.5495518247712,0.506857109397395,0.552267855511865,0.564309138398812
0.574813167389572,NA,0.569675802023815,0.565479550412208,NA,0.563684976563786,NA,0.585232464917791,NA,0.566822873799114,0.569813562819345,0.564722550428355,0.568447104227946,0.573666691504053,0.564537854593612,0.564754153540079,0.574110023886653,0.574907532412958,0.57009787490396,0.567272118348791,0.561416961296678,0.567951574190783,0.569795565208738,NA,0.565994977407846,NA,0.556518441480087,0.571968240361517,0.572032202457702,NA
0.566204539902517,NA,0.558416641914527,0.567529253239632,0.555023038593087,0.564615883431995,NA,0.573970171634561,0.570322426163926,0.562660070018798,0.55535625721544,0.549369274377188,NA,0.552425768998507,0.574563982628397,0.565900790365754,NA,NA,0.56489317770457,0.566373871148952,NA,0.564879325589761,0.563820124011555,NA,NA,0.568212655157214,0.569442239101272,0.563661619376613,0.568389733607578,0.568021479992867
0.574648979618398,0.560617624319336,0.567394649190407,NA,NA,NA,0.57470873620664,0.570868059384419,0.586533384572833,0.563172410471914,0.559464775319186,NA,0.579361256407215,0.573143170987254,0.570052389490395,NA,0.573793812567407,NA,0.566858554036087,0.569447189264301,0.559523454000342,0.566953096985593,0.55863205996853,0.564726021512804,NA,0.573164455139079,0.556200754755556,0.56828116952034,NA,NA
0.576694529647851,0.582758067227447,0.570270250046221,0.566353427990113,0.57785482797995,0.584499658985491,NA,NA,NA,0.564952258413085,0.570497634417549,0.565905640218876,0.580689832707745,0.576283835041923,0.564992256512886,0.56549626899619,NA,NA,0.570315585971959,0.565614663591817,NA,0.56832639052258,0.569044909536331,0.574539534337874,NA,0.560193308193469,0.587156015616387,0.55986784612151,0.565726478043226,0.569088542565726
0.575168333934639,0.561227098179077,0.573269292027314,0.563819510139689,0.557176288071538,NA,0.57683918690789,NA,0.556641006940296,0.578365580602496,0.570451127092086,0.558959184477414,0.557779094730078,0.558194126557919,0.577724898870575,NA,NA,0.579100102852302,NA,0.565124507478373,NA,0.568156186723603,0.568702881277647,NA,0.571801239071434,NA,NA,0.554160770248746,0.572487108592547,0.573785086495369
0.575669522950459,0.582836700710504,0.570273247603486,0.566570809672111,0.623385021404668,NA,NA,NA,0.565751586988857,0.565174056094289,0.573966322145852,NA,NA,0.576534800690499,0.564779169697351,0.565799359333313,NA,0.579239044784846,0.572404677374067,0.568179502631138,NA,0.568329260490745,NA,0.58138632389549,NA,NA,0.58735394607621,0.572425705495268,0.565987878959951,0.569444262225819
0.576094781259526,NA,0.573370323200843,0.573429843119748,NA,NA,0.576674794296247,NA,0.569111700532346,0.564721162854718,0.572859605020043,0.584018636490799,0.568484573826529,0.573798319027688,0.577605192114018,0.56437177847462,0.574183621558444,0.566496671851045,0.569903738919697,0.567131535854621,NA,0.568665896017956,0.573998433791865,0.579548237920755,0.565783594032169,0.576679700612296,NA,0.571503501987649,NA,0.562456960347312
0.56270912407716,0.561491989875196,NA,NA,NA,NA,0.556130640017138,0.577317529849512,0.569484306151123,0.565038481975885,0.556156037488463,NA,NA,0.574271515605653,0.565054390511937,0.565032121999343,NA,0.575487653894192,0.572155247785149,0.569765324205902,0.561983185420806,NA,0.559667631424163,0.581157486534684,0.568687893298051,0.586823565425325,NA,0.572189561324253,NA,0.563273709803615
0.575585645153233,NA,0.563621018307149,0.566583729352767,NA,NA,0.556094263862884,0.577297941720713,0.56576517258501,0.579388091050905,0.55616672187535,NA,NA,0.57646352545575,0.578103578366987,NA,NA,NA,0.570992662919923,0.569784712798348,NA,0.569410657766292,NA,NA,NA,0.586938067959425,0.557609580010514,NA,0.565862903352153,0.563600692335418
0.576543235082654,0.559369843759075,0.563021047077159,0.5638725752489,NA,NA,0.555888162117087,0.577082446773043,0.565168921856834,0.564681340362849,0.573346207659906,0.560702569516694,NA,0.568657660233095,0.5647793909042,0.564630156606031,NA,0.579054048836959,0.570337773725049,0.565159818025445,0.561628921584593,0.568175877987601,NA,0.580082520483374,NA,NA,0.586864735365008,NA,0.572635263555741,0.573752593141452
0.57383049196092,0.562967164393959,0.563771631879194,NA,NA,NA,0.577148927947845,0.592187620760152,0.625992528177905,0.567426474046967,0.570664353780981,0.565260443611414,0.569138948248755,0.558619740592542,0.578155932802357,0.607855474071837,NA,0.567082246222331,NA,0.570586482728628,0.561691335686304,0.599138623597792,0.559767043413052,0.581315344915288,NA,0.560411684734531,0.587220791616548,0.572203724685827,0.572866542152684,0.569091660687459
0.568472561190285,0.56171113801459,0.56250840432259,0.562165068177932,NA,NA,NA,NA,NA,0.563720974226568,0.568185965748224,0.581262795603806,0.579406441765653,0.567750974737582,0.56333337705643,NA,NA,0.577305693320694,0.568812558866668,0.569996730702845,0.559389521120066,0.572457041661915,0.558677574792208,NA,0.566971108151122,NA,0.583987940362478,NA,0.557857112282013,0.574588413755485
0.576413226237485,0.582402673324054,0.568859208208483,0.563737971695971,NA,0.56523874608399,NA,0.5861334112537,NA,0.564483301251639,0.561317592843554,NA,0.557823071866398,0.568738572837267,0.577641162283071,0.573029871852042,NA,NA,0.570245297974528,0.572431977745174,NA,0.575878479266768,0.570002515960057,NA,0.571127084129322,0.577082833006484,0.572671016617356,NA,NA,0.568855400276766
0.563180619481155,0.561588180939224,0.563673907363308,0.564306577617391,NA,NA,NA,NA,0.56958052060097,0.565170146823211,0.57407809385844,0.584704279763094,0.580949615495699,0.558681886398644,0.565483988101214,0.565827741017546,0.56322131405237,NA,0.570316325359553,0.570675808770433,0.561810437077246,0.576547893682025,0.569445136625439,NA,0.56878191896893,NA,0.557680261196326,0.572323874031497,0.559377310134478,NA
0.573384741321688,0.561447343477507,0.568553440742007,0.564133121752142,NA,0.565454320221943,NA,NA,0.569280991227825,NA,0.570238764699965,0.568346442449651,0.580720319202511,0.576201478671395,0.574273747188871,0.565320981528958,0.563218960409218,0.566999233818392,NA,0.572226623053534,0.561491143904777,NA,0.57434185283511,NA,0.568607457025263,0.577168706199073,0.572989570159631,NA,0.572719989956093,NA
0.572136886539346,NA,NA,NA,0.55533317723416,0.556602271231076,0.552011727048859,0.569357616333468,NA,0.559965988982912,0.553995355393603,0.574724224071542,0.550924933256263,0.569845349567431,0.554515303029906,NA,0.563350247692679,0.569699616228928,0.566583411860971,0.565745493901904,0.555094526952545,0.563911968937584,0.558658075065219,NA,0.564710280114118,NA,0.575500895726353,NA,0.56146614090889,0.564792121573902
0.551754813757901,0.54781272371091,0.560840148103851,0.55014635130639,NA,NA,NA,0.561107391461295,0.55748724603404,0.549638357611594,0.573638155737946,0.503869570017983,0.566897327294307,0.555260888421029,0.561162552256765,NA,NA,0.555466316674679,0.545649891619944,0.556176325279841,NA,0.552478670363933,0.541166669319983,NA,0.555945512569461,0.470244336782505,0.53998912894121,NA,0.55565425828638,NA
0.575484817489153,0.582822467821922,0.570127571929972,0.564159680858987,NA,NA,0.572983368713457,0.585633021499004,0.569348914637415,NA,0.584108591465117,NA,0.558541921161027,0.576310145425743,0.565102550420166,0.565503394246667,NA,NA,0.57210233377238,0.565694403011375,NA,0.56830816413143,NA,0.574537648618061,0.566509874875822,0.560150638627839,0.58714774101097,NA,0.573014541871775,NA
0.570647598371255,NA,0.570548304920703,NA,0.557753535685605,0.570369532900332,0.556293889343781,0.577508056517463,0.625434095454775,0.567652729209671,0.556452715731066,0.565301916352561,0.58102086837412,NA,0.565181502961199,NA,NA,NA,NA,0.570856076422611,0.562008995271157,0.569673560868889,0.569680935769263,0.579061030895319,0.571999500299169,0.588971605297998,0.561515060825593,0.565407290450414,0.566110780757498,NA
0.577277714535277,0.615708635805805,0.569825871146524,NA,NA,0.588312343091926,0.577483512990064,NA,0.565966482565697,0.565429932163336,0.571172294377082,0.584894466625327,0.559160873489131,0.574323739341284,0.565048438961021,0.606412266740925,NA,0.567274003561564,NA,0.572833999434371,NA,0.607597950870687,NA,NA,0.572390259103195,NA,0.573285743618481,0.572606552559805,0.573080834752031,0.563727640327694
0.575601940421404,NA,0.570434998307974,NA,NA,NA,0.556149096327139,NA,0.601364893214342,0.565108485010769,0.556221905792683,0.566638959321314,0.558759851307557,0.574250409703652,0.575096967707995,0.592514478803617,0.563247385329902,0.575576242490388,0.570552621156676,0.567998054492367,NA,0.579608236542739,0.574722844338874,0.581235349472468,0.568724821101531,0.587471398147758,0.587374345747317,0.561663113353363,NA,NA
0.567669255143659,0.594995751793304,0.561794654200886,NA,0.576664781332235,0.566904314583294,NA,NA,NA,0.575792080483017,0.554433434896766,0.58053689432253,NA,0.573544528714276,0.562007630012428,0.56212335309363,0.57132821254124,NA,NA,0.561915904894139,NA,0.567132752357209,0.565946031617134,NA,0.566537236758298,0.557972328959425,0.555372486655495,NA,0.569854048177442,0.573624343684202
0.554045616984536,0.549669860767199,0.546860672876824,0.554148071135261,NA,0.550853771975332,0.555170187181977,0.549296583695793,0.341995716052172,NA,0.54930546104929,0.511268561275965,0.548439435055984,0.557259320896719,0.543658197889284,0.345645770507873,0.552949901529396,0.55822453767721,0.544961883446065,0.558548115504056,0.547955303863307,0.554450961251835,0.548045471792367,NA,0.556744992979727,NA,0.536132474838539,NA,0.549471365491183,0.554306254976368
0.562048307910341,NA,NA,NA,NA,NA,0.550698964528225,NA,0.556430688271048,0.555834952341378,0.578571650349177,0.540465542137599,NA,0.550890676667978,0.570771928147819,0.557742318506116,NA,0.569198641868512,0.562754633281897,0.556903569507067,NA,0.565917565932887,NA,0.566592383181419,0.565623609285867,NA,0.567011398379149,NA,0.566084625624479,0.566383348253003
0.563536172334576,0.448387818483895,0.547250735718429,0.54433795181238,NA,NA,0.553626598510347,NA,0.461368767650741,0.554153167306138,0.57382931227393,NA,NA,0.557138807223168,0.538912979337117,0.539682574225223,0.554176593701342,0.558367665640388,0.5471667495163,0.543524030389097,NA,0.5581956323235,0.543923830346839,NA,NA,0.497099506095677,NA,NA,0.550262551535221,NA
0.570155414183814,0.551752906402891,0.57347137590443,NA,0.51758875347623,0.56551754663423,NA,NA,NA,NA,0.570543115056102,NA,NA,0.574007613826363,0.564552769244667,NA,NA,NA,0.569963259149783,0.567680163583397,NA,0.568178207617815,0.559499067561619,NA,NA,NA,NA,NA,0.572925409400235,0.562987719334579
