0.5,0.5,0.416666666666667,0.416666666666667,0.479166666666667,0.479166666666667,0.458333333333333,0.375,0.333333333333333,0.354166666666667,0.479166666666667,0.229166666666667,0.395833333333333,0.5625,0.479166666666667,0.354166666666667,0.458333333333333,0.375,0.354166666666667,0.479166666666667,0.3125,0.125,0.395833333333333,0.208333333333333,0.3125,0.375,0.604166666666667,1,0.4375,0.416666666666667,0.645833333333333,0.520833333333333,0.5,0.333333333333333,0.5,0.520833333333333,0.541666666666667,0.395833333333333,0.395833333333333,0.375,0.395833333333333,0.416666666666667,0.520833333333333,0.354166666666667,0.458333333333333,0.5625,0.625
0.583333333333333,0.5625,0.5625,0.5625,0.479166666666667,0.520833333333333,0.479166666666667,0.375,0.4375,0.4375,0.3125,0.229166666666667,0.333333333333333,0.5,0.458333333333333,0.354166666666667,0.520833333333333,0.416666666666667,0.520833333333333,0.5625,0.520833333333333,0.354166666666667,0.291666666666667,0.333333333333333,0.25,0.333333333333333,0.125,1,0.395833333333333,0.416666666666667,0.645833333333333,0.5625,0.375,0.4375,0.5,0.416666666666667,0.458333333333333,0.416666666666667,0.375,0.354166666666667,0.5,0.395833333333333,0.541666666666667,0.395833333333333,0.520833333333333,0.625,0.625
0.625,0.666666666666667,0.645833333333333,0.645833333333333,0.479166666666667,0.541666666666667,0.541666666666667,0.333333333333333,0.291666666666667,0.354166666666667,0.3125,0.104166666666667,0.3125,0.625,0.5625,0.104166666666667,0.520833333333333,0.479166666666667,0.333333333333333,0.541666666666667,0.3125,0.104166666666667,0.3125,0.270833333333333,0.3125,0.3125,0.604166666666667,1,0.458333333333333,0.4375,0.625,0.520833333333333,0.3125,0.291666666666667,0.416666666666667,0.416666666666667,0.458333333333333,0.395833333333333,0.333333333333333,0.270833333333333,0.4375,0.291666666666667,0.541666666666667,0.354166666666667,0.3125,0.6875,0.625
0.604166666666667,0.583333333333333,0.541666666666667,0.5625,0.458333333333333,0.5,0.5,0.25,0.208333333333333,0.25,0.416666666666667,0.229166666666667,0.291666666666667,0.520833333333333,0.479166666666667,0.5,0.458333333333333,0.416666666666667,0.520833333333333,0.5625,0.395833333333333,0.125,0.4375,0.354166666666667,0.3125,0.375,0.604166666666667,1,0.395833333333333,0.416666666666667,0.604166666666667,0.541666666666667,0.3125,0.1875,0.541666666666667,0.5,0.4375,0.479166666666667,0.4375,0.395833333333333,0.479166666666667,0.333333333333333,0.541666666666667,0.375,0.541666666666667,0.645833333333333,0.604166666666667
0.625,0.604166666666667,0.583333333333333,0.583333333333333,0.4375,0.458333333333333,0.479166666666667,0.375,0.333333333333333,0.333333333333333,0.270833333333333,0.166666666666667,0.291666666666667,0.5625,0.458333333333333,0.416666666666667,0.520833333333333,0.5,0.583333333333333,0.604166666666667,0.395833333333333,0.166666666666667,0.395833333333333,0.354166666666667,0.291666666666667,0.333333333333333,0.458333333333333,1,0.375,0.416666666666667,0.666666666666667,0.520833333333333,0.458333333333333,0.333333333333333,0.458333333333333,0.4375,0.479166666666667,0.4375,0.479166666666667,0.354166666666667,0.416666666666667,0.3125,0.4375,0.395833333333333,0.416666666666667,0.645833333333333,0.625
0.666666666666667,0.625,0.583333333333333,0.604166666666667,0.479166666666667,0.604166666666667,0.5625,0.375,0.4375,0.3125,0.375,0.395833333333333,0.416666666666667,0.604166666666667,0.4375,0.291666666666667,0.520833333333333,0.416666666666667,0.541666666666667,0.541666666666667,0.5,0.354166666666667,0.4375,0.416666666666667,0.25,0.333333333333333,0.5625,1,0.458333333333333,0.395833333333333,0.625,0.5625,0.375,0.4375,0.4375,0.416666666666667,0.458333333333333,0.354166666666667,0.354166666666667,0.375,0.395833333333333,0.416666666666667,0.458333333333333,0.458333333333333,0.5625,0.625,0.625
0.645833333333333,0.583333333333333,0.604166666666667,0.604166666666667,0.458333333333333,0.520833333333333,0.5,0.3125,0.395833333333333,0.395833333333333,0.333333333333333,0.3125,0.291666666666667,0.583333333333333,0.520833333333333,0.270833333333333,0.541666666666667,0.479166666666667,0.5625,0.583333333333333,0.4375,0.333333333333333,0.458333333333333,0.375,0.291666666666667,0.333333333333333,0.541666666666667,1,0.458333333333333,0.375,0.645833333333333,0.541666666666667,0.458333333333333,0.395833333333333,0.5,0.5,0.458333333333333,0.375,0.458333333333333,0.395833333333333,0.333333333333333,0.458333333333333,0.458333333333333,0.479166666666667,0.479166666666667,0.666666666666667,0.645833333333333
0.5,0.5,0.479166666666667,0.479166666666667,0.458333333333333,0.479166666666667,0.479166666666667,0.416666666666667,0.354166666666667,0.354166666666667,0.416666666666667,0.229166666666667,0.416666666666667,0.5,0.458333333333333,0.479166666666667,0.5,0.520833333333333,0.5,0.520833333333333,0.125,0.104166666666667,0.395833333333333,0.333333333333333,0.291666666666667,0.333333333333333,0.520833333333333,1,0.416666666666667,0.333333333333333,0.625,0.458333333333333,0.1875,0.333333333333333,0.458333333333333,0.4375,0.375,0.479166666666667,0.375,0.208333333333333,0.375,0.395833333333333,0.416666666666667,0.5,0.479166666666667,0.5625,0.666666666666667
0.645833333333333,0.583333333333333,0.729166666666667,0.6875,0.541666666666667,0.5625,0.520833333333333,0.4375,0.5,0.5,0.333333333333333,0.145833333333333,0.375,0.5625,0.4375,0.270833333333333,0.5625,0.4375,0.625,0.625,0.479166666666667,0.104166666666667,0.270833333333333,0.25,0.270833333333333,0.3125,0.541666666666667,1,0.5,0.4375,0.666666666666667,0.520833333333333,0.229166666666667,0.5,0.479166666666667,0.416666666666667,0.458333333333333,0.375,0.4375,0.333333333333333,0.4375,0.354166666666667,0.4375,0.458333333333333,0.4375,0.645833333333333,0.666666666666667
0.645833333333333,0.625,0.583333333333333,0.5625,0.541666666666667,0.583333333333333,0.5625,0.354166666666667,0.416666666666667,0.354166666666667,0.5,0.1875,0.354166666666667,0.604166666666667,0.5,0.333333333333333,0.520833333333333,0.4375,0.5625,0.541666666666667,0.395833333333333,0.229166666666667,0.458333333333333,0.3125,0.3125,0.416666666666667,0.541666666666667,1,0.5,0.458333333333333,0.604166666666667,0.520833333333333,0.145833333333333,0.416666666666667,0.479166666666667,0.5,0.458333333333333,0.270833333333333,0.3125,0.25,0.541666666666667,0.333333333333333,0.5,0.520833333333333,0.3125,0.583333333333333,0.645833333333333
0.645833333333333,0.583333333333333,0.625,0.625,0.458333333333333,0.5,0.520833333333333,0.416666666666667,0.479166666666667,0.4375,0.4375,0.145833333333333,0.25,0.520833333333333,0.25,0.395833333333333,0.5625,0.5,0.479166666666667,0.583333333333333,0.395833333333333,0.229166666666667,0.4375,0.25,0.291666666666667,0.291666666666667,0.166666666666667,1,0.395833333333333,0.458333333333333,0.625,0.520833333333333,0.375,0.479166666666667,0.458333333333333,0.416666666666667,0.395833333333333,0.395833333333333,0.354166666666667,0.270833333333333,0.4375,0.395833333333333,0.4375,0.5,0.479166666666667,0.645833333333333,0.666666666666667
0.479166666666667,0.458333333333333,0.416666666666667,0.416666666666667,0.479166666666667,0.458333333333333,0.479166666666667,0.416666666666667,0.291666666666667,0.3125,0.541666666666667,0.333333333333333,0.291666666666667,0.5,0.4375,0.416666666666667,0.520833333333333,0.4375,0.5625,0.625,0.375,0.333333333333333,0.4375,0.291666666666667,0.3125,0.3125,0.5,1,0.479166666666667,0.416666666666667,0.583333333333333,0.458333333333333,0.4375,0.3125,0.416666666666667,0.416666666666667,0.5,0.4375,0.3125,0.375,0.3125,0.354166666666667,0.5,0.395833333333333,0.4375,0.666666666666667,0.666666666666667
0.541666666666667,0.520833333333333,0.5,0.5,0.395833333333333,0.5,0.5,0.291666666666667,0.291666666666667,0.333333333333333,0.333333333333333,0.354166666666667,0.25,0.520833333333333,0.458333333333333,0.333333333333333,0.479166666666667,0.4375,0.5,0.5,0.375,0.395833333333333,0.458333333333333,0.291666666666667,0.3125,0.333333333333333,0.520833333333333,1,0.458333333333333,0.4375,0.604166666666667,0.541666666666667,0.333333333333333,0.3125,0.4375,0.5,0.458333333333333,0.4375,0.4375,0.354166666666667,0.333333333333333,0.416666666666667,0.458333333333333,0.395833333333333,0.395833333333333,0.604166666666667,0.6875
0.666666666666667,0.666666666666667,0.604166666666667,0.625,0.541666666666667,0.604166666666667,0.583333333333333,0.458333333333333,0.375,0.416666666666667,0.395833333333333,0.3125,0.291666666666667,0.604166666666667,0.520833333333333,0.333333333333333,0.479166666666667,0.479166666666667,0.4375,0.520833333333333,0.354166666666667,0.270833333333333,0.416666666666667,0.291666666666667,0.3125,0.3125,0.645833333333333,1,0.520833333333333,0.416666666666667,0.645833333333333,0.5,0.4375,0.395833333333333,0.5,0.4375,0.479166666666667,0.416666666666667,0.458333333333333,0.354166666666667,0.458333333333333,0.354166666666667,0.4375,0.395833333333333,0.458333333333333,0.666666666666667,0.708333333333333
0.5,0.5,0.458333333333333,0.4375,0.395833333333333,0.4375,0.4375,0.3125,0.270833333333333,0.3125,0.395833333333333,0.3125,0.291666666666667,0.5625,0.458333333333333,0.416666666666667,0.416666666666667,0.520833333333333,0.395833333333333,0.4375,0.4375,0.166666666666667,0.333333333333333,0.333333333333333,0.416666666666667,0.333333333333333,0.520833333333333,1,0.395833333333333,0.458333333333333,0.625,0.520833333333333,0.4375,0.270833333333333,0.354166666666667,0.479166666666667,0.416666666666667,0.4375,0.4375,0.395833333333333,0.458333333333333,0.375,0.520833333333333,0.5,0.479166666666667,0.5625,0.625
0.625,0.666666666666667,0.645833333333333,0.645833333333333,0.458333333333333,0.541666666666667,0.541666666666667,0.375,0.375,0.416666666666667,0.395833333333333,0.125,0.291666666666667,0.520833333333333,0.458333333333333,0.166666666666667,0.541666666666667,0.479166666666667,0.5,0.541666666666667,0.4375,0.145833333333333,0.4375,0.208333333333333,0.291666666666667,0.3125,0.0416666666666667,1,0.416666666666667,0.416666666666667,0.5625,0.479166666666667,0.333333333333333,0.375,0.520833333333333,0.416666666666667,0.4375,0.354166666666667,0.354166666666667,0.291666666666667,0.416666666666667,0.3125,0.4375,0.354166666666667,0.291666666666667,0.604166666666667,0.625
0.583333333333333,0.5625,0.395833333333333,0.395833333333333,0.458333333333333,0.5,0.479166666666667,0.25,0.3125,0.3125,0.375,0.270833333333333,0.270833333333333,0.541666666666667,0.458333333333333,0.270833333333333,0.354166666666667,0.416666666666667,0.354166666666667,0.375,0.291666666666667,0.0833333333333333,0.333333333333333,0.25,0.229166666666667,0.333333333333333,0.604166666666667,1,0.4375,0.479166666666667,0.5625,0.520833333333333,0.375,0.291666666666667,0.333333333333333,0.4375,0.520833333333333,0.416666666666667,0.375,0.4375,0.416666666666667,0.416666666666667,0.479166666666667,0.479166666666667,0.416666666666667,0.604166666666667,0.666666666666667
0.604166666666667,0.583333333333333,0.5625,0.5625,0.5,0.520833333333333,0.520833333333333,0.3125,0.395833333333333,0.354166666666667,0.375,0.104166666666667,0.291666666666667,0.5625,0.479166666666667,0.395833333333333,0.5625,0.416666666666667,0.5,0.583333333333333,0.4375,0.416666666666667,0.4375,0.25,0.270833333333333,0.354166666666667,0.645833333333333,1,0.458333333333333,0.458333333333333,0.625,0.479166666666667,0.5,0.375,0.5,0.395833333333333,0.416666666666667,0.395833333333333,0.4375,0.3125,0.395833333333333,0.375,0.395833333333333,0.3125,0.333333333333333,0.583333333333333,0.6875
0.416666666666667,0.416666666666667,0.5625,0.5625,0.5,0.5,0.5,0.458333333333333,0.458333333333333,0.395833333333333,0.333333333333333,0.375,0.229166666666667,0.5,0.416666666666667,0.4375,0.541666666666667,0.5,0.4375,0.5625,0.270833333333333,0.291666666666667,0.458333333333333,0.291666666666667,0.3125,0.354166666666667,0.583333333333333,1,0.395833333333333,0.229166666666667,0.604166666666667,0.520833333333333,0.416666666666667,0.458333333333333,0.5,0.375,0.479166666666667,0.416666666666667,0.145833333333333,0.354166666666667,0.4375,0.375,0.458333333333333,0.333333333333333,0.291666666666667,0.5,0.645833333333333
0.604166666666667,0.541666666666667,0.625,0.625,0.458333333333333,0.583333333333333,0.520833333333333,0.229166666666667,0.270833333333333,0.333333333333333,0.375,0.395833333333333,0.3125,0.5625,0.458333333333333,0.4375,0.5625,0.416666666666667,0.583333333333333,0.583333333333333,0.4375,0.229166666666667,0.3125,0.333333333333333,0.270833333333333,0.375,0.604166666666667,1,0.416666666666667,0.4375,0.645833333333333,0.520833333333333,0.395833333333333,0.270833333333333,0.5625,0.5,0.375,0.416666666666667,0.395833333333333,0.229166666666667,0.375,0.333333333333333,0.479166666666667,0.541666666666667,0.479166666666667,0.645833333333333,0.666666666666667
0.645833333333333,0.625,0.583333333333333,0.583333333333333,0.479166666666667,0.604166666666667,0.583333333333333,0.416666666666667,0.354166666666667,0.354166666666667,0.3125,0.354166666666667,0.3125,0.5625,0.5,0.333333333333333,0.479166666666667,0.375,0.458333333333333,0.5,0.3125,0.416666666666667,0.4375,0.333333333333333,0.333333333333333,0.395833333333333,0.583333333333333,1,0.479166666666667,0.4375,0.583333333333333,0.5,0.375,0.375,0.458333333333333,0.458333333333333,0.4375,0.479166666666667,0.458333333333333,0.375,0.4375,0.3125,0.458333333333333,0.395833333333333,0.395833333333333,0.625,0.666666666666667
0.625,0.5625,0.625,0.625,0.458333333333333,0.5625,0.520833333333333,0.229166666666667,0.291666666666667,0.3125,0.375,0.354166666666667,0.416666666666667,0.541666666666667,0.416666666666667,0.3125,0.520833333333333,0.3125,0.416666666666667,0.5625,0.458333333333333,0.5,0.4375,0.166666666666667,0.458333333333333,0.416666666666667,0.520833333333333,1,0.4375,0.4375,0.5625,0.520833333333333,0.4375,0.291666666666667,0.479166666666667,0.458333333333333,0.458333333333333,0.458333333333333,0.4375,0.354166666666667,0.395833333333333,0.395833333333333,0.458333333333333,0.541666666666667,0.4375,0.625,0.6875
0.645833333333333,0.625,0.666666666666667,0.666666666666667,0.479166666666667,0.541666666666667,0.541666666666667,0.375,0.4375,0.4375,0.375,0.354166666666667,0.333333333333333,0.583333333333333,0.5,0.3125,0.541666666666667,0.395833333333333,0.604166666666667,0.541666666666667,0.375,0.270833333333333,0.395833333333333,0.416666666666667,0.3125,0.291666666666667,0.541666666666667,1,0.520833333333333,0.416666666666667,0.625,0.479166666666667,0.4375,0.416666666666667,0.520833333333333,0.416666666666667,0.479166666666667,0.416666666666667,0.354166666666667,0.354166666666667,0.5,0.270833333333333,0.541666666666667,0.458333333333333,0.3125,0.625,0.708333333333333
0.479166666666667,0.479166666666667,0.520833333333333,0.5,0.416666666666667,0.4375,0.416666666666667,0.354166666666667,0.4375,0.3125,0.3125,0.145833333333333,0.270833333333333,0.583333333333333,0.479166666666667,0.375,0.5625,0.395833333333333,0.541666666666667,0.583333333333333,0.520833333333333,0.458333333333333,0.375,0.3125,0.354166666666667,0.291666666666667,0.625,1,0.416666666666667,0.458333333333333,0.604166666666667,0.541666666666667,0.4375,0.4375,0.458333333333333,0.5,0.520833333333333,0.458333333333333,0.333333333333333,0.333333333333333,0.375,0.395833333333333,0.520833333333333,0.395833333333333,0.333333333333333,0.5625,0.645833333333333
0.520833333333333,0.541666666666667,0.520833333333333,0.541666666666667,0.5,0.541666666666667,0.541666666666667,0.333333333333333,0.3125,0.3125,0.333333333333333,0.354166666666667,0.395833333333333,0.479166666666667,0.5,0.25,0.5,0.4375,0.520833333333333,0.520833333333333,0.333333333333333,0.166666666666667,0.354166666666667,0.333333333333333,0.25,0.395833333333333,0.604166666666667,1,0.416666666666667,0.395833333333333,0.645833333333333,0.4375,0.520833333333333,0.3125,0.4375,0.354166666666667,0.5,0.395833333333333,0.416666666666667,0.416666666666667,0.333333333333333,0.375,0.479166666666667,0.4375,0.270833333333333,0.5625,0.645833333333333
0.666666666666667,0.625,0.583333333333333,0.583333333333333,0.479166666666667,0.541666666666667,0.520833333333333,0.395833333333333,0.395833333333333,0.3125,0.333333333333333,0.270833333333333,0.333333333333333,0.604166666666667,0.479166666666667,0.375,0.458333333333333,0.354166666666667,0.458333333333333,0.541666666666667,0.479166666666667,0.291666666666667,0.270833333333333,0.25,0.291666666666667,0.333333333333333,0.541666666666667,1,0.479166666666667,0.4375,0.625,0.479166666666667,0.395833333333333,0.395833333333333,0.416666666666667,0.416666666666667,0.5,0.5,0.395833333333333,0.395833333333333,0.5,0.3125,0.458333333333333,0.375,0.458333333333333,0.666666666666667,0.666666666666667
0.604166666666667,0.5625,0.5625,0.5625,0.375,0.4375,0.458333333333333,0.333333333333333,0.395833333333333,0.291666666666667,0.291666666666667,0.354166666666667,0.25,0.479166666666667,0.458333333333333,0.3125,0.520833333333333,0.416666666666667,0.5625,0.541666666666667,0.416666666666667,0.270833333333333,0.416666666666667,0.375,0.375,0.3125,0.583333333333333,1,0.333333333333333,0.416666666666667,0.645833333333333,0.541666666666667,0.229166666666667,0.395833333333333,0.479166666666667,0.333333333333333,0.520833333333333,0.416666666666667,0.354166666666667,0.333333333333333,0.5,0.395833333333333,0.5,0.3125,0.395833333333333,0.604166666666667,0.666666666666667
0.666666666666667,0.6875,0.645833333333333,0.645833333333333,0.479166666666667,0.520833333333333,0.541666666666667,0.375,0.375,0.375,0.416666666666667,0.291666666666667,0.291666666666667,0.583333333333333,0.458333333333333,0.354166666666667,0.520833333333333,0.5,0.520833333333333,0.5625,0.479166666666667,0.125,0.5,0.25,0.291666666666667,0.291666666666667,0.625,1,0.5,0.395833333333333,0.604166666666667,0.520833333333333,0.541666666666667,0.375,0.458333333333333,0.4375,0.416666666666667,0.4375,0.458333333333333,0.395833333333333,0.458333333333333,0.270833333333333,0.5,0.375,0.541666666666667,0.604166666666667,0.6875
0.541666666666667,0.541666666666667,0.479166666666667,0.479166666666667,0.541666666666667,0.520833333333333,0.5,0.270833333333333,0.3125,0.375,0.416666666666667,0.395833333333333,0.333333333333333,0.604166666666667,0.458333333333333,0.333333333333333,0.395833333333333,0.395833333333333,0.4375,0.416666666666667,0.375,0.395833333333333,0.333333333333333,0.375,0.3125,0.375,0.479166666666667,1,0.479166666666667,0.4375,0.5,0.520833333333333,0.416666666666667,0.3125,0.416666666666667,0.395833333333333,0.4375,0.416666666666667,0.416666666666667,0.333333333333333,0.541666666666667,0.354166666666667,0.416666666666667,0.479166666666667,0.416666666666667,0.5625,0.5625
0.5625,0.541666666666667,0.583333333333333,0.583333333333333,0.416666666666667,0.458333333333333,0.4375,0.354166666666667,0.291666666666667,0.291666666666667,0.208333333333333,0.229166666666667,0.229166666666667,0.458333333333333,0.395833333333333,0.0833333333333333,0.520833333333333,0.395833333333333,0.541666666666667,0.604166666666667,0.458333333333333,0.0833333333333333,0.166666666666667,0.208333333333333,0.291666666666667,0.229166666666667,0.583333333333333,1,0.4375,0.3125,0.5625,0.520833333333333,0.333333333333333,0.291666666666667,0.375,0.458333333333333,0.520833333333333,0.520833333333333,0.458333333333333,0.458333333333333,0.354166666666667,0.375,0.520833333333333,0.395833333333333,0.270833333333333,0.6875,0.666666666666667
0.645833333333333,0.625,0.666666666666667,0.666666666666667,0.458333333333333,0.5,0.5,0.416666666666667,0.458333333333333,0.333333333333333,0.354166666666667,0.208333333333333,0.3125,0.625,0.541666666666667,0.208333333333333,0.520833333333333,0.4375,0.5625,0.583333333333333,0.3125,0.333333333333333,0.479166666666667,0.416666666666667,0.291666666666667,0.270833333333333,0.625,1,0.479166666666667,0.4375,0.625,0.5,0.333333333333333,0.458333333333333,0.541666666666667,0.4375,0.458333333333333,0.4375,0.4375,0.333333333333333,0.333333333333333,0.291666666666667,0.5,0.375,0.395833333333333,0.645833333333333,0.645833333333333
0.583333333333333,0.5625,0.541666666666667,0.541666666666667,0.395833333333333,0.479166666666667,0.4375,0.354166666666667,0.3125,0.3125,0.3125,0.1875,0.291666666666667,0.520833333333333,0.4375,0.354166666666667,0.520833333333333,0.395833333333333,0.5,0.541666666666667,0.416666666666667,0.416666666666667,0.458333333333333,0.375,0.229166666666667,0.333333333333333,0.520833333333333,1,0.375,0.395833333333333,0.645833333333333,0.5,0.479166666666667,0.3125,0.479166666666667,0.395833333333333,0.458333333333333,0.333333333333333,0.375,0.270833333333333,0.333333333333333,0.375,0.479166666666667,0.375,0.4375,0.604166666666667,0.666666666666667
0.625,0.604166666666667,0.583333333333333,0.583333333333333,0.520833333333333,0.5625,0.541666666666667,0.395833333333333,0.375,0.354166666666667,0.354166666666667,0.291666666666667,0.208333333333333,0.541666666666667,0.520833333333333,0.458333333333333,0.541666666666667,0.520833333333333,0.583333333333333,0.604166666666667,0.4375,0.145833333333333,0.458333333333333,0.229166666666667,0.291666666666667,0.416666666666667,0,1,0.479166666666667,0.333333333333333,0.645833333333333,0.5,0.3125,0.375,0.5625,0.520833333333333,0.416666666666667,0.479166666666667,0.416666666666667,0.333333333333333,0.520833333333333,0.395833333333333,0.541666666666667,0.520833333333333,0.291666666666667,0.625,0.666666666666667
0.5,0.479166666666667,0.375,0.395833333333333,0.479166666666667,0.5,0.479166666666667,0.354166666666667,0.3125,0.354166666666667,0.291666666666667,0.229166666666667,0.291666666666667,0.458333333333333,0.4375,0.354166666666667,0.4375,0.479166666666667,0.4375,0.4375,0.3125,0.25,0.208333333333333,0.229166666666667,0.291666666666667,0.3125,0.0625,1,0.458333333333333,0.395833333333333,0.625,0.458333333333333,0.458333333333333,0.333333333333333,0.395833333333333,0.4375,0.479166666666667,0.4375,0.479166666666667,0.416666666666667,0.520833333333333,0.375,0.520833333333333,0.354166666666667,0.4375,0.520833333333333,0.666666666666667
0.5625,0.541666666666667,0.5,0.5,0.4375,0.479166666666667,0.458333333333333,0.520833333333333,0.5,0.5,0.4375,0.270833333333333,0.270833333333333,0.479166666666667,0.416666666666667,0.1875,0.479166666666667,0.458333333333333,0.5,0.520833333333333,0.416666666666667,0.291666666666667,0.4375,0.166666666666667,0.291666666666667,0.3125,0.145833333333333,1,0.416666666666667,0.4375,0.645833333333333,0.541666666666667,0.4375,0.5,0.479166666666667,0.4375,0.458333333333333,0.458333333333333,0.479166666666667,0.416666666666667,0.354166666666667,0.375,0.520833333333333,0.479166666666667,0.458333333333333,0.645833333333333,0.666666666666667
0.458333333333333,0.458333333333333,0.5,0.458333333333333,0.479166666666667,0.520833333333333,0.520833333333333,0.375,0.333333333333333,0.354166666666667,0.3125,0.125,0.270833333333333,0.541666666666667,0.520833333333333,0.208333333333333,0.479166666666667,0.479166666666667,0.458333333333333,0.5,0.166666666666667,0.125,0.4375,0.333333333333333,0.291666666666667,0.3125,0.604166666666667,1,0.395833333333333,0.354166666666667,0.625,0.479166666666667,0.5,0.333333333333333,0.5,0.354166666666667,0.4375,0.458333333333333,0.458333333333333,0.395833333333333,0.375,0.4375,0.4375,0.291666666666667,0.458333333333333,0.5625,0.625
0.604166666666667,0.583333333333333,0.604166666666667,0.604166666666667,0.5,0.520833333333333,0.5,0.4375,0.479166666666667,0.458333333333333,0.4375,0.395833333333333,0.333333333333333,0.583333333333333,0.229166666666667,0.395833333333333,0.541666666666667,0.458333333333333,0.625,0.583333333333333,0.416666666666667,0.3125,0.375,0.3125,0.25,0.333333333333333,0.541666666666667,1,0.458333333333333,0.395833333333333,0.583333333333333,0.479166666666667,0.25,0.479166666666667,0.541666666666667,0.458333333333333,0.479166666666667,0.4375,0.479166666666667,0.395833333333333,0.395833333333333,0.395833333333333,0.520833333333333,0.333333333333333,0.5,0.625,0.6875
0.604166666666667,0.541666666666667,0.541666666666667,0.541666666666667,0.520833333333333,0.5625,0.5625,0.3125,0.354166666666667,0.375,0.416666666666667,0.166666666666667,0.354166666666667,0.541666666666667,0.416666666666667,0.4375,0.5,0.416666666666667,0.458333333333333,0.520833333333333,0.291666666666667,0.291666666666667,0.416666666666667,0.291666666666667,0.291666666666667,0.354166666666667,0.604166666666667,1,0.4375,0.395833333333333,0.625,0.520833333333333,0.458333333333333,0.354166666666667,0.479166666666667,0.458333333333333,0.541666666666667,0.479166666666667,0.5,0.4375,0.583333333333333,0.354166666666667,0.479166666666667,0.5,0.395833333333333,0.604166666666667,0.729166666666667
0.604166666666667,0.604166666666667,0.5625,0.5625,0.416666666666667,0.5,0.5,0.375,0.3125,0.291666666666667,0.333333333333333,0.145833333333333,0.333333333333333,0.520833333333333,0.458333333333333,0.1875,0.520833333333333,0.479166666666667,0.604166666666667,0.520833333333333,0.270833333333333,0.125,0.4375,0.375,0.458333333333333,0.333333333333333,0.5625,1,0.395833333333333,0.4375,0.625,0.5625,0.458333333333333,0.3125,0.479166666666667,0.458333333333333,0.416666666666667,0.354166666666667,0.354166666666667,0.270833333333333,0.4375,0.395833333333333,0.4375,0.416666666666667,0.479166666666667,0.625,0.708333333333333
0.5,0.479166666666667,0.5,0.5,0.416666666666667,0.375,0.354166666666667,0.395833333333333,0.333333333333333,0.3125,0.395833333333333,0.479166666666667,0.291666666666667,0.520833333333333,0.395833333333333,0.4375,0.458333333333333,0.375,0.479166666666667,0.5625,0.229166666666667,0.416666666666667,0.333333333333333,0.291666666666667,0.395833333333333,0.416666666666667,0.583333333333333,1,0.333333333333333,0.4375,0.625,0.416666666666667,0.291666666666667,0.333333333333333,0.458333333333333,0.458333333333333,0.5,0.458333333333333,0.395833333333333,0.375,0.5,0.291666666666667,0.541666666666667,0.416666666666667,0.5,0.666666666666667,0.666666666666667
0.5625,0.5625,0.520833333333333,0.520833333333333,0.395833333333333,0.416666666666667,0.354166666666667,0.354166666666667,0.479166666666667,0.291666666666667,0.395833333333333,0.333333333333333,0.333333333333333,0.5,0.416666666666667,0.395833333333333,0.5,0.5,0.5,0.541666666666667,0.395833333333333,0.333333333333333,0.479166666666667,0.1875,0.291666666666667,0.375,0.5625,1,0.458333333333333,0.416666666666667,0.604166666666667,0.5,0.3125,0.479166666666667,0.4375,0.4375,0.458333333333333,0.416666666666667,0.4375,0.3125,0.458333333333333,0.3125,0.458333333333333,0.333333333333333,0.479166666666667,0.645833333333333,0.645833333333333
0.625,0.604166666666667,0.5625,0.5625,0.479166666666667,0.5625,0.5,0.333333333333333,0.4375,0.333333333333333,0.4375,0.104166666666667,0.270833333333333,0.5625,0.5,0.208333333333333,0.5,0.520833333333333,0.479166666666667,0.520833333333333,0.1875,0.125,0.145833333333333,0.354166666666667,0.3125,0.354166666666667,0.583333333333333,1,0.395833333333333,0.416666666666667,0.604166666666667,0.5625,0.458333333333333,0.4375,0.4375,0.458333333333333,0.458333333333333,0.416666666666667,0.375,0.354166666666667,0.395833333333333,0.354166666666667,0.520833333333333,0.5,0.541666666666667,0.666666666666667,0.6875
0.583333333333333,0.541666666666667,0.583333333333333,0.583333333333333,0.458333333333333,0.520833333333333,0.5,0.4375,0.333333333333333,0.3125,0.4375,0.25,0.291666666666667,0.604166666666667,0.520833333333333,0.395833333333333,0.520833333333333,0.520833333333333,0.604166666666667,0.5625,0.458333333333333,0.375,0.25,0.270833333333333,0.3125,0.3125,0.104166666666667,1,0.458333333333333,0.395833333333333,0.583333333333333,0.479166666666667,0.395833333333333,0.333333333333333,0.479166666666667,0.4375,0.5,0.395833333333333,0.416666666666667,0.395833333333333,0.416666666666667,0.333333333333333,0.5,0.479166666666667,0.458333333333333,0.625,0.645833333333333
0.5,0.479166666666667,0.479166666666667,0.479166666666667,0.4375,0.479166666666667,0.479166666666667,0.375,0.333333333333333,0.333333333333333,0.375,0.145833333333333,0.291666666666667,0.5625,0.4375,0.375,0.5,0.375,0.4375,0.520833333333333,0.104166666666667,0.125,0.1875,0.416666666666667,0.3125,0.3125,0.541666666666667,1,0.416666666666667,0.416666666666667,0.583333333333333,0.4375,0.333333333333333,0.333333333333333,0.3125,0.520833333333333,0.416666666666667,0.416666666666667,0.479166666666667,0.395833333333333,0.375,0.354166666666667,0.4375,0.479166666666667,0.270833333333333,0.541666666666667,0.6875
0.625,0.666666666666667,0.625,0.625,0.479166666666667,0.625,0.541666666666667,0.395833333333333,0.354166666666667,0.375,0.3125,0.375,0.25,0.4375,0.395833333333333,0.208333333333333,0.4375,0.354166666666667,0.520833333333333,0.5625,0.479166666666667,0.145833333333333,0.229166666666667,0.270833333333333,0.3125,0.333333333333333,0.4375,1,0.354166666666667,0.208333333333333,0.604166666666667,0.520833333333333,0.291666666666667,0.354166666666667,0.3125,0.458333333333333,0.458333333333333,0.395833333333333,0.458333333333333,0.395833333333333,0.375,0.416666666666667,0.479166666666667,0.3125,0.291666666666667,0.5625,0.6875
0.5625,0.541666666666667,0.520833333333333,0.520833333333333,0.4375,0.479166666666667,0.479166666666667,0.354166666666667,0.416666666666667,0.416666666666667,0.416666666666667,0.145833333333333,0.395833333333333,0.5,0.4375,0.291666666666667,0.5,0.5,0.583333333333333,0.541666666666667,0.416666666666667,0.208333333333333,0.3125,0.3125,0.291666666666667,0.3125,0.125,1,0.4375,0.416666666666667,0.625,0.458333333333333,0.479166666666667,0.416666666666667,0.5,0.416666666666667,0.4375,0.5,0.4375,0.375,0.395833333333333,0.333333333333333,0.416666666666667,0.333333333333333,0.458333333333333,0.5625,0.645833333333333
0.645833333333333,0.666666666666667,0.645833333333333,0.645833333333333,0.4375,0.5,0.4375,0.458333333333333,0.458333333333333,0.416666666666667,0.4375,0.208333333333333,0.3125,0.5,0.416666666666667,0.333333333333333,0.520833333333333,0.541666666666667,0.541666666666667,0.5625,0.25,0.104166666666667,0.25,0.229166666666667,0.3125,0.354166666666667,0.625,1,0.4375,0.4375,0.604166666666667,0.520833333333333,0.395833333333333,0.458333333333333,0.541666666666667,0.479166666666667,0.583333333333333,0.416666666666667,0.479166666666667,0.375,0.520833333333333,0.416666666666667,0.479166666666667,0.479166666666667,0.4375,0.604166666666667,0.625
0.458333333333333,0.458333333333333,0.458333333333333,0.458333333333333,0.479166666666667,0.375,0.395833333333333,0.354166666666667,0.395833333333333,0.458333333333333,0.354166666666667,0.25,0.25,0.5,0.354166666666667,0.416666666666667,0.479166666666667,0.4375,0.4375,0.5625,0.333333333333333,0.1875,0.375,0.166666666666667,0.25,0.291666666666667,0.583333333333333,1,0.395833333333333,0.4375,0.666666666666667,0.458333333333333,0.375,0.416666666666667,0.395833333333333,0.5,0.520833333333333,0.458333333333333,0.4375,0.375,0.520833333333333,0.416666666666667,0.520833333333333,0.458333333333333,0.3125,0.604166666666667,0.708333333333333
0.666666666666667,0.625,0.5625,0.541666666666667,0.520833333333333,0.604166666666667,0.583333333333333,0.395833333333333,0.458333333333333,0.416666666666667,0.395833333333333,0.3125,0.3125,0.604166666666667,0.5625,0.375,0.458333333333333,0.3125,0.5,0.4375,0.479166666666667,0.291666666666667,0.5,0.375,0.395833333333333,0.375,0.520833333333333,1,0.458333333333333,0.4375,0.6875,0.541666666666667,0.145833333333333,0.458333333333333,0.5,0.479166666666667,0.583333333333333,0.416666666666667,0.4375,0.416666666666667,0.479166666666667,0.395833333333333,0.520833333333333,0.520833333333333,0.416666666666667,0.5625,0.625
0.625,0.666666666666667,0.708333333333333,0.708333333333333,0.458333333333333,0.541666666666667,0.583333333333333,0.375,0.354166666666667,0.333333333333333,0.541666666666667,0.291666666666667,0.291666666666667,0.458333333333333,0.4375,0.166666666666667,0.583333333333333,0.458333333333333,0.583333333333333,0.604166666666667,0.4375,0.166666666666667,0.4375,0.4375,0.25,0.291666666666667,0.604166666666667,1,0.458333333333333,0.208333333333333,0.625,0.520833333333333,0.4375,0.375,0.541666666666667,0.416666666666667,0.416666666666667,0.333333333333333,0.416666666666667,0.354166666666667,0.354166666666667,0.375,0.5,0.458333333333333,0.270833333333333,0.666666666666667,0.6875
0.583333333333333,0.583333333333333,0.5625,0.5625,0.333333333333333,0.354166666666667,0.354166666666667,0.333333333333333,0.416666666666667,0.395833333333333,0.3125,0.416666666666667,0.354166666666667,0.520833333333333,0.4375,0.3125,0.5,0.479166666666667,0.520833333333333,0.583333333333333,0.479166666666667,0.395833333333333,0.479166666666667,0.208333333333333,0.25,0.333333333333333,0,1,0.4375,0.4375,0.625,0.458333333333333,0.104166666666667,0.416666666666667,0.4375,0.416666666666667,0.416666666666667,0.333333333333333,0.416666666666667,0.25,0.416666666666667,0.375,0.395833333333333,0.375,0.291666666666667,0.645833333333333,0.708333333333333
0.583333333333333,0.583333333333333,0.5,0.5,0.5,0.604166666666667,0.583333333333333,0.333333333333333,0.354166666666667,0.333333333333333,0.270833333333333,0.354166666666667,0.3125,0.5625,0.458333333333333,0.270833333333333,0.395833333333333,0.333333333333333,0.5,0.479166666666667,0.416666666666667,0.208333333333333,0.333333333333333,0.291666666666667,0.291666666666667,0.333333333333333,0.541666666666667,1,0.416666666666667,0.395833333333333,0.625,0.479166666666667,0.270833333333333,0.375,0.333333333333333,0.4375,0.541666666666667,0.416666666666667,0.333333333333333,0.375,0.458333333333333,0.333333333333333,0.5,0.4375,0.4375,0.583333333333333,0.645833333333333
0.5625,0.520833333333333,0.479166666666667,0.479166666666667,0.479166666666667,0.5,0.479166666666667,0.25,0.395833333333333,0.395833333333333,0.3125,0.145833333333333,0.270833333333333,0.583333333333333,0.479166666666667,0.333333333333333,0.541666666666667,0.4375,0.5625,0.5625,0.3125,0.104166666666667,0.4375,0.1875,0.270833333333333,0.3125,0.604166666666667,1,0.4375,0.4375,0.583333333333333,0.541666666666667,0.395833333333333,0.395833333333333,0.479166666666667,0.479166666666667,0.5,0.4375,0.4375,0.354166666666667,0.479166666666667,0.270833333333333,0.416666666666667,0.416666666666667,0.354166666666667,0.729166666666667,0.666666666666667
0.4375,0.458333333333333,0.541666666666667,0.541666666666667,0.395833333333333,0.333333333333333,0.333333333333333,0.3125,0.291666666666667,0.270833333333333,0.3125,0.166666666666667,0.270833333333333,0.416666666666667,0.458333333333333,0.375,0.541666666666667,0.4375,0.479166666666667,0.5625,0.1875,0.104166666666667,0.333333333333333,0.291666666666667,0.3125,0.375,0.5,1,0.375,0.458333333333333,0.583333333333333,0.5,0.1875,0.270833333333333,0.416666666666667,0.416666666666667,0.375,0.375,0.354166666666667,0.291666666666667,0.1875,0.333333333333333,0.395833333333333,0.458333333333333,0.333333333333333,0.5625,0.666666666666667
0.5,0.520833333333333,0.416666666666667,0.416666666666667,0.5,0.520833333333333,0.5,0.395833333333333,0.416666666666667,0.416666666666667,0.395833333333333,0.3125,0.333333333333333,0.458333333333333,0.520833333333333,0.416666666666667,0.416666666666667,0.375,0.4375,0.4375,0.416666666666667,0.3125,0.375,0.333333333333333,0.375,0.291666666666667,0.5,1,0.479166666666667,0.4375,0.583333333333333,0.458333333333333,0.25,0.4375,0.375,0.4375,0.479166666666667,0.375,0.395833333333333,0.375,0.4375,0.333333333333333,0.5,0.458333333333333,0.416666666666667,0.604166666666667,0.645833333333333
0.666666666666667,0.604166666666667,0.6875,0.708333333333333,0.479166666666667,0.5625,0.541666666666667,0.395833333333333,0.375,0.458333333333333,0.458333333333333,0.208333333333333,0.3125,0.583333333333333,0.479166666666667,0.3125,0.541666666666667,0.5,0.604166666666667,0.583333333333333,0.5,0.145833333333333,0.458333333333333,0.1875,0.291666666666667,0.270833333333333,0.625,1,0.479166666666667,0.416666666666667,0.645833333333333,0.541666666666667,0.416666666666667,0.375,0.583333333333333,0.354166666666667,0.5,0.354166666666667,0.4375,0.333333333333333,0.5,0.354166666666667,0.458333333333333,0.458333333333333,0.395833333333333,0.583333333333333,0.625
0.645833333333333,0.645833333333333,0.708333333333333,0.708333333333333,0.583333333333333,0.5,0.5,0.375,0.333333333333333,0.354166666666667,0.458333333333333,0.333333333333333,0.25,0.458333333333333,0.395833333333333,0.375,0.541666666666667,0.479166666666667,0.5625,0.625,0.479166666666667,0.145833333333333,0.458333333333333,0.375,0.270833333333333,0.333333333333333,0.625,1,0.458333333333333,0.270833333333333,0.583333333333333,0.458333333333333,0.4375,0.3125,0.583333333333333,0.4375,0.458333333333333,0.416666666666667,0.395833333333333,0.375,0.541666666666667,0.3125,0.604166666666667,0.479166666666667,0.4375,0.6875,0.625
0.604166666666667,0.604166666666667,0.604166666666667,0.604166666666667,0.520833333333333,0.520833333333333,0.520833333333333,0.395833333333333,0.354166666666667,0.375,0.4375,0.125,0.270833333333333,0.520833333333333,0.354166666666667,0.0833333333333333,0.5625,0.4375,0.3125,0.541666666666667,0.270833333333333,0.104166666666667,0.5,0.354166666666667,0.3125,0.354166666666667,0.0833333333333333,1,0.416666666666667,0.333333333333333,0.541666666666667,0.541666666666667,0.4375,0.333333333333333,0.520833333333333,0.416666666666667,0.541666666666667,0.416666666666667,0.458333333333333,0.395833333333333,0.416666666666667,0.333333333333333,0.541666666666667,0.4375,0.354166666666667,0.666666666666667,0.604166666666667
0.604166666666667,0.604166666666667,0.541666666666667,0.541666666666667,0.4375,0.520833333333333,0.5,0.354166666666667,0.354166666666667,0.4375,0.354166666666667,0.166666666666667,0.354166666666667,0.5,0.4375,0.291666666666667,0.520833333333333,0.4375,0.5625,0.520833333333333,0.458333333333333,0.1875,0.416666666666667,0.208333333333333,0.354166666666667,0.354166666666667,0.583333333333333,1,0.479166666666667,0.458333333333333,0.625,0.541666666666667,0.4375,0.395833333333333,0.520833333333333,0.3125,0.4375,0.4375,0.458333333333333,0.354166666666667,0.375,0.375,0.479166666666667,0.3125,0.270833333333333,0.604166666666667,0.645833333333333
0.625,0.5625,0.5,0.5,0.354166666666667,0.5,0.479166666666667,0.354166666666667,0.416666666666667,0.4375,0.354166666666667,0.208333333333333,0.3125,0.5,0.416666666666667,0.229166666666667,0.5,0.395833333333333,0.541666666666667,0.520833333333333,0.270833333333333,0.25,0.416666666666667,0.375,0.208333333333333,0.270833333333333,0.125,1,0.416666666666667,0.416666666666667,0.625,0.458333333333333,0.520833333333333,0.416666666666667,0.479166666666667,0.520833333333333,0.458333333333333,0.416666666666667,0.458333333333333,0.333333333333333,0.416666666666667,0.4375,0.4375,0.479166666666667,0.4375,0.645833333333333,0.604166666666667
0.583333333333333,0.5625,0.541666666666667,0.541666666666667,0.520833333333333,0.520833333333333,0.520833333333333,0.395833333333333,0.3125,0.333333333333333,0.291666666666667,0.3125,0.354166666666667,0.541666666666667,0.458333333333333,0.333333333333333,0.520833333333333,0.458333333333333,0.5,0.541666666666667,0.375,0.5,0.4375,0.333333333333333,0.416666666666667,0.291666666666667,0.541666666666667,1,0.458333333333333,0.416666666666667,0.583333333333333,0.5,0.145833333333333,0.3125,0.5,0.5,0.4375,0.416666666666667,0.479166666666667,0.354166666666667,0.354166666666667,0.416666666666667,0.479166666666667,0.375,0.458333333333333,0.604166666666667,0.6875
0.645833333333333,0.583333333333333,0.604166666666667,0.604166666666667,0.5625,0.604166666666667,0.583333333333333,0.458333333333333,0.5,0.479166666666667,0.395833333333333,0.395833333333333,0.291666666666667,0.520833333333333,0.4375,0.3125,0.520833333333333,0.5,0.5625,0.5625,0.479166666666667,0.25,0.416666666666667,0.416666666666667,0.354166666666667,0.333333333333333,0.604166666666667,1,0.5,0.416666666666667,0.625,0.5,0.458333333333333,0.5,0.458333333333333,0.375,0.5,0.375,0.395833333333333,0.375,0.541666666666667,0.354166666666667,0.5625,0.458333333333333,0.479166666666667,0.645833333333333,0.625
0.604166666666667,0.583333333333333,0.666666666666667,0.666666666666667,0.375,0.416666666666667,0.416666666666667,0.375,0.395833333333333,0.395833333333333,0.270833333333333,0.145833333333333,0.291666666666667,0.520833333333333,0.479166666666667,0.3125,0.520833333333333,0.5,0.604166666666667,0.541666666666667,0.4375,0.125,0.270833333333333,0.291666666666667,0.270833333333333,0.3125,0.583333333333333,1,0.395833333333333,0.416666666666667,0.625,0.520833333333333,0.354166666666667,0.416666666666667,0.520833333333333,0.5,0.479166666666667,0.5,0.458333333333333,0.375,0.458333333333333,0.375,0.458333333333333,0.354166666666667,0.416666666666667,0.5625,0.666666666666667
0.416666666666667,0.4375,0.479166666666667,0.479166666666667,0.354166666666667,0.375,0.395833333333333,0.5,0.5,0.479166666666667,0.4375,0.125,0.291666666666667,0.479166666666667,0.4375,0.416666666666667,0.541666666666667,0.4375,0.458333333333333,0.583333333333333,0.5,0.375,0.416666666666667,0.375,0.291666666666667,0.333333333333333,0.541666666666667,1,0.416666666666667,0.291666666666667,0.604166666666667,0.541666666666667,0.333333333333333,0.5,0.5,0.4375,0.4375,0.479166666666667,0.3125,0.333333333333333,0.375,0.333333333333333,0.458333333333333,0.375,0.479166666666667,0.541666666666667,0.6875
0.541666666666667,0.458333333333333,0.5625,0.5625,0.479166666666667,0.520833333333333,0.5625,0.354166666666667,0.333333333333333,0.375,0.354166666666667,0.375,0.375,0.5625,0.479166666666667,0.270833333333333,0.479166666666667,0.4375,0.520833333333333,0.520833333333333,0.416666666666667,0.0833333333333333,0.4375,0.25,0.270833333333333,0.354166666666667,0.520833333333333,1,0.479166666666667,0.416666666666667,0.604166666666667,0.395833333333333,0.208333333333333,0.333333333333333,0.479166666666667,0.4375,0.479166666666667,0.5625,0.4375,0.458333333333333,0.1875,0.395833333333333,0.416666666666667,0.395833333333333,0.5,0.604166666666667,0.6875
0.625,0.604166666666667,0.583333333333333,0.583333333333333,0.520833333333333,0.5625,0.541666666666667,0.395833333333333,0.416666666666667,0.3125,0.5,0.479166666666667,0.395833333333333,0.541666666666667,0.416666666666667,0.479166666666667,0.5,0.395833333333333,0.5,0.5,0.375,0.333333333333333,0.4375,0.354166666666667,0.375,0.4375,0.541666666666667,1,0.4375,0.395833333333333,0.625,0.479166666666667,0.479166666666667,0.416666666666667,0.479166666666667,0.3125,0.5,0.354166666666667,0.270833333333333,0.333333333333333,0.5,0.479166666666667,0.479166666666667,0.458333333333333,0.5625,0.5625,0.6875
0.604166666666667,0.583333333333333,0.583333333333333,0.583333333333333,0.458333333333333,0.5,0.479166666666667,0.375,0.395833333333333,0.395833333333333,0.416666666666667,0.416666666666667,0.25,0.541666666666667,0.479166666666667,0.395833333333333,0.541666666666667,0.5,0.5625,0.5625,0.458333333333333,0.25,0.458333333333333,0.166666666666667,0.354166666666667,0.354166666666667,0.604166666666667,1,0.458333333333333,0.416666666666667,0.625,0.458333333333333,0.208333333333333,0.416666666666667,0.5,0.4375,0.458333333333333,0.416666666666667,0.458333333333333,0.3125,0.375,0.416666666666667,0.5,0.333333333333333,0.4375,0.604166666666667,0.625
0.645833333333333,0.604166666666667,0.645833333333333,0.645833333333333,0.416666666666667,0.520833333333333,0.5,0.395833333333333,0.4375,0.458333333333333,0.4375,0.354166666666667,0.25,0.541666666666667,0.3125,0.3125,0.5,0.458333333333333,0.5,0.583333333333333,0.4375,0.291666666666667,0.458333333333333,0.208333333333333,0.166666666666667,0.291666666666667,0.604166666666667,1,0.416666666666667,0.458333333333333,0.625,0.5625,0.375,0.4375,0.5,0.416666666666667,0.4375,0.416666666666667,0.416666666666667,0.395833333333333,0.416666666666667,0.333333333333333,0.479166666666667,0.458333333333333,0.416666666666667,0.666666666666667,0.645833333333333
0.666666666666667,0.583333333333333,0.625,0.625,0.5,0.5625,0.5625,0.229166666666667,0.270833333333333,0.291666666666667,0.375,0.395833333333333,0.333333333333333,0.604166666666667,0.520833333333333,0.375,0.5,0.333333333333333,0.520833333333333,0.5625,0.4375,0.395833333333333,0.4375,0.395833333333333,0.395833333333333,0.4375,0.541666666666667,1,0.458333333333333,0.416666666666667,0.604166666666667,0.520833333333333,0.354166666666667,0.270833333333333,0.479166666666667,0.4375,0.479166666666667,0.416666666666667,0.416666666666667,0.395833333333333,0.333333333333333,0.354166666666667,0.5,0.3125,0.520833333333333,0.604166666666667,0.666666666666667
0.625,0.604166666666667,0.645833333333333,0.666666666666667,0.5,0.520833333333333,0.520833333333333,0.354166666666667,0.3125,0.3125,0.458333333333333,0.416666666666667,0.395833333333333,0.541666666666667,0.5,0.479166666666667,0.625,0.458333333333333,0.4375,0.625,0.333333333333333,0.166666666666667,0.479166666666667,0.229166666666667,0.291666666666667,0.4375,0.520833333333333,1,0.4375,0.4375,0.583333333333333,0.333333333333333,0.5,0.3125,0.520833333333333,0.479166666666667,0.520833333333333,0.416666666666667,0.3125,0.4375,0.5,0.354166666666667,0.4375,0.333333333333333,0.458333333333333,0.520833333333333,0.6875
0.604166666666667,0.583333333333333,0.5625,0.5625,0.458333333333333,0.541666666666667,0.541666666666667,0.229166666666667,0.291666666666667,0.291666666666667,0.333333333333333,0.125,0.395833333333333,0.541666666666667,0.5,0.104166666666667,0.5,0.479166666666667,0.520833333333333,0.5,0.104166666666667,0.125,0.375,0.333333333333333,0.354166666666667,0.375,0.520833333333333,1,0.4375,0.4375,0.604166666666667,0.541666666666667,0.4375,0.291666666666667,0.458333333333333,0.416666666666667,0.5,0.479166666666667,0.458333333333333,0.416666666666667,0.395833333333333,0.458333333333333,0.479166666666667,0.354166666666667,0.395833333333333,0.583333333333333,0.666666666666667
0.666666666666667,0.625,0.604166666666667,0.604166666666667,0.520833333333333,0.604166666666667,0.604166666666667,0.395833333333333,0.333333333333333,0.333333333333333,0.395833333333333,0.354166666666667,0.354166666666667,0.604166666666667,0.5,0.375,0.5625,0.395833333333333,0.541666666666667,0.541666666666667,0.291666666666667,0.395833333333333,0.416666666666667,0.291666666666667,0.395833333333333,0.270833333333333,0.5625,1,0.5,0.354166666666667,0.625,0.541666666666667,0.4375,0.333333333333333,0.541666666666667,0.416666666666667,0.479166666666667,0.458333333333333,0.416666666666667,0.354166666666667,0.5625,0.333333333333333,0.479166666666667,0.416666666666667,0.5,0.645833333333333,0.645833333333333
0.625,0.583333333333333,0.583333333333333,0.583333333333333,0.5,0.5625,0.541666666666667,0.375,0.375,0.395833333333333,0.3125,0.208333333333333,0.291666666666667,0.541666666666667,0.479166666666667,0.125,0.5,0.479166666666667,0.520833333333333,0.5625,0.395833333333333,0.145833333333333,0.5,0.354166666666667,0.25,0.354166666666667,0.583333333333333,1,0.416666666666667,0.395833333333333,0.604166666666667,0.5,0.458333333333333,0.375,0.520833333333333,0.479166666666667,0.395833333333333,0.395833333333333,0.479166666666667,0.395833333333333,0.375,0.354166666666667,0.4375,0.333333333333333,0.4375,0.645833333333333,0.6875
0.520833333333333,0.5,0.604166666666667,0.604166666666667,0.375,0.479166666666667,0.416666666666667,0.4375,0.458333333333333,0.458333333333333,0.416666666666667,0.208333333333333,0.333333333333333,0.5,0.270833333333333,0.291666666666667,0.458333333333333,0.395833333333333,0.520833333333333,0.458333333333333,0.291666666666667,0.208333333333333,0.270833333333333,0.354166666666667,0.270833333333333,0.458333333333333,0.479166666666667,1,0.416666666666667,0.4375,0.5625,0.479166666666667,0.1875,0.458333333333333,0.229166666666667,0.375,0.4375,0.395833333333333,0.291666666666667,0.333333333333333,0.416666666666667,0.3125,0.479166666666667,0.458333333333333,0.333333333333333,0.520833333333333,0.625
0.583333333333333,0.583333333333333,0.5,0.5,0.354166666666667,0.541666666666667,0.5,0.3125,0.479166666666667,0.291666666666667,0.416666666666667,0.3125,0.145833333333333,0.5,0.354166666666667,0.375,0.4375,0.395833333333333,0.5,0.520833333333333,0.3125,0.395833333333333,0.4375,0.354166666666667,0.3125,0.333333333333333,0.5625,1,0.458333333333333,0.4375,0.604166666666667,0.520833333333333,0.4375,0.479166666666667,0.4375,0.458333333333333,0.479166666666667,0.479166666666667,0.395833333333333,0.25,0.5,0.354166666666667,0.520833333333333,0.479166666666667,0.458333333333333,0.541666666666667,0.666666666666667
0.666666666666667,0.666666666666667,0.6875,0.6875,0.416666666666667,0.541666666666667,0.5625,0.520833333333333,0.520833333333333,0.416666666666667,0.4375,0.166666666666667,0.291666666666667,0.625,0.479166666666667,0.229166666666667,0.5625,0.4375,0.5625,0.666666666666667,0.354166666666667,0.1875,0.5,0.333333333333333,0.354166666666667,0.3125,0.604166666666667,1,0.416666666666667,0.416666666666667,0.645833333333333,0.583333333333333,0.375,0.541666666666667,0.5625,0.458333333333333,0.479166666666667,0.4375,0.395833333333333,0.395833333333333,0.416666666666667,0.375,0.5625,0.354166666666667,0.375,0.666666666666667,0.708333333333333
0.583333333333333,0.5625,0.541666666666667,0.541666666666667,0.479166666666667,0.541666666666667,0.541666666666667,0.375,0.291666666666667,0.3125,0.354166666666667,0.229166666666667,0.395833333333333,0.5625,0.479166666666667,0.333333333333333,0.541666666666667,0.479166666666667,0.458333333333333,0.583333333333333,0.354166666666667,0.104166666666667,0.458333333333333,0.270833333333333,0.375,0.3125,0.5625,1,0.4375,0.354166666666667,0.625,0.5,0.395833333333333,0.3125,0.5,0.458333333333333,0.4375,0.520833333333333,0.208333333333333,0.25,0.3125,0.416666666666667,0.4375,0.416666666666667,0.4375,0.604166666666667,0.6875
0.604166666666667,0.583333333333333,0.625,0.604166666666667,0.5,0.520833333333333,0.520833333333333,0.333333333333333,0.3125,0.333333333333333,0.375,0.229166666666667,0.25,0.520833333333333,0.520833333333333,0.25,0.5,0.479166666666667,0.5,0.541666666666667,0.479166666666667,0.145833333333333,0.291666666666667,0.333333333333333,0.3125,0.354166666666667,0.583333333333333,1,0.479166666666667,0.416666666666667,0.645833333333333,0.520833333333333,0.5,0.291666666666667,0.5,0.5,0.479166666666667,0.458333333333333,0.458333333333333,0.354166666666667,0.479166666666667,0.291666666666667,0.458333333333333,0.395833333333333,0.458333333333333,0.604166666666667,0.6875
0.645833333333333,0.625,0.583333333333333,0.583333333333333,0.479166666666667,0.541666666666667,0.520833333333333,0.25,0.3125,0.3125,0.395833333333333,0.416666666666667,0.3125,0.645833333333333,0.5,0.416666666666667,0.541666666666667,0.375,0.541666666666667,0.604166666666667,0.5,0.458333333333333,0.479166666666667,0.291666666666667,0.270833333333333,0.375,0.1875,1,0.375,0.4375,0.583333333333333,0.458333333333333,0.333333333333333,0.3125,0.5,0.416666666666667,0.520833333333333,0.4375,0.416666666666667,0.416666666666667,0.333333333333333,0.375,0.541666666666667,0.291666666666667,0.4375,0.666666666666667,0.666666666666667
0.5625,0.541666666666667,0.583333333333333,0.583333333333333,0.458333333333333,0.520833333333333,0.541666666666667,0.354166666666667,0.3125,0.3125,0.3125,0.333333333333333,0.291666666666667,0.479166666666667,0.416666666666667,0.291666666666667,0.5625,0.520833333333333,0.479166666666667,0.541666666666667,0.166666666666667,0.145833333333333,0.416666666666667,0.354166666666667,0.25,0.25,0.145833333333333,1,0.416666666666667,0.166666666666667,0.625,0.5625,0.458333333333333,0.3125,0.479166666666667,0.4375,0.479166666666667,0.541666666666667,0.458333333333333,0.395833333333333,0.395833333333333,0.416666666666667,0.583333333333333,0.354166666666667,0.458333333333333,0.604166666666667,0.666666666666667
0.604166666666667,0.5625,0.583333333333333,0.583333333333333,0.479166666666667,0.5,0.479166666666667,0.416666666666667,0.375,0.333333333333333,0.333333333333333,0.291666666666667,0.3125,0.541666666666667,0.458333333333333,0.375,0.520833333333333,0.354166666666667,0.541666666666667,0.5625,0.4375,0.3125,0.458333333333333,0.4375,0.416666666666667,0.375,0.541666666666667,1,0.4375,0.416666666666667,0.5,0.5,0.270833333333333,0.395833333333333,0.520833333333333,0.479166666666667,0.4375,0.416666666666667,0.458333333333333,0.395833333333333,0.354166666666667,0.395833333333333,0.5,0.375,0.5,0.625,0.6875
0.583333333333333,0.583333333333333,0.583333333333333,0.583333333333333,0.5,0.5625,0.5625,0.333333333333333,0.291666666666667,0.3125,0.354166666666667,0.375,0.291666666666667,0.583333333333333,0.458333333333333,0.291666666666667,0.479166666666667,0.395833333333333,0.5,0.541666666666667,0.1875,0.125,0.458333333333333,0.229166666666667,0.291666666666667,0.333333333333333,0.604166666666667,1,0.479166666666667,0.375,0.604166666666667,0.375,0.458333333333333,0.291666666666667,0.479166666666667,0.479166666666667,0.5625,0.520833333333333,0.458333333333333,0.4375,0.4375,0.375,0.5,0.333333333333333,0.458333333333333,0.583333333333333,0.604166666666667
0.4375,0.458333333333333,0.4375,0.416666666666667,0.5,0.541666666666667,0.541666666666667,0.395833333333333,0.4375,0.375,0.354166666666667,0.145833333333333,0.333333333333333,0.479166666666667,0.479166666666667,0.333333333333333,0.416666666666667,0.375,0.479166666666667,0.479166666666667,0.395833333333333,0.395833333333333,0.395833333333333,0.395833333333333,0.3125,0.354166666666667,0.541666666666667,1,0.479166666666667,0.375,0.645833333333333,0.5,0.458333333333333,0.4375,0.458333333333333,0.4375,0.416666666666667,0.395833333333333,0.416666666666667,0.354166666666667,0.25,0.395833333333333,0.395833333333333,0.375,0.416666666666667,0.645833333333333,0.666666666666667
0.583333333333333,0.541666666666667,0.5625,0.5625,0.479166666666667,0.458333333333333,0.479166666666667,0.395833333333333,0.479166666666667,0.416666666666667,0.354166666666667,0.4375,0.354166666666667,0.5625,0.5,0.458333333333333,0.5,0.375,0.520833333333333,0.541666666666667,0.5,0.291666666666667,0.4375,0.375,0.395833333333333,0.354166666666667,0.520833333333333,1,0.395833333333333,0.4375,0.625,0.520833333333333,0.5,0.479166666666667,0.458333333333333,0.4375,0.395833333333333,0.375,0.458333333333333,0.3125,0.395833333333333,0.375,0.458333333333333,0.270833333333333,0.395833333333333,0.583333333333333,0.6875
0.541666666666667,0.541666666666667,0.5625,0.5625,0.416666666666667,0.416666666666667,0.416666666666667,0.354166666666667,0.291666666666667,0.333333333333333,0.333333333333333,0.354166666666667,0.270833333333333,0.458333333333333,0.416666666666667,0.416666666666667,0.5,0.395833333333333,0.458333333333333,0.5625,0.458333333333333,0.208333333333333,0.416666666666667,0.375,0.291666666666667,0.3125,0.5625,1,0.395833333333333,0.416666666666667,0.604166666666667,0.520833333333333,0.375,0.291666666666667,0.395833333333333,0.395833333333333,0.479166666666667,0.4375,0.458333333333333,0.416666666666667,0.333333333333333,0.416666666666667,0.458333333333333,0.3125,0.395833333333333,0.604166666666667,0.625
0.5625,0.5625,0.520833333333333,0.520833333333333,0.520833333333333,0.5625,0.5625,0.333333333333333,0.291666666666667,0.333333333333333,0.3125,0.375,0.333333333333333,0.541666666666667,0.416666666666667,0.3125,0.5,0.395833333333333,0.5625,0.541666666666667,0.5,0.4375,0.416666666666667,0.395833333333333,0.208333333333333,0.333333333333333,0.229166666666667,1,0.4375,0.4375,0.604166666666667,0.5,0.333333333333333,0.3125,0.458333333333333,0.4375,0.520833333333333,0.4375,0.4375,0.5,0.479166666666667,0.25,0.520833333333333,0.416666666666667,0.479166666666667,0.583333333333333,0.625
0.604166666666667,0.541666666666667,0.604166666666667,0.604166666666667,0.479166666666667,0.541666666666667,0.541666666666667,0.354166666666667,0.291666666666667,0.3125,0.333333333333333,0.375,0.375,0.5625,0.458333333333333,0.333333333333333,0.5625,0.5,0.625,0.583333333333333,0.5,0.416666666666667,0.520833333333333,0.333333333333333,0.333333333333333,0.375,0.583333333333333,1,0.4375,0.416666666666667,0.625,0.520833333333333,0.333333333333333,0.291666666666667,0.5,0.5,0.395833333333333,0.416666666666667,0.416666666666667,0.333333333333333,0.395833333333333,0.354166666666667,0.416666666666667,0.458333333333333,0.333333333333333,0.645833333333333,0.645833333333333
0.604166666666667,0.5625,0.5625,0.5625,0.5,0.5625,0.541666666666667,0.354166666666667,0.375,0.3125,0.333333333333333,0.208333333333333,0.375,0.604166666666667,0.395833333333333,0.291666666666667,0.541666666666667,0.416666666666667,0.583333333333333,0.604166666666667,0.3125,0.1875,0.479166666666667,0.395833333333333,0.229166666666667,0.375,0.5625,1,0.479166666666667,0.4375,0.625,0.416666666666667,0.3125,0.375,0.479166666666667,0.395833333333333,0.458333333333333,0.375,0.354166666666667,0.354166666666667,0.4375,0.354166666666667,0.479166666666667,0.458333333333333,0.4375,0.625,0.645833333333333
0.583333333333333,0.604166666666667,0.645833333333333,0.645833333333333,0.5625,0.5625,0.5625,0.458333333333333,0.375,0.4375,0.395833333333333,0.1875,0.395833333333333,0.5,0.395833333333333,0.270833333333333,0.5625,0.5,0.583333333333333,0.5,0.416666666666667,0.1875,0.333333333333333,0.25,0.270833333333333,0.270833333333333,0.625,1,0.458333333333333,0.354166666666667,0.604166666666667,0.416666666666667,0.375,0.375,0.5,0.520833333333333,0.458333333333333,0.291666666666667,0.166666666666667,0.3125,0.520833333333333,0.375,0.395833333333333,0.458333333333333,0.229166666666667,0.541666666666667,0.645833333333333
0.541666666666667,0.520833333333333,0.479166666666667,0.479166666666667,0.4375,0.416666666666667,0.4375,0.229166666666667,0.3125,0.3125,0.333333333333333,0.375,0.375,0.583333333333333,0.520833333333333,0.4375,0.5625,0.4375,0.5625,0.541666666666667,0.333333333333333,0.5,0.458333333333333,0.333333333333333,0.354166666666667,0.375,0.5625,1,0.4375,0.416666666666667,0.541666666666667,0.5625,0.458333333333333,0.3125,0.520833333333333,0.4375,0.479166666666667,0.4375,0.4375,0.4375,0.416666666666667,0.375,0.5,0.375,0.458333333333333,0.583333333333333,0.666666666666667
0.5,0.5,0.395833333333333,0.395833333333333,0.416666666666667,0.4375,0.458333333333333,0.333333333333333,0.354166666666667,0.3125,0.375,0.270833333333333,0.291666666666667,0.416666666666667,0.229166666666667,0.229166666666667,0.354166666666667,0.416666666666667,0.375,0.395833333333333,0.458333333333333,0.166666666666667,0.166666666666667,0.354166666666667,0.458333333333333,0.291666666666667,0.5,1,0.395833333333333,0.4375,0.645833333333333,0.4375,0.145833333333333,0.354166666666667,0.291666666666667,0.5,0.479166666666667,0.4375,0.4375,0.333333333333333,0.520833333333333,0.354166666666667,0.458333333333333,0.395833333333333,0.291666666666667,0.5625,0.6875
0.541666666666667,0.5625,0.458333333333333,0.458333333333333,0.458333333333333,0.541666666666667,0.583333333333333,0.354166666666667,0.416666666666667,0.333333333333333,0.333333333333333,0.166666666666667,0.270833333333333,0.479166666666667,0.4375,0.375,0.4375,0.333333333333333,0.520833333333333,0.458333333333333,0.354166666666667,0.270833333333333,0.4375,0.3125,0.270833333333333,0.291666666666667,0.479166666666667,1,0.4375,0.395833333333333,0.625,0.4375,0.3125,0.4375,0.416666666666667,0.458333333333333,0.520833333333333,0.479166666666667,0.458333333333333,0.4375,0.416666666666667,0.395833333333333,0.5,0.479166666666667,0.395833333333333,0.604166666666667,0.645833333333333
0.520833333333333,0.5,0.479166666666667,0.479166666666667,0.395833333333333,0.4375,0.458333333333333,0.333333333333333,0.416666666666667,0.416666666666667,0.5,0.270833333333333,0.3125,0.520833333333333,0.5,0.375,0.416666666666667,0.458333333333333,0.479166666666667,0.416666666666667,0.375,0.208333333333333,0.395833333333333,0.395833333333333,0.3125,0.333333333333333,0.625,1,0.458333333333333,0.4375,0.645833333333333,0.5625,0.4375,0.416666666666667,0.4375,0.458333333333333,0.458333333333333,0.395833333333333,0.354166666666667,0.333333333333333,0.333333333333333,0.4375,0.458333333333333,0.333333333333333,0.395833333333333,0.604166666666667,0.666666666666667
0.625,0.625,0.5625,0.5625,0.520833333333333,0.541666666666667,0.5625,0.375,0.416666666666667,0.354166666666667,0.354166666666667,0.1875,0.291666666666667,0.583333333333333,0.458333333333333,0.333333333333333,0.541666666666667,0.395833333333333,0.4375,0.583333333333333,0.208333333333333,0.229166666666667,0.5,0.270833333333333,0.291666666666667,0.3125,0.5,1,0.479166666666667,0.395833333333333,0.645833333333333,0.479166666666667,0.354166666666667,0.4375,0.520833333333333,0.416666666666667,0.458333333333333,0.375,0.395833333333333,0.458333333333333,0.3125,0.416666666666667,0.479166666666667,0.416666666666667,0.416666666666667,0.5625,0.666666666666667
0.729166666666667,0.6875,0.645833333333333,0.645833333333333,0.5,0.583333333333333,0.645833333333333,0.354166666666667,0.333333333333333,0.3125,0.395833333333333,0.208333333333333,0.270833333333333,0.604166666666667,0.5,0.25,0.520833333333333,0.520833333333333,0.5625,0.583333333333333,0.270833333333333,0.25,0.458333333333333,0.3125,0.4375,0.416666666666667,0.625,1,0.520833333333333,0.395833333333333,0.604166666666667,0.375,0.270833333333333,0.333333333333333,0.5,0.5,0.4375,0.395833333333333,0.375,0.354166666666667,0.395833333333333,0.375,0.5,0.416666666666667,0.291666666666667,0.708333333333333,0.666666666666667
0.625,0.604166666666667,0.5625,0.5625,0.458333333333333,0.583333333333333,0.5625,0.270833333333333,0.270833333333333,0.3125,0.208333333333333,0.166666666666667,0.3125,0.583333333333333,0.479166666666667,0.208333333333333,0.541666666666667,0.5,0.5625,0.583333333333333,0.395833333333333,0.125,0.520833333333333,0.354166666666667,0.25,0.354166666666667,0.645833333333333,1,0.479166666666667,0.395833333333333,0.645833333333333,0.520833333333333,0.3125,0.270833333333333,0.458333333333333,0.458333333333333,0.354166666666667,0.479166666666667,0.4375,0.229166666666667,0.354166666666667,0.291666666666667,0.5,0.375,0.291666666666667,0.625,0.6875
0.645833333333333,0.583333333333333,0.5625,0.5625,0.4375,0.541666666666667,0.520833333333333,0.375,0.416666666666667,0.333333333333333,0.375,0.125,0.270833333333333,0.520833333333333,0.333333333333333,0.166666666666667,0.5,0.5,0.416666666666667,0.541666666666667,0.479166666666667,0.145833333333333,0.229166666666667,0.333333333333333,0.291666666666667,0.291666666666667,0.520833333333333,1,0.458333333333333,0.458333333333333,0.645833333333333,0.5625,0.458333333333333,0.416666666666667,0.541666666666667,0.416666666666667,0.458333333333333,0.458333333333333,0.458333333333333,0.25,0.479166666666667,0.375,0.458333333333333,0.395833333333333,0.479166666666667,0.583333333333333,0.6875
0.604166666666667,0.5625,0.5625,0.5625,0.4375,0.479166666666667,0.479166666666667,0.4375,0.458333333333333,0.416666666666667,0.333333333333333,0.208333333333333,0.333333333333333,0.5625,0.4375,0.3125,0.520833333333333,0.291666666666667,0.520833333333333,0.5625,0.5,0.229166666666667,0.395833333333333,0.354166666666667,0.3125,0.375,0.520833333333333,1,0.458333333333333,0.416666666666667,0.583333333333333,0.520833333333333,0.458333333333333,0.458333333333333,0.458333333333333,0.395833333333333,0.4375,0.395833333333333,0.354166666666667,0.375,0.4375,0.354166666666667,0.5625,0.520833333333333,0.5,0.604166666666667,0.645833333333333
0.5,0.520833333333333,0.583333333333333,0.583333333333333,0.395833333333333,0.416666666666667,0.416666666666667,0.354166666666667,0.4375,0.395833333333333,0.354166666666667,0.354166666666667,0.270833333333333,0.520833333333333,0.4375,0.354166666666667,0.520833333333333,0.4375,0.5625,0.541666666666667,0.395833333333333,0.458333333333333,0.416666666666667,0.375,0.291666666666667,0.270833333333333,0.625,1,0.395833333333333,0.458333333333333,0.645833333333333,0.5,0.3125,0.4375,0.5,0.416666666666667,0.458333333333333,0.395833333333333,0.458333333333333,0.3125,0.354166666666667,0.4375,0.458333333333333,0.270833333333333,0.416666666666667,0.583333333333333,0.666666666666667
0.583333333333333,0.5625,0.5625,0.5625,0.5,0.541666666666667,0.541666666666667,0.270833333333333,0.333333333333333,0.291666666666667,0.4375,0.1875,0.291666666666667,0.583333333333333,0.458333333333333,0.4375,0.5,0.458333333333333,0.416666666666667,0.520833333333333,0.5,0.208333333333333,0.145833333333333,0.354166666666667,0.333333333333333,0.270833333333333,0.0416666666666667,1,0.416666666666667,0.4375,0.625,0.4375,0.1875,0.333333333333333,0.5,0.416666666666667,0.5,0.416666666666667,0.395833333333333,0.375,0.520833333333333,0.333333333333333,0.541666666666667,0.375,0.270833333333333,0.583333333333333,0.604166666666667
0.604166666666667,0.583333333333333,0.625,0.604166666666667,0.520833333333333,0.541666666666667,0.520833333333333,0.395833333333333,0.395833333333333,0.416666666666667,0.395833333333333,0.375,0.333333333333333,0.5625,0.5,0.416666666666667,0.541666666666667,0.458333333333333,0.583333333333333,0.583333333333333,0.4375,0.145833333333333,0.479166666666667,0.229166666666667,0.291666666666667,0.354166666666667,0.541666666666667,1,0.479166666666667,0.416666666666667,0.625,0.25,0.4375,0.375,0.479166666666667,0.4375,0.4375,0.458333333333333,0.395833333333333,0.416666666666667,0.520833333333333,0.3125,0.458333333333333,0.395833333333333,0.291666666666667,0.645833333333333,0.666666666666667
0.583333333333333,0.583333333333333,0.604166666666667,0.604166666666667,0.354166666666667,0.4375,0.4375,0.333333333333333,0.270833333333333,0.354166666666667,0.4375,0.375,0.270833333333333,0.5,0.291666666666667,0.354166666666667,0.5,0.458333333333333,0.520833333333333,0.541666666666667,0.458333333333333,0.416666666666667,0.270833333333333,0.229166666666667,0.375,0.3125,0.125,1,0.333333333333333,0.4375,0.666666666666667,0.541666666666667,0.375,0.270833333333333,0.5,0.458333333333333,0.541666666666667,0.333333333333333,0.458333333333333,0.395833333333333,0.5,0.375,0.5,0.4375,0.458333333333333,0.645833333333333,0.645833333333333
0.583333333333333,0.5625,0.625,0.625,0.479166666666667,0.5,0.479166666666667,0.375,0.4375,0.395833333333333,0.375,0.1875,0.333333333333333,0.520833333333333,0.520833333333333,0.354166666666667,0.479166666666667,0.4375,0.541666666666667,0.479166666666667,0.520833333333333,0.416666666666667,0.375,0.333333333333333,0.3125,0.333333333333333,0.0625,1,0.395833333333333,0.458333333333333,0.583333333333333,0.458333333333333,0.3125,0.4375,0.4375,0.4375,0.416666666666667,0.4375,0.416666666666667,0.291666666666667,0.333333333333333,0.395833333333333,0.458333333333333,0.458333333333333,0.375,0.6875,0.645833333333333
0.645833333333333,0.625,0.604166666666667,0.604166666666667,0.541666666666667,0.583333333333333,0.5625,0.333333333333333,0.291666666666667,0.291666666666667,0.416666666666667,0.166666666666667,0.25,0.583333333333333,0.541666666666667,0.0833333333333333,0.520833333333333,0.479166666666667,0.5,0.5625,0.229166666666667,0.0833333333333333,0.208333333333333,0.1875,0.354166666666667,0.291666666666667,0.645833333333333,1,0.458333333333333,0.458333333333333,0.666666666666667,0.479166666666667,0.520833333333333,0.291666666666667,0.520833333333333,0.4375,0.395833333333333,0.4375,0.4375,0.354166666666667,0.333333333333333,0.354166666666667,0.458333333333333,0.375,0.333333333333333,0.625,0.666666666666667
0.625,0.625,0.666666666666667,0.666666666666667,0.541666666666667,0.520833333333333,0.5,0.375,0.25,0.3125,0.333333333333333,0.145833333333333,0.3125,0.5625,0.479166666666667,0.0833333333333333,0.520833333333333,0.479166666666667,0.520833333333333,0.541666666666667,0.541666666666667,0.104166666666667,0.4375,0.3125,0.4375,0.3125,0.625,1,0.395833333333333,0.416666666666667,0.604166666666667,0.520833333333333,0.458333333333333,0.270833333333333,0.541666666666667,0.5625,0.416666666666667,0.395833333333333,0.520833333333333,0.395833333333333,0.395833333333333,0.229166666666667,0.458333333333333,0.541666666666667,0.395833333333333,0.583333333333333,0.666666666666667
0.4375,0.4375,0.541666666666667,0.5625,0.5,0.458333333333333,0.479166666666667,0.333333333333333,0.3125,0.333333333333333,0.458333333333333,0.5,0.333333333333333,0.479166666666667,0.4375,0.5,0.520833333333333,0.395833333333333,0.5,0.520833333333333,0.458333333333333,0.125,0.354166666666667,0.333333333333333,0.291666666666667,0.4375,0.0416666666666667,1,0.395833333333333,0.416666666666667,0.645833333333333,0.5,0.416666666666667,0.291666666666667,0.5625,0.416666666666667,0.395833333333333,0.458333333333333,0.333333333333333,0.270833333333333,0.458333333333333,0.333333333333333,0.458333333333333,0.4375,0.4375,0.5625,0.604166666666667
0.625,0.604166666666667,0.604166666666667,0.604166666666667,0.479166666666667,0.5625,0.541666666666667,0.458333333333333,0.3125,0.3125,0.416666666666667,0.354166666666667,0.270833333333333,0.645833333333333,0.541666666666667,0.416666666666667,0.520833333333333,0.4375,0.5625,0.520833333333333,0.4375,0.145833333333333,0.395833333333333,0.270833333333333,0.291666666666667,0.3125,0.583333333333333,1,0.5,0.4375,0.645833333333333,0.520833333333333,0.458333333333333,0.3125,0.5,0.416666666666667,0.520833333333333,0.395833333333333,0.354166666666667,0.354166666666667,0.479166666666667,0.395833333333333,0.479166666666667,0.520833333333333,0.479166666666667,0.625,0.583333333333333
0.604166666666667,0.5625,0.541666666666667,0.5625,0.458333333333333,0.541666666666667,0.5625,0.354166666666667,0.333333333333333,0.3125,0.354166666666667,0.333333333333333,0.291666666666667,0.5625,0.520833333333333,0.375,0.520833333333333,0.416666666666667,0.520833333333333,0.5625,0.479166666666667,0.479166666666667,0.395833333333333,0.333333333333333,0.3125,0.3125,0.5,1,0.479166666666667,0.4375,0.583333333333333,0.479166666666667,0.416666666666667,0.333333333333333,0.479166666666667,0.458333333333333,0.395833333333333,0.4375,0.4375,0.333333333333333,0.354166666666667,0.375,0.5,0.375,0.4375,0.604166666666667,0.6875
0.520833333333333,0.520833333333333,0.583333333333333,0.583333333333333,0.4375,0.458333333333333,0.458333333333333,0.375,0.354166666666667,0.333333333333333,0.395833333333333,0.208333333333333,0.3125,0.479166666666667,0.395833333333333,0.333333333333333,0.541666666666667,0.354166666666667,0.479166666666667,0.5,0.354166666666667,0.125,0.395833333333333,0.3125,0.1875,0.333333333333333,0.5625,1,0.375,0.354166666666667,0.625,0.541666666666667,0.479166666666667,0.354166666666667,0.5,0.4375,0.583333333333333,0.4375,0.4375,0.4375,0.4375,0.3125,0.479166666666667,0.541666666666667,0.291666666666667,0.479166666666667,0.625
0.625,0.645833333333333,0.666666666666667,0.645833333333333,0.5625,0.583333333333333,0.5625,0.541666666666667,0.458333333333333,0.5,0.479166666666667,0.458333333333333,0.270833333333333,0.5,0.479166666666667,0.375,0.541666666666667,0.5,0.5625,0.583333333333333,0.479166666666667,0.25,0.458333333333333,0.291666666666667,0.291666666666667,0.375,0.0833333333333333,1,0.458333333333333,0.458333333333333,0.625,0.5,0.541666666666667,0.479166666666667,0.5,0.458333333333333,0.458333333333333,0.5,0.4375,0.395833333333333,0.416666666666667,0.291666666666667,0.416666666666667,0.4375,0.5,0.583333333333333,0.625
0.583333333333333,0.479166666666667,0.5625,0.5625,0.479166666666667,0.520833333333333,0.541666666666667,0.479166666666667,0.4375,0.458333333333333,0.25,0.1875,0.375,0.541666666666667,0.416666666666667,0.416666666666667,0.5,0.458333333333333,0.520833333333333,0.520833333333333,0.1875,0.166666666666667,0.458333333333333,0.395833333333333,0.25,0.375,0.458333333333333,1,0.375,0.4375,0.625,0.541666666666667,0.479166666666667,0.4375,0.479166666666667,0.375,0.520833333333333,0.5,0.416666666666667,0.4375,0.479166666666667,0.395833333333333,0.416666666666667,0.458333333333333,0.416666666666667,0.5,0.645833333333333
0.625,0.645833333333333,0.666666666666667,0.666666666666667,0.375,0.479166666666667,0.5,0.270833333333333,0.3125,0.354166666666667,0.458333333333333,0.395833333333333,0.291666666666667,0.5625,0.458333333333333,0.416666666666667,0.583333333333333,0.5,0.479166666666667,0.625,0.5,0.375,0.395833333333333,0.25,0.354166666666667,0.354166666666667,0.104166666666667,1,0.333333333333333,0.479166666666667,0.625,0.520833333333333,0.333333333333333,0.3125,0.479166666666667,0.416666666666667,0.520833333333333,0.395833333333333,0.416666666666667,0.416666666666667,0.4375,0.395833333333333,0.520833333333333,0.395833333333333,0.458333333333333,0.645833333333333,0.583333333333333
0.645833333333333,0.625,0.583333333333333,0.583333333333333,0.5,0.5625,0.5625,0.375,0.4375,0.333333333333333,0.4375,0.3125,0.375,0.583333333333333,0.458333333333333,0.5,0.520833333333333,0.4375,0.5625,0.5625,0.354166666666667,0.270833333333333,0.4375,0.3125,0.291666666666667,0.3125,0.583333333333333,1,0.4375,0.395833333333333,0.583333333333333,0.520833333333333,0.416666666666667,0.4375,0.5625,0.479166666666667,0.416666666666667,0.395833333333333,0.416666666666667,0.3125,0.395833333333333,0.375,0.5,0.333333333333333,0.479166666666667,0.645833333333333,0.645833333333333
0.604166666666667,0.520833333333333,0.520833333333333,0.520833333333333,0.479166666666667,0.520833333333333,0.5,0.416666666666667,0.395833333333333,0.4375,0.333333333333333,0.1875,0.354166666666667,0.520833333333333,0.458333333333333,0.1875,0.541666666666667,0.458333333333333,0.5625,0.541666666666667,0.541666666666667,0.125,0.479166666666667,0.229166666666667,0.270833333333333,0.291666666666667,0.5625,1,0.416666666666667,0.4375,0.625,0.520833333333333,0.416666666666667,0.375,0.479166666666667,0.416666666666667,0.5,0.416666666666667,0.458333333333333,0.375,0.416666666666667,0.3125,0.5,0.395833333333333,0.5625,0.645833333333333,0.666666666666667
0.416666666666667,0.4375,0.458333333333333,0.458333333333333,0.479166666666667,0.520833333333333,0.520833333333333,0.375,0.354166666666667,0.333333333333333,0.395833333333333,0.333333333333333,0.270833333333333,0.458333333333333,0.416666666666667,0.375,0.458333333333333,0.4375,0.395833333333333,0.5,0.3125,0.145833333333333,0.354166666666667,0.25,0.270833333333333,0.3125,0.479166666666667,1,0.416666666666667,0.458333333333333,0.604166666666667,0.520833333333333,0.395833333333333,0.333333333333333,0.4375,0.4375,0.416666666666667,0.354166666666667,0.208333333333333,0.25,0.458333333333333,0.375,0.458333333333333,0.479166666666667,0.270833333333333,0.541666666666667,0.645833333333333
0.625,0.583333333333333,0.541666666666667,0.5625,0.520833333333333,0.541666666666667,0.541666666666667,0.291666666666667,0.333333333333333,0.395833333333333,0.333333333333333,0.166666666666667,0.270833333333333,0.520833333333333,0.4375,0.3125,0.5,0.479166666666667,0.541666666666667,0.5625,0.291666666666667,0.125,0.270833333333333,0.333333333333333,0.3125,0.375,0.625,1,0.4375,0.395833333333333,0.666666666666667,0.5,0.291666666666667,0.3125,0.4375,0.458333333333333,0.458333333333333,0.4375,0.4375,0.270833333333333,0.3125,0.479166666666667,0.416666666666667,0.395833333333333,0.416666666666667,0.604166666666667,0.666666666666667
0.541666666666667,0.5,0.5,0.5,0.458333333333333,0.520833333333333,0.520833333333333,0.3125,0.395833333333333,0.291666666666667,0.375,0.25,0.333333333333333,0.604166666666667,0.458333333333333,0.270833333333333,0.520833333333333,0.4375,0.541666666666667,0.583333333333333,0.291666666666667,0.3125,0.291666666666667,0.395833333333333,0.354166666666667,0.395833333333333,0.625,1,0.479166666666667,0.458333333333333,0.625,0.479166666666667,0.5,0.395833333333333,0.4375,0.395833333333333,0.479166666666667,0.395833333333333,0.333333333333333,0.333333333333333,0.395833333333333,0.416666666666667,0.583333333333333,0.395833333333333,0.3125,0.708333333333333,0.6875
0.604166666666667,0.645833333333333,0.604166666666667,0.604166666666667,0.520833333333333,0.625,0.5625,0.375,0.333333333333333,0.354166666666667,0.25,0.166666666666667,0.3125,0.520833333333333,0.4375,0.333333333333333,0.416666666666667,0.354166666666667,0.458333333333333,0.416666666666667,0.0416666666666667,0.145833333333333,0.3125,0.208333333333333,0.270833333333333,0.354166666666667,0,1,0.4375,0.375,0.666666666666667,0.520833333333333,0.145833333333333,0.333333333333333,0.416666666666667,0.479166666666667,0.541666666666667,0.4375,0.458333333333333,0.354166666666667,0.479166666666667,0.416666666666667,0.416666666666667,0.416666666666667,0.375,0.5625,0.625
0.520833333333333,0.583333333333333,0.5625,0.583333333333333,0.395833333333333,0.354166666666667,0.4375,0.458333333333333,0.458333333333333,0.354166666666667,0.395833333333333,0.4375,0.354166666666667,0.4375,0.395833333333333,0.4375,0.520833333333333,0.5,0.458333333333333,0.5625,0.3125,0.229166666666667,0.4375,0.354166666666667,0.3125,0.395833333333333,0.479166666666667,1,0.458333333333333,0.4375,0.645833333333333,0.479166666666667,0.416666666666667,0.458333333333333,0.5,0.458333333333333,0.520833333333333,0.4375,0.458333333333333,0.354166666666667,0.479166666666667,0.375,0.5,0.458333333333333,0.479166666666667,0.625,0.666666666666667
0.604166666666667,0.604166666666667,0.666666666666667,0.666666666666667,0.479166666666667,0.4375,0.4375,0.416666666666667,0.520833333333333,0.375,0.354166666666667,0.270833333333333,0.395833333333333,0.5,0.458333333333333,0.375,0.520833333333333,0.479166666666667,0.604166666666667,0.520833333333333,0.458333333333333,0.3125,0.375,0.333333333333333,0.375,0.354166666666667,0.520833333333333,1,0.375,0.375,0.645833333333333,0.5,0.229166666666667,0.5,0.479166666666667,0.416666666666667,0.5,0.479166666666667,0.375,0.333333333333333,0.458333333333333,0.5,0.5,0.354166666666667,0.5,0.645833333333333,0.645833333333333
0.458333333333333,0.5625,0.520833333333333,0.520833333333333,0.395833333333333,0.4375,0.458333333333333,0.5,0.5,0.416666666666667,0.4375,0.270833333333333,0.333333333333333,0.395833333333333,0.3125,0.270833333333333,0.541666666666667,0.395833333333333,0.4375,0.5,0.458333333333333,0.229166666666667,0.4375,0.25,0.3125,0.3125,0.0833333333333333,1,0.375,0.416666666666667,0.645833333333333,0.479166666666667,0.354166666666667,0.5,0.541666666666667,0.458333333333333,0.479166666666667,0.333333333333333,0.395833333333333,0.25,0.479166666666667,0.375,0.5,0.416666666666667,0.208333333333333,0.520833333333333,0.583333333333333
0.541666666666667,0.583333333333333,0.4375,0.458333333333333,0.4375,0.479166666666667,0.479166666666667,0.291666666666667,0.229166666666667,0.291666666666667,0.479166666666667,0.166666666666667,0.354166666666667,0.604166666666667,0.5,0.375,0.4375,0.354166666666667,0.3125,0.416666666666667,0.333333333333333,0.125,0.1875,0.395833333333333,0.291666666666667,0.333333333333333,0.479166666666667,1,0.458333333333333,0.333333333333333,0.604166666666667,0.479166666666667,0.3125,0.229166666666667,0.4375,0.4375,0.458333333333333,0.395833333333333,0.333333333333333,0.333333333333333,0.4375,0.333333333333333,0.479166666666667,0.354166666666667,0.3125,0.604166666666667,0.604166666666667
0.604166666666667,0.604166666666667,0.645833333333333,0.645833333333333,0.375,0.520833333333333,0.520833333333333,0.375,0.4375,0.416666666666667,0.4375,0.395833333333333,0.395833333333333,0.395833333333333,0.208333333333333,0.416666666666667,0.5,0.458333333333333,0.541666666666667,0.583333333333333,0.416666666666667,0.291666666666667,0.375,0.416666666666667,0.354166666666667,0.375,0.541666666666667,1,0.333333333333333,0.458333333333333,0.666666666666667,0.479166666666667,0.208333333333333,0.458333333333333,0.458333333333333,0.416666666666667,0.520833333333333,0.375,0.4375,0.416666666666667,0.395833333333333,0.416666666666667,0.5625,0.458333333333333,0.3125,0.583333333333333,0.6875
0.604166666666667,0.625,0.645833333333333,0.645833333333333,0.479166666666667,0.520833333333333,0.520833333333333,0.354166666666667,0.395833333333333,0.375,0.333333333333333,0.145833333333333,0.291666666666667,0.541666666666667,0.479166666666667,0.333333333333333,0.5,0.395833333333333,0.583333333333333,0.520833333333333,0.375,0.166666666666667,0.354166666666667,0.229166666666667,0.333333333333333,0.3125,0.604166666666667,1,0.416666666666667,0.416666666666667,0.625,0.541666666666667,0.354166666666667,0.395833333333333,0.458333333333333,0.458333333333333,0.479166666666667,0.416666666666667,0.395833333333333,0.375,0.5625,0.395833333333333,0.520833333333333,0.416666666666667,0.333333333333333,0.604166666666667,0.666666666666667
0.5625,0.5625,0.5625,0.583333333333333,0.479166666666667,0.4375,0.479166666666667,0.333333333333333,0.4375,0.333333333333333,0.416666666666667,0.166666666666667,0.354166666666667,0.5625,0.479166666666667,0.375,0.520833333333333,0.458333333333333,0.5,0.5,0.395833333333333,0.1875,0.25,0.375,0.375,0.3125,0.520833333333333,1,0.4375,0.395833333333333,0.625,0.479166666666667,0.291666666666667,0.416666666666667,0.5,0.479166666666667,0.520833333333333,0.416666666666667,0.4375,0.270833333333333,0.458333333333333,0.3125,0.458333333333333,0.416666666666667,0.479166666666667,0.625,0.666666666666667
0.645833333333333,0.583333333333333,0.583333333333333,0.583333333333333,0.458333333333333,0.5625,0.5625,0.395833333333333,0.458333333333333,0.416666666666667,0.291666666666667,0.145833333333333,0.3125,0.583333333333333,0.5625,0.395833333333333,0.5,0.4375,0.541666666666667,0.5625,0.458333333333333,0.166666666666667,0.375,0.354166666666667,0.354166666666667,0.291666666666667,0.5625,1,0.479166666666667,0.395833333333333,0.604166666666667,0.3125,0.333333333333333,0.458333333333333,0.5,0.479166666666667,0.4375,0.4375,0.4375,0.354166666666667,0.354166666666667,0.354166666666667,0.5,0.333333333333333,0.5,0.666666666666667,0.645833333333333
0.479166666666667,0.5,0.458333333333333,0.458333333333333,0.458333333333333,0.458333333333333,0.458333333333333,0.354166666666667,0.291666666666667,0.333333333333333,0.375,0.354166666666667,0.291666666666667,0.541666666666667,0.416666666666667,0.4375,0.5,0.5,0.395833333333333,0.479166666666667,0.458333333333333,0.4375,0.458333333333333,0.333333333333333,0.25,0.354166666666667,0.0625,1,0.479166666666667,0.458333333333333,0.604166666666667,0.4375,0.395833333333333,0.3125,0.4375,0.4375,0.4375,0.4375,0.4375,0.291666666666667,0.25,0.229166666666667,0.5,0.3125,0.4375,0.645833333333333,0.625
0.625,0.583333333333333,0.583333333333333,0.583333333333333,0.5625,0.5625,0.5625,0.229166666666667,0.270833333333333,0.3125,0.395833333333333,0.166666666666667,0.291666666666667,0.5625,0.5,0.375,0.5625,0.333333333333333,0.5,0.604166666666667,0.458333333333333,0.5,0.395833333333333,0.375,0.270833333333333,0.416666666666667,0.520833333333333,1,0.479166666666667,0.479166666666667,0.625,0.541666666666667,0.458333333333333,0.291666666666667,0.5,0.458333333333333,0.5,0.458333333333333,0.354166666666667,0.395833333333333,0.5,0.375,0.541666666666667,0.520833333333333,0.375,0.645833333333333,0.645833333333333
0.5,0.520833333333333,0.583333333333333,0.5625,0.416666666666667,0.458333333333333,0.479166666666667,0.354166666666667,0.354166666666667,0.354166666666667,0.333333333333333,0.166666666666667,0.25,0.541666666666667,0.458333333333333,0.354166666666667,0.4375,0.479166666666667,0.5625,0.5,0.291666666666667,0.104166666666667,0.395833333333333,0.3125,0.291666666666667,0.333333333333333,0.583333333333333,1,0.416666666666667,0.395833333333333,0.604166666666667,0.479166666666667,0.25,0.354166666666667,0.5625,0.520833333333333,0.541666666666667,0.458333333333333,0.479166666666667,0.395833333333333,0.4375,0.333333333333333,0.5,0.479166666666667,0.395833333333333,0.645833333333333,0.666666666666667
0.604166666666667,0.583333333333333,0.541666666666667,0.541666666666667,0.5,0.541666666666667,0.520833333333333,0.25,0.291666666666667,0.291666666666667,0.3125,0.291666666666667,0.3125,0.520833333333333,0.416666666666667,0.3125,0.5,0.479166666666667,0.541666666666667,0.541666666666667,0.416666666666667,0.416666666666667,0.416666666666667,0.270833333333333,0.3125,0.333333333333333,0.5625,1,0.479166666666667,0.4375,0.583333333333333,0.520833333333333,0.479166666666667,0.291666666666667,0.416666666666667,0.458333333333333,0.395833333333333,0.479166666666667,0.479166666666667,0.270833333333333,0.375,0.375,0.520833333333333,0.458333333333333,0.375,0.625,0.625
0.645833333333333,0.604166666666667,0.604166666666667,0.604166666666667,0.541666666666667,0.5625,0.5625,0.354166666666667,0.375,0.3125,0.354166666666667,0.1875,0.270833333333333,0.5625,0.354166666666667,0.208333333333333,0.541666666666667,0.395833333333333,0.541666666666667,0.583333333333333,0.333333333333333,0.104166666666667,0.416666666666667,0.333333333333333,0.291666666666667,0.3125,0.583333333333333,1,0.395833333333333,0.395833333333333,0.604166666666667,0.458333333333333,0.3125,0.395833333333333,0.458333333333333,0.520833333333333,0.541666666666667,0.520833333333333,0.354166666666667,0.3125,0.416666666666667,0.4375,0.541666666666667,0.4375,0.479166666666667,0.708333333333333,0.6875
0.625,0.666666666666667,0.583333333333333,0.583333333333333,0.354166666666667,0.458333333333333,0.416666666666667,0.333333333333333,0.4375,0.395833333333333,0.4375,0.416666666666667,0.291666666666667,0.583333333333333,0.416666666666667,0.4375,0.5625,0.5,0.604166666666667,0.604166666666667,0.354166666666667,0.166666666666667,0.4375,0.354166666666667,0.375,0.375,0.5,1,0.395833333333333,0.458333333333333,0.604166666666667,0.583333333333333,0.416666666666667,0.4375,0.583333333333333,0.395833333333333,0.375,0.4375,0.375,0.354166666666667,0.416666666666667,0.333333333333333,0.520833333333333,0.4375,0.520833333333333,0.625,0.6875
0.541666666666667,0.541666666666667,0.5,0.5,0.354166666666667,0.458333333333333,0.4375,0.333333333333333,0.395833333333333,0.416666666666667,0.333333333333333,0.291666666666667,0.270833333333333,0.479166666666667,0.479166666666667,0.3125,0.375,0.354166666666667,0.416666666666667,0.458333333333333,0.479166666666667,0.3125,0.479166666666667,0.208333333333333,0.3125,0.333333333333333,0.520833333333333,1,0.375,0.4375,0.625,0.291666666666667,0.354166666666667,0.395833333333333,0.375,0.354166666666667,0.458333333333333,0.395833333333333,0.375,0.416666666666667,0.4375,0.354166666666667,0.458333333333333,0.395833333333333,0.416666666666667,0.541666666666667,0.666666666666667
0.604166666666667,0.5625,0.5625,0.5625,0.458333333333333,0.541666666666667,0.5,0.375,0.291666666666667,0.3125,0.354166666666667,0.166666666666667,0.270833333333333,0.5625,0.458333333333333,0.354166666666667,0.5625,0.458333333333333,0.583333333333333,0.604166666666667,0.458333333333333,0.166666666666667,0.479166666666667,0.354166666666667,0.25,0.291666666666667,0.583333333333333,1,0.4375,0.416666666666667,0.604166666666667,0.5,0.5,0.291666666666667,0.5,0.4375,0.541666666666667,0.375,0.416666666666667,0.416666666666667,0.354166666666667,0.395833333333333,0.520833333333333,0.395833333333333,0.416666666666667,0.625,0.625
0.541666666666667,0.5,0.520833333333333,0.520833333333333,0.4375,0.458333333333333,0.479166666666667,0.375,0.354166666666667,0.354166666666667,0.291666666666667,0.166666666666667,0.3125,0.520833333333333,0.479166666666667,0.5,0.541666666666667,0.395833333333333,0.375,0.5,0.270833333333333,0.145833333333333,0.458333333333333,0.375,0.270833333333333,0.291666666666667,0.5,1,0.416666666666667,0.395833333333333,0.625,0.5,0.458333333333333,0.333333333333333,0.479166666666667,0.458333333333333,0.458333333333333,0.395833333333333,0.395833333333333,0.3125,0.416666666666667,0.375,0.520833333333333,0.4375,0.416666666666667,0.541666666666667,0.645833333333333
0.583333333333333,0.583333333333333,0.583333333333333,0.583333333333333,0.520833333333333,0.5625,0.5625,0.416666666666667,0.375,0.354166666666667,0.416666666666667,0.208333333333333,0.3125,0.416666666666667,0.3125,0.166666666666667,0.5625,0.520833333333333,0.520833333333333,0.604166666666667,0.416666666666667,0.125,0.458333333333333,0.229166666666667,0.291666666666667,0.354166666666667,0.395833333333333,1,0.375,0.4375,0.645833333333333,0.5,0.3125,0.375,0.541666666666667,0.416666666666667,0.4375,0.333333333333333,0.458333333333333,0.291666666666667,0.479166666666667,0.354166666666667,0.458333333333333,0.5,0.25,0.479166666666667,0.625
0.645833333333333,0.645833333333333,0.604166666666667,0.604166666666667,0.458333333333333,0.583333333333333,0.541666666666667,0.395833333333333,0.375,0.458333333333333,0.3125,0.4375,0.333333333333333,0.5625,0.5,0.375,0.583333333333333,0.479166666666667,0.458333333333333,0.5625,0.4375,0.270833333333333,0.416666666666667,0.3125,0.4375,0.375,0.583333333333333,1,0.416666666666667,0.458333333333333,0.666666666666667,0.4375,0.416666666666667,0.375,0.479166666666667,0.479166666666667,0.5625,0.333333333333333,0.479166666666667,0.375,0.5,0.416666666666667,0.458333333333333,0.395833333333333,0.3125,0.625,0.708333333333333
0.5625,0.5625,0.479166666666667,0.479166666666667,0.479166666666667,0.541666666666667,0.520833333333333,0.3125,0.3125,0.291666666666667,0.395833333333333,0.145833333333333,0.270833333333333,0.5,0.520833333333333,0.25,0.479166666666667,0.4375,0.416666666666667,0.520833333333333,0.270833333333333,0.0833333333333333,0.270833333333333,0.208333333333333,0.375,0.3125,0.0416666666666667,1,0.416666666666667,0.416666666666667,0.583333333333333,0.479166666666667,0.208333333333333,0.3125,0.395833333333333,0.5,0.541666666666667,0.416666666666667,0.458333333333333,0.395833333333333,0.416666666666667,0.395833333333333,0.5625,0.4375,0.291666666666667,0.625,0.6875
0.541666666666667,0.5625,0.5625,0.5625,0.395833333333333,0.458333333333333,0.479166666666667,0.3125,0.395833333333333,0.333333333333333,0.3125,0.4375,0.145833333333333,0.520833333333333,0.458333333333333,0.333333333333333,0.541666666666667,0.416666666666667,0.479166666666667,0.604166666666667,0.5625,0.354166666666667,0.479166666666667,0.208333333333333,0.208333333333333,0.1875,0.625,1,0.4375,0.375,0.5625,0.479166666666667,0.375,0.395833333333333,0.520833333333333,0.375,0.5,0.5,0.395833333333333,0.333333333333333,0.375,0.395833333333333,0.5625,0.375,0.458333333333333,0.645833333333333,0.604166666666667
0.666666666666667,0.604166666666667,0.625,0.625,0.479166666666667,0.5625,0.520833333333333,0.291666666666667,0.229166666666667,0.416666666666667,0.375,0.125,0.3125,0.583333333333333,0.5,0.395833333333333,0.5625,0.479166666666667,0.520833333333333,0.604166666666667,0.1875,0.145833333333333,0.458333333333333,0.3125,0.375,0.291666666666667,0.583333333333333,1,0.416666666666667,0.416666666666667,0.625,0.520833333333333,0.291666666666667,0.229166666666667,0.5,0.375,0.4375,0.416666666666667,0.4375,0.25,0.375,0.333333333333333,0.458333333333333,0.458333333333333,0.354166666666667,0.729166666666667,0.645833333333333
0.604166666666667,0.604166666666667,0.625,0.625,0.479166666666667,0.5,0.479166666666667,0.3125,0.291666666666667,0.270833333333333,0.479166666666667,0.416666666666667,0.291666666666667,0.541666666666667,0.458333333333333,0.4375,0.520833333333333,0.5,0.4375,0.541666666666667,0.479166666666667,0.145833333333333,0.125,0.145833333333333,0.333333333333333,0.375,0.541666666666667,1,0.4375,0.458333333333333,0.645833333333333,0.520833333333333,0.0833333333333333,0.291666666666667,0.458333333333333,0.4375,0.520833333333333,0.333333333333333,0.416666666666667,0.291666666666667,0.333333333333333,0.333333333333333,0.479166666666667,0.375,0.208333333333333,0.604166666666667,0.666666666666667
0.479166666666667,0.5625,0.5625,0.5625,0.375,0.395833333333333,0.395833333333333,0.375,0.333333333333333,0.354166666666667,0.333333333333333,0.3125,0.333333333333333,0.395833333333333,0.395833333333333,0.395833333333333,0.5625,0.375,0.4375,0.604166666666667,0.416666666666667,0.145833333333333,0.354166666666667,0.1875,0.416666666666667,0.354166666666667,0.520833333333333,1,0.5,0.395833333333333,0.645833333333333,0.416666666666667,0.395833333333333,0.333333333333333,0.479166666666667,0.375,0.458333333333333,0.395833333333333,0.416666666666667,0.291666666666667,0.395833333333333,0.395833333333333,0.458333333333333,0.458333333333333,0.270833333333333,0.604166666666667,0.645833333333333
0.520833333333333,0.479166666666667,0.541666666666667,0.541666666666667,0.458333333333333,0.4375,0.458333333333333,0.3125,0.3125,0.333333333333333,0.333333333333333,0.166666666666667,0.333333333333333,0.541666666666667,0.458333333333333,0.3125,0.520833333333333,0.479166666666667,0.583333333333333,0.583333333333333,0.333333333333333,0.1875,0.458333333333333,0.3125,0.270833333333333,0.3125,0.604166666666667,1,0.375,0.458333333333333,0.604166666666667,0.5625,0.479166666666667,0.3125,0.520833333333333,0.520833333333333,0.479166666666667,0.416666666666667,0.416666666666667,0.458333333333333,0.541666666666667,0.458333333333333,0.458333333333333,0.5,0.354166666666667,0.645833333333333,0.6875
0.583333333333333,0.541666666666667,0.520833333333333,0.520833333333333,0.458333333333333,0.520833333333333,0.520833333333333,0.3125,0.3125,0.354166666666667,0.375,0.208333333333333,0.3125,0.604166666666667,0.479166666666667,0.375,0.541666666666667,0.458333333333333,0.604166666666667,0.541666666666667,0.229166666666667,0.166666666666667,0.4375,0.333333333333333,0.270833333333333,0.270833333333333,0.541666666666667,1,0.458333333333333,0.458333333333333,0.625,0.541666666666667,0.3125,0.3125,0.479166666666667,0.541666666666667,0.4375,0.291666666666667,0.479166666666667,0.375,0.541666666666667,0.416666666666667,0.520833333333333,0.583333333333333,0.583333333333333,0.666666666666667,0.666666666666667
0.541666666666667,0.604166666666667,0.5625,0.5625,0.479166666666667,0.520833333333333,0.583333333333333,0.416666666666667,0.333333333333333,0.354166666666667,0.416666666666667,0.395833333333333,0.270833333333333,0.458333333333333,0.354166666666667,0.395833333333333,0.583333333333333,0.4375,0.395833333333333,0.520833333333333,0.375,0.5,0.4375,0.416666666666667,0.375,0.291666666666667,0.583333333333333,1,0.25,0.25,0.625,0.5,0.479166666666667,0.354166666666667,0.541666666666667,0.458333333333333,0.458333333333333,0.4375,0.4375,0.3125,0.375,0.416666666666667,0.479166666666667,0.458333333333333,0.541666666666667,0.541666666666667,0.708333333333333
0.645833333333333,0.645833333333333,0.5625,0.5625,0.458333333333333,0.520833333333333,0.479166666666667,0.395833333333333,0.458333333333333,0.354166666666667,0.395833333333333,0.125,0.3125,0.604166666666667,0.5,0.395833333333333,0.541666666666667,0.416666666666667,0.395833333333333,0.5625,0.4375,0.291666666666667,0.458333333333333,0.208333333333333,0.3125,0.333333333333333,0.5625,1,0.479166666666667,0.4375,0.625,0.458333333333333,0.395833333333333,0.458333333333333,0.5,0.416666666666667,0.4375,0.458333333333333,0.4375,0.416666666666667,0.375,0.333333333333333,0.541666666666667,0.354166666666667,0.4375,0.625,0.666666666666667
0.645833333333333,0.604166666666667,0.583333333333333,0.583333333333333,0.4375,0.5625,0.5625,0.354166666666667,0.416666666666667,0.416666666666667,0.416666666666667,0.1875,0.270833333333333,0.645833333333333,0.520833333333333,0.333333333333333,0.541666666666667,0.4375,0.5625,0.583333333333333,0.333333333333333,0.166666666666667,0.395833333333333,0.354166666666667,0.270833333333333,0.3125,0.541666666666667,1,0.5,0.395833333333333,0.645833333333333,0.416666666666667,0.375,0.4375,0.520833333333333,0.4375,0.5,0.375,0.3125,0.291666666666667,0.458333333333333,0.458333333333333,0.541666666666667,0.354166666666667,0.416666666666667,0.645833333333333,0.645833333333333
0.583333333333333,0.604166666666667,0.625,0.625,0.3125,0.416666666666667,0.416666666666667,0.3125,0.375,0.354166666666667,0.416666666666667,0.291666666666667,0.333333333333333,0.541666666666667,0.458333333333333,0.395833333333333,0.541666666666667,0.416666666666667,0.5,0.583333333333333,0.520833333333333,0.25,0.416666666666667,0.291666666666667,0.270833333333333,0.395833333333333,0.5625,1,0.395833333333333,0.4375,0.645833333333333,0.541666666666667,0.5,0.375,0.458333333333333,0.479166666666667,0.541666666666667,0.4375,0.5,0.375,0.416666666666667,0.375,0.541666666666667,0.375,0.458333333333333,0.583333333333333,0.666666666666667
0.666666666666667,0.583333333333333,0.645833333333333,0.645833333333333,0.520833333333333,0.5625,0.583333333333333,0.375,0.333333333333333,0.25,0.416666666666667,0.4375,0.354166666666667,0.541666666666667,0.333333333333333,0.354166666666667,0.541666666666667,0.458333333333333,0.541666666666667,0.583333333333333,0.395833333333333,0.333333333333333,0.479166666666667,0.291666666666667,0.333333333333333,0.3125,0.125,1,0.479166666666667,0.458333333333333,0.583333333333333,0.5,0.416666666666667,0.3125,0.541666666666667,0.5,0.479166666666667,0.333333333333333,0.479166666666667,0.354166666666667,0.458333333333333,0.354166666666667,0.5,0.416666666666667,0.270833333333333,0.625,0.666666666666667
0.479166666666667,0.458333333333333,0.4375,0.4375,0.416666666666667,0.416666666666667,0.479166666666667,0.5,0.479166666666667,0.541666666666667,0.4375,0.166666666666667,0.375,0.479166666666667,0.270833333333333,0.3125,0.520833333333333,0.4375,0.520833333333333,0.5625,0.25,0.0833333333333333,0.166666666666667,0.229166666666667,0.3125,0.354166666666667,0.354166666666667,1,0.479166666666667,0.416666666666667,0.666666666666667,0.395833333333333,0.375,0.479166666666667,0.5,0.416666666666667,0.541666666666667,0.5,0.416666666666667,0.354166666666667,0.458333333333333,0.354166666666667,0.520833333333333,0.354166666666667,0.270833333333333,0.625,0.645833333333333
0.583472222222222,0.569027777777778,0.565277777777778,0.565277777777778,0.463333333333333,0.510694444444444,0.504722222222222,0.363888888888889,0.370138888888889,0.360833333333333,0.375694444444444,0.267083333333333,0.310138888888889,0.536111111111111,0.447083333333333,0.33375,0.511111111111111,0.439166666666667,0.508055555555556,0.543472222222222,0.381805555555556,0.239861111111111,0.391805555555556,0.306527777777778,0.310972222222222,0.335972222222222,0.480972222222222,1,0.434305555555556,0.41125,0.6175,0.495138888888889,0.373888888888889,0.371388888888889,0.475972222222222,0.443194444444444,0.470277777777778,0.421527777777778,0.410833333333333,0.355555555555556,0.422222222222222,0.368472222222222,0.485416666666667,0.414583333333333,0.406944444444444,0.610833333333333,0.656527777777778
