Taxa,Perimeter,Area,Width.Mid.height,Maximum.Width,Height.Mid.width,Maximum.Height,Curved.Height,Fruit.Shape.Index.External.I,Fruit.Shape.Index.External.II,Curved.Fruit.Shape.Index,Proximal.Fruit.Blockiness,Distal.Fruit.Blockiness,Fruit.Shape.Triangle,Ellipsoid,Circular,Rectangular,Shoulder.Height,Proximal.Angle.Micro,Proximal.Angle.Macro,Proximal.Indentation.Area,Distal.Angle.Micro,Distal.Angle.Macro,Distal.Indentation.Area,Distal.End.Protrusion,Obovoid,Ovoid,V..Asymmetry,H..Asymmetry.ob,H..Asymmetry.ov,Width.Widest.Pos,Eccentricity,Proximal.Eccentricity,Distal.Eccentricity,Fruit.Shape.Index.Internal,Eccentricity.Area.Index,Average.Red,Average.Green,Average.Blue,Average.Luminosity,Average.L.Value,Average.a.Value,Average.b.Value,Average.Hue,Average.Chroma,Lobedness.Degree,Pericarp.Area,Pericarp.Thickness,Average.fruit.weight,Productivity.per.plant,Fruit.number.per.plant,Brix..,BNTC,FRAP..umol.Fe2..g.FW,TP..mg.GAE.100g.FW
CPSBB_TOM001,214.784,3079.316,66.252,66.844,52.345,57.362,58.356,0.866,0.799,0.895,0.773,0.596,1.295,0.04,0.066,0.539,0.062,225.45,217.475,0.132,168.6,150.875,0,0,0,0.195,0.104,0,0.229,0.427,0.73,0.888,0.888,0.799,0.435,122.79,60.474,44.749,78.816,35.583,28.116,25.744,42.357,38.173,1.677,0.635,0.203,173.16,2827,18,4.5,24.17,3.89,39.53
CPSBB_TOM002,328.233,6438.566,103.082,103.696,63.056,77.28,83.422,0.747,0.614,0.805,0.797,0.66,1.211,0.069,0.138,0.56,0.082,238.75,253,0.182,176.9,170.575,1e-04,0.000375,0,0.162,0.241,0,0.402,0.455,0.652,0.89,0.887,0.613,0.49,136.26,60.85,45.104,85.34,38.197,33.743,29.703,41.357,44.956,2.016,0.777,0.117,514.88,3153,7,4.6,24.17,2.83,30
CPSBB_TOM003,328.532,6980.665,93.67,94.996,83.143,93.528,94.85,0.992,0.897,1.032,0.779,0.575,1.357,0.054,0.07,0.519,0.084,247.967,232.633,0.2,168.667,136.367,0,0,0,0.195,0.213,0,0.452,0.43,0.71,0.89,0.888,0.897,0.443,139.282,59.629,44.197,86.341,38.435,35.656,30.819,40.843,47.13,2.036,0.758,0.151,332.23,2334,5,5.2,22.9,3.41,34.38
CPSBB_TOM004,325.899,6705.459,104.733,105.41,69.173,78.486,80.533,0.747,0.665,0.768,0.778,0.644,1.212,0.052,0.121,0.551,0.065,214.867,229.6,0.202,174.8,163.067,0,0,0,0.153,0.247,0,0.316,0.462,0.709,0.889,0.889,0.665,0.452,152.808,71.847,54.695,97.637,43.529,35.261,31.02,41.315,46.976,2.334,0.711,0.154,517.3,4058,10,5,21.62,2.46,23.89
CPSBB_TOM005,300.23,5097.352,97.79,98.489,52.049,64.177,66.858,0.65,0.531,0.686,0.776,0.674,1.154,0.068,0.174,0.578,0.128,242.275,245.325,0.316,121.725,168.375,0.0163,0.021325,0.027925,0.134,0.194,0.078,0.182,0.453,0.65,0.891,0.889,0.531,0.494,147.169,77.116,55.577,95.448,44.084,29.486,31.159,46.826,43.003,2.216,0.746,0.135,576.6,3062,6,4.4,23.53,3.33,32.43
CPSBB_TOM006,291.645,5639.057,87.08,87.503,72.877,78.888,80.234,0.904,0.839,0.927,0.708,0.673,1.057,0.037,0.054,0.545,0.05,238.55,207.225,0.09,166.9,161.6,0.00345,0.00555,0.067575,0.065,0.137,0.09295,0.089,0.509,0.738,0.89,0.888,0.839,0.433,142.371,63.424,46.183,88.723,39.75,35.032,31.25,41.722,46.956,2.508,0.681,0.172,338.26,3287,9,5.5,28.62,4.57,44.68
CPSBB_TOM007,256.402,4440.866,78.846,79.269,64.304,69.977,70.891,0.884,0.817,0.913,0.741,0.603,1.237,0.034,0.055,0.528,0.053,237.75,208.875,0.108,164.85,149.625,0,0,0,0.163,0.12,0,0.226,0.459,0.735,0.891,0.888,0.816,0.427,179.306,130.959,59.947,112.59,62.308,11.309,53.486,78.05,54.674,1.549,0.623,0.214,209.82,3606,17,4.5,39.43,2.71,27.21
CPSBB_TOM008,358.191,8002.934,97.451,100.457,88.815,105.156,103.014,1.05,0.917,1.069,0.748,0.582,1.341,0.064,0.073,0.49,0.094,253.55,251.2,0.284,154.45,127.483,0.0285,0.023,0.0425,0.132,0.399,0.17085,0.419,0.401,0.676,0.888,0.886,0.919,0.456,138.676,62.19,46.111,86.947,38.886,34.08,30.078,41.425,45.458,2.883,0.65,0.194,429.59,3153,9,4.6,27.35,3.86,39.97
CPSBB_TOM009,317.025,5777.401,99.293,100.457,57.468,73.512,75.861,0.735,0.581,0.769,0.699,0.651,1.093,0.072,0.145,0.552,0.124,261.3,254.725,0.306,174.892,172.283,0.021625,0.005,0.03525,0.146,0.307,0.081525,0.292,0.454,0.624,0.884,0.886,0.58,0.507,178.288,172.383,100.37,131.455,74.427,-10.903,45.831,103.422,47.116,3.024,0.797,0.107,426.8,3747,10,4.7,19.58,4.21,40.66
CPSBB_TOM010,318.51,5889.409,99.356,100.288,57.256,73.787,75.923,0.737,0.578,0.766,0.825,0.593,1.411,0.071,0.144,0.559,0.148,284.45,266.225,0.311,186.542,173.692,0.0173,0.0419,0,0.211,0.224,0,0.389,0.427,0.621,0.89,0.886,0.578,0.515,143.519,67.378,51.126,91.585,40.984,33.486,29.661,41.605,44.741,1.272,0.788,0.125,410.82,3493,9,4.6,20.35,3.08,29.94
CPSBB_TOM011,141.779,1333.822,45.424,45.805,32.533,35.983,37.308,0.786,0.717,0.826,0.762,0.621,1.231,0.042,0.091,0.543,0.066,237.375,217.775,0.134,177.333,163.6,0.000425,0.0047,0,0.17,0.063,0,0.124,0.439,0.722,0.89,0.886,0.716,0.447,116.971,57.124,39.147,73.46,33.62,27.095,26.646,44.517,38.012,0.603,0.593,0.229,45.37,1348,33,7.3,33.79,6.79,68.16
CPSBB_TOM012,141.566,1357.838,37.444,38.015,41.296,44.069,45.076,1.161,1.105,1.205,0.768,0.587,1.322,0.04,0.061,0.541,0.036,245.125,181.875,0.055,156.617,133.8,0,0,0,0.198,0.051,0,0.158,0.419,0.748,0.889,0.887,1.105,0.432,126.503,68.587,51.692,83.833,38.213,25.297,24.654,44.945,35.421,0.847,0.567,0.245,31.5,1482,35,7.5,32.12,4.88,52.38
CPSBB_TOM013,192.377,2402.199,50.207,50.567,54.229,57.087,58.811,1.131,1.083,1.165,0.758,0.673,1.127,0.037,0.058,0.56,0.035,229.125,186.442,0.045,166.208,153.55,0.00365,0.01125,0,0.106,0.058,0,0.11,0.512,0.76,0.89,0.888,1.083,0.431,130.364,65.737,48.437,84.123,38.21,28.558,27.189,43.66,39.462,1.136,0.525,0.274,69.37,2459,41,4.9,19.46,3.5,34.71
CPSBB_TOM014,239.237,3779.182,73.491,74.528,58.716,63.458,64.975,0.855,0.804,0.893,0.79,0.536,1.519,0.04,0.069,0.531,0.048,245.95,206.575,0.101,159.875,142.15,0,0,0,0.219,0.084,0,0.302,0.42,0.739,0.89,0.887,0.804,0.426,137.737,57.436,43.761,85.401,37.615,36.32,29.727,39.301,46.94,1.162,0.597,0.226,166.71,3025,18,4.5,20.48,3.21,30.67
CPSBB_TOM015,174.731,2083.618,47.731,48.387,49.149,52.345,53.258,1.084,1.031,1.111,0.788,0.62,1.271,0.039,0.05,0.555,0.04,242.975,192.075,0.062,170.5,148.7,0,0,0,0.205,0.042,0,0.182,0.41,0.752,0.89,0.888,1.032,0.432,130.306,64.646,48.12,83.92,37.909,29.216,27.031,42.77,39.818,1.917,0.543,0.261,66.3,3219,49,5.2,18.94,4.07,38.13
CPSBB_TOM016,178.86,2202.652,51.626,52.218,49.657,52.218,53.205,1.001,0.963,1.034,0.76,0.591,1.286,0.033,0.035,0.528,0.036,231.225,180.525,0.06,169.2,146.675,0,0,0,0.199,0.054,0,0.176,0.416,0.759,0.89,0.887,0.963,0.419,104.747,57.061,43.645,69.797,31.521,21.739,19.891,42.696,29.534,1.324,0.573,0.242,63.85,NA,33,5.4,34.98,5.47,57.23
CPSBB_TOM017,273.4,4254.018,90.128,90.53,45.381,59.203,62.211,0.656,0.505,0.698,0.79,0.685,1.163,0.078,0.182,0.582,0.145,262.825,268.5,0.33,91.275,171.75,0.013925,0.02005,0.022825,0.1,0.215,0.07895,0.198,0.481,0.611,0.89,0.886,0.504,0.52,134.184,64.632,45.757,84.672,38.613,30.627,29.613,44.026,42.603,2.03,0.716,0.155,372.96,2992,8,6.3,18.76,3.36,33.39
CPSBB_TOM018,178.43,2184.273,53.213,53.488,47.392,49.572,50.06,0.926,0.89,0.944,0.733,0.662,1.12,0.028,0.036,0.55,0.029,236.375,189.85,0.055,170.225,158.6,0,0,0.037325,0.114,0.055,0.017225,0.088,0.481,0.765,0.89,0.888,0.891,0.42,131.776,65.749,48.526,84.811,38.366,29.179,27.2,43.015,39.898,1.22,0.558,0.251,131.18,3598,32,6.4,34.66,5.46,53.04
CPSBB_TOM019,175.183,2088.157,53.488,53.869,44.852,48.408,49.632,0.899,0.839,0.933,0.74,0.591,1.253,0.031,0.046,0.527,0.044,235.025,200.525,0.068,170.55,153.125,0,0,0,0.178,0.059,0,0.156,0.433,0.742,0.891,0.888,0.84,0.423,129.925,70.381,44.965,82.304,39.168,25.185,30.696,50.642,39.75,0.574,0.559,0.251,74.6,2017,27,4.7,45.79,6.22,56.16
CPSBB_TOM020,365.842,7759.722,89.126,91.242,105.156,112.635,115.67,1.239,1.187,1.311,0.817,0.449,1.824,0.063,0.091,0.49,0.067,281.333,223.167,0.129,128.6,99.267,0.005233333,0.001633333,0,0.244,0.167,0,0.742,0.415,0.744,0.881,0.888,1.187,0.398,138.347,59.43,46.792,87.087,38.264,35.582,28.609,38.829,45.679,2.513,0.726,0.15,442.73,3640,8,4.9,16.32,3.07,29.23
CPSBB_TOM021,311.182,5888.15,100.436,100.944,59.436,73.829,74.708,0.735,0.598,0.752,0.782,0.62,1.262,0.061,0.138,0.542,0.109,259.175,249.25,0.26,188.025,162.817,0.054725,0.01985,0,0.155,0.289,0,0.362,0.464,0.645,0.889,0.888,0.597,0.489,143.479,66.106,52.319,92.121,40.688,34.411,28.454,39.535,44.659,2.284,0.713,0.155,409.62,3511,9,5.2,22.9,3.6,34.99
CPSBB_TOM022,104.051,755.932,30.776,30.882,28.914,30.374,31.63,0.982,0.938,1.027,0.679,0.633,1.073,0.019,0.025,0.527,0.037,222.275,178.767,0.069,167.375,154.7,3e-04,0.0014,0,0.114,0.023,0,0.033,0.487,0.76,0.892,0.886,0.94,0.414,121.599,108.398,59.912,85.443,48.926,-2.554,33.937,94.314,34.038,0.787,0.556,0.252,13.71,1367,92,7.4,32.32,6.04,62.07
CPSBB_TOM023,113.82,874.789,34.544,34.989,29.633,31.284,32.238,0.898,0.861,0.937,0.739,0.582,1.27,0.027,0.042,0.526,0.032,224.4,189.975,0.048,167.975,152.35,0.000675,0.00145,0,0.184,0.027,0,0.096,0.431,0.757,0.889,0.888,0.862,0.414,74.985,51.601,38.081,53.255,25.237,10.057,13.584,53.884,17.057,0.634,0.579,0.237,20.39,1099,59,7.7,32.64,5.34,53.44
CPSBB_TOM024,116.492,904.452,28.131,28.236,39.137,40.174,40.52,1.428,1.396,1.441,0.721,0.562,1.303,0.038,0.112,0.529,0.022,206.958,157.1,0.032,136.175,118.775,0,0,0.032025,0.103,0.03,0.010075,0.086,0.498,0.777,0.889,0.886,1.396,0.394,123.805,68.788,49.135,81.371,37.78,23.742,25.586,47.149,34.908,0.906,0.584,0.233,14.8,702,46,7.8,43.84,7.31,68.43
CPSBB_TOM025,97.765,667.99,26.945,27.093,29.76,30.459,31.229,1.123,1.103,1.15,0.694,0.626,1.11,0.023,0.045,0.531,0.018,198.725,167.4,0.024,167.05,141.875,0,0,0.03595,0.098,0.022,0.009675,0.031,0.494,0.779,0.889,0.884,1.101,0.402,118.1,63.478,45.018,76.75,35.494,24.105,25.076,46.097,34.847,0.845,0.555,0.254,11.06,1139,97,6.7,33.6,5.65,59.01
CPSBB_TOM026,53.518,202.052,16.87,16.912,14.182,14.69,17.191,0.868,0.84,1.039,0.711,0.61,1.169,0.023,0.05,0.533,0.032,219.7,171.833,0.038,169.15,156.05,0.0011,0.003375,0,0.14,0.012,0,0.029,0.464,0.768,0.889,0.882,0.838,0.413,90.435,90.106,55.865,70.234,39.866,-6.529,22.776,105.928,23.709,1.622,0.578,0.237,1.43,120,83,8.4,9.49,9.62,88.28
CPSBB_TOM027,77.34,417.158,20.828,20.969,24.186,24.864,25.49,1.186,1.162,1.218,0.688,0.594,1.161,0.026,0.061,0.504,0.018,203.2,163.767,0.022,160.1,129.933,0,0,0,0.125,0.029,0,0.054,0.479,0.777,0.89,0.886,1.161,0.398,110.128,56.126,37.567,69.493,32.053,24.421,25.241,46.06,35.173,0.698,0.553,0.254,6.01,530,72,8.3,41.47,11.78,124.24
CPSBB_TOM028,84.529,501.178,24.913,25.21,23.982,24.702,25.754,0.981,0.964,1.037,0.706,0.608,1.163,0.02,0.024,0.525,0.021,207.208,168.175,0.026,164.975,145.85,0,0,0,0.143,0.022,0,0.051,0.464,0.777,0.89,0.887,0.967,0.406,108.939,57.867,41.749,70.893,32.444,23.096,22.606,44.388,32.322,0.564,0.59,0.227,5.92,1100,165,8.1,37.56,6.24,67.76
CPSBB_TOM029,74.13,383.103,22.839,22.924,20.426,21.082,22.037,0.92,0.894,0.965,0.671,0.605,1.109,0.018,0.031,0.519,0.025,209.658,169.642,0.045,165.4,151.85,0,0,0,0.118,0.022,0,0.029,0.496,0.774,0.89,0.887,0.895,0.395,97.999,51.491,35.619,62.867,28.9,21.425,21.574,45.254,30.433,0.737,0.553,0.254,5.57,875,165,8.2,36.31,8.09,97.92
CPSBB_TOM030,74.725,388.879,22.31,22.437,20.616,21.442,22.566,0.956,0.924,1.016,0.69,0.607,1.137,0.019,0.023,0.528,0.031,220.1,167.575,0.044,165.15,147.9,0,0,0,0.142,0.015,0,0.032,0.46,0.767,0.891,0.885,0.922,0.407,119.584,101.753,51.863,80.723,46.703,-0.161,35.868,90.281,35.873,0.887,0.553,0.253,4.91,719,149,8.2,20.66,7.27,89.43
CPSBB_TOM031,104.917,763.939,31.665,31.814,27.982,29.041,31.165,0.914,0.885,0.978,0.733,0.663,1.106,0.024,0.037,0.554,0.029,208.45,176.592,0.037,170.192,151.325,0.000825,0.003625,0,0.137,0.03,0,0.044,0.466,0.769,0.89,0.886,0.884,0.421,103.935,56.458,38.99,67.262,31.235,21.342,22.738,46.867,31.219,0.837,0.585,0.232,18.79,765,46,7.1,46.43,9.62,105.25
CPSBB_TOM032,118.551,804.549,22.437,25.337,44.175,44.387,45.274,1.754,1.973,2.019,0.525,0.826,0.636,0.084,0.215,0.408,0,130.875,75.575,0,158.2,127.075,0,0,0.3594,0,0.05,0.405075,0,0.67,0.796,0.889,0.888,1.978,0.383,137.056,123.511,63.092,94.209,55.29,-4.325,41.089,95.891,41.361,1.582,0.57,0.243,14.84,701,47,6,32,6.02,68.37
CPSBB_TOM033,54.459,202.772,17.547,17.611,13.25,14.139,16.228,0.803,0.754,0.936,0.717,0.65,1.106,0.033,0.08,0.547,0.043,211.275,197.825,0.091,175.325,163.225,0.0016,0.0056,0.0274,0.091,0.021,0.00365,0.022,0.485,0.746,0.89,0.884,0.751,0.432,89.033,96.322,53.612,71.139,41.727,-11.704,27.097,113.16,29.544,2.019,0.55,0.254,1.23,100,81,7.4,12.2,8.12,75.85
CPSBB_TOM034,242.731,3876.438,74.02,75.184,56.515,63.352,64.343,0.842,0.764,0.873,0.811,0.606,1.344,0.047,0.077,0.547,0.081,245.45,225.1,0.178,179.725,160.75,0.008725,0.018375,0,0.221,0.115,0,0.294,0.412,0.714,0.889,0.888,0.764,0.454,142.033,64.77,48.771,89.776,40,34.267,29.772,41.073,45.419,1.39,0.638,0.201,214.36,2900,17,6.2,24.17,3.91,46.97
CPSBB_TOM035,196.095,2556.068,61.786,62.04,45.381,50.694,51.512,0.819,0.738,0.836,0.744,0.657,1.138,0.038,0.082,0.548,0.061,250.55,207.55,0.108,173.725,163.4,0.0027,0.0044,0,0.131,0.107,0,0.13,0.475,0.716,0.89,0.887,0.737,0.45,161.346,93.447,49.084,99.026,49.876,25.587,43.46,59.488,50.461,1.012,0.57,0.243,111.11,1791,18,5.5,26.24,4.01,43.61
CPSBB_TOM036,179.124,2153.361,54.039,54.441,45.318,48.959,50.081,0.903,0.843,0.934,0.693,0.668,1.042,0.03,0.047,0.538,0.039,234.475,196.275,0.075,167.925,157.925,0,0,0.059375,0.057,0.088,0.055975,0.045,0.503,0.74,0.89,0.887,0.843,0.43,117.255,57.319,42.504,75.175,33.746,27.37,24.335,41.71,36.673,1.294,0.566,0.246,111.65,3636,30,5.7,25.44,3.41,36.85
CPSBB_TOM037,221.753,3166.528,65.765,66.315,52.79,58.42,60.022,0.882,0.805,0.914,0.783,0.641,1.226,0.04,0.059,0.556,0.055,251.925,206.375,0.08,173.8,159.425,0,0,0,0.164,0.106,0,0.196,0.453,0.723,0.889,0.887,0.805,0.449,136.315,59.774,45.56,85.576,37.702,34.582,28.502,39.499,44.821,1.034,0.567,0.245,173.08,5888,36,5.5,24.17,2.79,29.01
CPSBB_TOM038,223.339,3326.334,67.204,68.368,57.383,62.018,63.197,0.913,0.861,0.951,0.798,0.488,1.641,0.045,0.061,0.509,0.049,246.25,199.875,0.07,145.1,132.45,0,0,0,0.236,0.08,0,0.353,0.422,0.739,0.889,0.887,0.86,0.419,137.361,57.433,44.971,85.79,37.495,36.327,28.621,38.257,46.255,1.68,0.574,0.24,171.34,3456,22,5.4,26.88,3.85,40.54
CPSBB_TOM039,218.99,3168.986,68.136,68.728,51.583,57.489,58.866,0.839,0.76,0.868,0.775,0.564,1.398,0.043,0.078,0.53,0.071,251.225,213.9,0.124,148.692,147.35,0.00395,0.001225,0,0.182,0.093,0,0.257,0.45,0.717,0.89,0.888,0.761,0.442,131.422,54.997,41.237,81.233,35.771,34.914,28.716,39.475,45.213,1.704,0.608,0.218,167.4,3376,24,4.9,23.36,3.68,38.85
CPSBB_TOM040,225.006,3337.305,69.06,69.878,52.239,58.674,60.802,0.842,0.76,0.884,0.788,0.623,1.265,0.043,0.073,0.543,0.066,244.233,221.383,0.087,172.033,159.8,0.009433333,0.028233333,0,0.191,0.112,0,0.232,0.435,0.712,0.89,0.889,0.76,0.457,158.951,77.134,59.445,102.757,45.822,35.161,31.295,41.671,47.072,1.214,0.58,0.238,137.1,2488,18,4.5,17.92,3.19,31.56
CPSBB_TOM041,211.939,2950.998,64.199,64.685,50.525,55.33,57.23,0.867,0.8,0.899,0.768,0.637,1.211,0.039,0.068,0.554,0.051,246.825,207.9,0.087,166.775,161.95,0.00505,0.02835,0,0.166,0.099,0,0.164,0.45,0.731,0.888,0.889,0.8,0.443,146.217,64.37,46.75,90.797,40.552,36.254,32.161,41.577,48.463,1.161,0.57,0.246,176.97,2472,16,5,19.2,3.12,29.5
CPSBB_TOM042,254.444,4236.259,78.26,78.74,58.053,65.758,66.45,0.844,0.751,0.858,0.762,0.682,1.118,0.043,0.075,0.565,0.071,248.967,218.133,0.147,190.433,170.867,0.0247,0.0122,0,0.125,0.12,0,0.176,0.484,0.706,0.889,0.888,0.75,0.46,139.207,58.2,42.786,85.635,37.947,36.503,30.967,40.308,47.882,1.757,0.638,0.2,194.18,2335,15,5.9,28.8,4.23,48.5
CPSBB_TOM043,175.273,2088.836,53.128,53.298,45.911,48.239,49.81,0.907,0.866,0.94,0.704,0.641,1.102,0.023,0.039,0.542,0.031,222.175,180.183,0.058,169.1,157.55,0.000175,0.00145,0.032,0.086,0.036,0.0148,0.063,0.501,0.762,0.889,0.89,0.87,0.417,146.451,66.024,48.554,91.754,41.014,35.533,31.531,41.588,47.508,1.387,0.594,0.231,166.83,3259,25,4.8,21.44,3.82,40.67
CPSBB_TOM045,192.14,2536.197,58.928,59.161,49.361,52.451,53.117,0.888,0.839,0.904,0.721,0.648,1.114,0.026,0.048,0.532,0.041,228.125,194.142,0.07,171.35,162.525,0,0,0.018075,0.088,0.089,0.01825,0.087,0.487,0.752,0.89,0.887,0.837,0.425,147.076,59.962,43.947,89.875,39.804,38.846,33.177,40.489,51.089,1.933,0.608,0.218,134.56,2163,19,4.8,25.28,4.72,47.24
CPSBB_TOM046,189.09,2401.337,46.948,47.879,59.944,62.272,63.014,1.301,1.277,1.344,0.772,0.583,1.325,0.042,0.091,0.516,0.029,222.4,164.708,0.048,149.025,128.1,0,0,0,0.233,0.087,0,0.238,0.387,0.769,0.887,0.886,1.277,0.412,148.852,69.59,50.963,94.016,42.31,34.56,31.752,42.641,46.938,1.099,0.54,0.272,79.22,3076,46,5.7,17.92,3.59,38.67
CPSBB_TOM047,198.562,2655.971,50.102,50.546,62.188,64.685,65.244,1.281,1.243,1.308,0.749,0.597,1.257,0.035,0.082,0.532,0.025,213.725,166,0.042,152.65,135.4,0,0,0,0.16,0.09,0,0.179,0.47,0.769,0.889,0.888,1.243,0.413,151.101,64.711,48.163,93.76,41.531,38.199,32.698,40.57,50.284,0.844,0.531,0.272,88.25,3267,48,5.5,18.56,3.61,32.27
CPSBB_TOM048,173.74,2065.315,45.022,45.508,54.906,56.6,57.364,1.246,1.223,1.279,0.707,0.599,1.188,0.03,0.076,0.504,0.024,210.375,156.525,0.039,157.025,134.925,0,0,0,0.13,0.092,0,0.137,0.479,0.776,0.89,0.888,1.225,0.401,146.987,64.5,45.217,90.439,40.714,36.393,33.45,42.586,49.435,1.175,0.521,0.277,75.38,3208,53,4.8,19.52,3.74,27.83
CPSBB_TOM049,191.916,2518.751,51.181,51.35,57.976,60.516,61.16,1.189,1.143,1.202,0.73,0.583,1.291,0.03,0.061,0.525,0.032,228.625,169.8,0.046,152.575,141.475,0.000225,0.00865,0.0251,0.117,0.064,0.0144,0.138,0.483,0.765,0.889,0.888,1.142,0.406,148.454,69.55,53.02,94.796,42.141,34.601,30.12,41.006,45.881,1.6,0.575,0.256,67.62,3223,46,4.1,16.54,3.18,37.5
CPSBB_TOM050,198.794,2599.661,49.149,50.017,59.055,61.934,62.496,1.243,1.207,1.281,0.819,0.674,1.217,0.045,0.084,0.563,0.03,231.975,174.35,0.052,165.9,145.475,0.00675,0.004125,0,0.182,0.105,0,0.202,0.43,0.759,0.89,0.883,1.201,0.443,162.962,89.235,50.648,100.521,49.087,29.084,41.658,55.074,50.81,1.51,0.523,0.274,88.15,2640,32,4.8,17.6,3.05,29.49
CPSBB_TOM051,194.556,2565.586,51.414,51.88,57.362,60.473,63.493,1.171,1.121,1.23,0.761,0.617,1.239,0.039,0.065,0.548,0.028,221.45,161.625,0.053,160.15,135.55,0,0,0.014775,0.131,0.027,0,0.154,0.454,0.767,0.892,0.896,1.135,0.419,152.148,72.591,55.445,97.678,43.527,34.651,30.426,41.298,46.124,1.122,0.544,0.261,90.94,2333,29,4.5,18.44,3.22,29.25
CPSBB_TOM052,177.895,1948.304,36.534,37.063,65.405,66.146,66.69,1.79,1.795,1.825,0.641,0.668,0.97,0.051,0.187,0.494,0.007,247.75,108.525,0.013,140.925,113.675,0,0,0.146775,0.026,0.088,0.1484,0.039,0.567,0.79,0.889,0.887,1.798,0.387,124.468,59.301,47.071,80.671,35.528,29.808,23.916,38.615,38.26,2.13,0.527,0.272,48.77,1733,28,5.3,23.53,3.54,42.15
CPSBB_TOM053,190.078,2291.895,59.916,61.214,41.035,47.526,49.324,0.777,0.686,0.824,0.821,0.548,1.503,0.057,0.11,0.531,0.106,254.633,235.7,0.21,173.333,149.867,0.002766667,0.007466667,0,0.257,0.086,0,0.289,0.387,0.687,0.889,0.886,0.684,0.464,154.899,88.81,71.604,106.567,48.213,27.51,26.26,43.716,38.037,1.961,0.763,0.125,170.26,1440,8,5.4,29,3.91,63.08
CPSBB_TOM054,266.607,4364.056,88.519,88.837,50.186,59.986,61.67,0.682,0.576,0.705,0.761,0.715,1.066,0.06,0.149,0.581,0.105,234.725,243.125,0.216,185.975,172.675,0.00925,0.017175,0.0514,0.065,0.157,0.086375,0.085,0.487,0.67,0.89,0.888,0.575,0.487,137.783,77.617,61.457,93.746,42.691,25.686,24.395,43.956,35.532,2.364,0.753,0.131,206.6,1541,8,5.9,25.7,3.5,61.47
CPSBB_TOM055,213.672,3012.155,58.441,59.605,59.288,64.728,65.758,1.085,1.015,1.127,0.755,0.556,1.371,0.043,0.056,0.502,0.061,260.025,208.525,0.111,159.55,133.5,0,0,0,0.196,0.107,0,0.289,0.429,0.732,0.889,0.889,1.017,0.425,136.847,84.479,66.645,95.813,44.43,21.566,23.516,48.084,32.15,2.119,0.608,0.218,163.61,1633,11,6.1,27,3.11,52.43
CPSBB_TOM056,293.768,5453.132,82.931,83.481,73.999,84.497,86.222,1.051,0.934,1.078,0.749,0.529,1.59,0.053,0.087,0.528,0.088,268.1,242.1,0.182,135.7,132.85,0.0013,0.1069,0,0.162,0.144,0,0.355,0.473,0.699,0.89,0.888,0.934,0.437,142.876,74.801,59.52,95.258,42.83,29.555,26.219,41.574,39.512,2.092,0.752,0.131,265.78,1201,4,5,19.4,2.95,55.8
CPSBB_TOM057,242.598,3672.484,52.049,53.446,83.376,86.614,86.312,1.627,1.608,1.666,0.751,0.601,1.265,0.055,0.154,0.529,0.022,224.075,113.75,0.059,128.35,111.875,0,0,0.0364,0.177,0.181,0.04305,0.279,0.407,0.77,0.89,0.89,1.611,0.408,141.374,80.684,66.319,97.722,44.08,25.954,23.308,42.02,34.907,1.451,0.652,0.192,133.8,1277,9,6.3,27.5,2.89,52.88
CPSBB_TOM058,207.651,2877.734,63.691,63.923,49.107,54.123,55.578,0.849,0.774,0.874,0.758,0.687,1.104,0.038,0.069,0.569,0.075,246.45,217.625,0.143,173.85,164.825,0,0,0,0.149,0.059,0,0.129,0.461,0.725,0.889,0.887,0.773,0.453,130.762,70.509,56.121,87.937,39.606,26.569,23.483,41.489,35.464,1.211,0.629,0.206,135.19,2010,13,6.1,27.7,2.85,52.37
CPSBB_TOM059,232.027,3575.409,58.632,59.224,74.591,75.904,75.939,1.292,1.285,1.292,0.557,0.626,0.884,0.04,0.09,0.515,0.042,240.55,203.4,0.06,158.85,132.15,0,0,0.03755,0.067,0.155,0.03985,0.089,0.44,0.787,0.888,0.889,1.288,0.386,156.635,91.506,52.213,98.281,48.761,24.916,39.746,57.906,46.912,3.328,0.71,0.156,176.89,1285,7,5.7,33.5,3.53,59.01
CPSBB_TOM060,243.901,3696.874,78.288,79.022,50.659,59.662,60.157,0.757,0.651,0.772,0.705,0.662,1.066,0.051,0.12,0.535,0.096,253.267,238,0.19,182.233,168.467,0.018833333,0.003666667,0.059,0.048,0.224,0.138466667,0.064,0.457,0.677,0.893,0.887,0.649,0.464,123.321,72.321,56.806,84.742,38.905,21.868,21.779,44.847,30.88,2.682,0.778,0.117,210.05,1899,9,6.5,25.5,2.69,46.43
CPSBB_TOM061,259.703,3945.259,83.989,84.526,44.873,57.997,60.898,0.686,0.535,0.727,0.788,0.702,1.125,0.071,0.164,0.582,0.147,280,258.933,0.245,175.333,170.767,0.001033333,0.003333333,0.061533333,0.062,0.165,0.1652,0.085,0.47,0.618,0.89,0.887,0.534,0.521,135.694,73.745,57.913,91.09,41.298,26.901,24.979,42.889,36.713,2.875,0.752,0.131,219.09,1755,6,6.2,19.7,3.43,62.32
CPSBB_TOM062,254.575,3981.419,81.661,81.83,48.091,59.944,61.556,0.732,0.588,0.755,0.773,0.702,1.101,0.064,0.138,0.588,0.111,261.75,247.1,0.206,97.05,175.55,0.04795,0.0243,0,0.122,0.226,0,0.215,0.477,0.64,0.89,0.888,0.587,0.505,137.887,83.719,66.8,96.302,44.309,22.533,23.262,45.921,32.387,0.949,0.763,0.126,315.94,2242,8,5.4,20.7,2.63,52.62
CPSBB_TOM063,240.12,3448.749,77.893,78.528,43.752,54.377,56.813,0.692,0.563,0.729,0.806,0.644,1.252,0.067,0.15,0.569,0.133,276.825,253.775,0.236,200.388,165.9,0.016775,0.016025,0,0.198,0.109,0,0.261,0.431,0.645,0.888,0.887,0.562,0.501,133.561,69.687,54.708,88.569,39.795,28.205,24.964,41.472,37.678,2.147,0.719,0.148,298.22,2595,8,5.4,29.2,3.48,65.31
CPSBB_TOM064,272.558,4531.02,90.953,91.228,50.588,62.04,62.535,0.681,0.557,0.692,0.711,0.719,0.992,0.063,0.158,0.555,0.105,252.55,243.25,0.217,177.025,176.95,0.068475,0.0377,0.082525,0.032,0.282,0.1803,0.074,0.483,0.651,0.89,0.887,0.557,0.491,132.66,73.913,57.193,89.32,40.843,25.346,24.697,44.273,35.414,1.179,0.677,0.176,286.12,2844,10,4.6,21.7,3.06,62.04
CPSBB_TOM065,280.386,4799.238,89.126,89.69,53.199,66.492,69.962,0.752,0.606,0.8,0.76,0.631,1.215,0.064,0.13,0.541,0.135,264.367,265.767,0.232,171.9,163.733,0.001966667,0.006866667,0,0.165,0.164,0,0.282,0.449,0.641,0.891,0.887,0.606,0.495,144.246,76.166,62.621,97.322,43.275,29.66,24.773,39.899,38.663,2.575,0.73,0.144,257.24,2510,9,5.2,29.2,2.58,55.92
CPSBB_TOM066,227.783,3205.601,72.919,73.639,45.466,54.081,56.909,0.746,0.638,0.791,0.818,0.645,1.273,0.058,0.124,0.568,0.103,251.85,242.55,0.215,178.125,165.125,0.00675,0.00745,0,0.193,0.115,0,0.261,0.437,0.67,0.889,0.887,0.636,0.486,146.55,78.006,61.009,97.651,44.144,29.273,27.185,43.236,39.996,1.296,0.697,0.164,160.29,1564,9,6,29.2,3.09,70.59
CPSBB_TOM067,235.754,3535.792,75.099,75.523,50.038,58.505,59.763,0.774,0.666,0.79,0.761,0.628,1.215,0.047,0.106,0.541,0.11,261.65,239.9,0.221,178.75,166.1,0.0142,0.0254,0,0.163,0.134,0,0.21,0.462,0.681,0.89,0.886,0.664,0.47,138.478,79.742,63.558,95.057,43.423,24.717,24.05,45.162,34.581,1.192,0.727,0.145,200.16,2161,10,6.2,27,3.64,78.06
CPSBB_TOM068,252.738,3988.956,81.957,82.719,50.08,59.521,61.661,0.721,0.612,0.752,0.761,0.669,1.142,0.055,0.131,0.569,0.109,272.75,242.9,0.214,174.05,164.7,0,0,0.0498,0.101,0.127,0.07705,0.146,0.461,0.672,0.89,0.887,0.611,0.483,149.753,111.141,82.559,109.34,53.573,12.278,26.543,65.961,30.087,2.958,0.736,0.141,304.59,2608,9,4.2,22.2,3,61.42
CPSBB_TOM070,263.131,3394.16,39.963,46.165,91.123,96.562,98.352,2.105,2.338,2.529,0.849,0.745,1.193,0.081,0.259,0.55,0.032,237,142.35,0.081,121.425,93.225,0.01365,0.00135,-0.0156,0.16,0.324,0.0737,0.389,0.372,0.755,0.9,0.903,2.343,0.463,151.908,74.004,61.678,100.475,44.038,34.164,26.705,38.049,43.373,2.125,0.577,0.241,93.63,2554,21,5.7,28.7,4.61,75.85
CPSBB_TOM071,147.784,1380.354,46.99,47.181,30.925,36.386,38.013,0.775,0.664,0.817,0.752,0.655,1.148,0.051,0.109,0.554,0.114,271.725,237.7,0.18,172.6,164.1,0,0,0,0.15,0.065,0,0.129,0.46,0.68,0.894,0.887,0.665,0.473,133.965,81.331,59.932,91.271,42.889,21.657,26.023,50.276,33.865,1.386,0.651,0.191,44.81,312,8,4.2,18.6,2.98,51.61
CPSBB_TOM072,241.461,3809.084,67.818,68.524,65.504,71.515,71.628,1.057,0.985,1.071,0.649,0.591,1.121,0.045,0.072,0.497,0.063,258.267,217.333,0.108,161.133,140.1,0,0,0.037566667,0.132,0.174,0.087133333,0.215,0.433,0.732,0.889,0.888,0.986,0.416,133.92,69.133,56.558,89.597,39.938,28.793,23.814,39.587,37.368,2.436,0.642,0.196,205.51,2421,10,5.5,19.2,1.77,35.87
CPSBB_TOM073,215.349,2853.347,47.032,47.964,74.782,78.105,78.603,1.631,1.594,1.668,0.684,0.501,1.434,0.042,0.159,0.455,0.015,190.275,132.6,0.036,110.7,101.5,0.000325,0.0147,0,0.158,0.151,0,0.33,0.473,0.765,0.889,0.887,1.595,0.383,108.577,78.141,59.329,79.094,38.365,11.26,18.623,59.845,21.955,0.644,0.646,0.195,95.31,1657,21,6.5,21.7,3.5,56.14
CPSBB_TOM074,180.543,2175.252,57.15,57.362,42.058,45.932,47.387,0.801,0.737,0.83,0.76,0.667,1.141,0.038,0.083,0.562,0.061,235.775,214.025,0.117,176.125,168.575,0.003225,0.0121,0,0.145,0.056,0,0.11,0.467,0.731,0.889,0.887,0.736,0.447,136.742,70.587,54.717,90.076,40.515,29.039,26.079,41.897,39.038,1.356,0.624,0.209,86.64,2153,24,6.7,25.2,4.52,60.25
CPSBB_TOM076,244.186,3817.517,67.183,67.755,66.781,72.729,72.597,1.085,1.009,1.089,0.669,0.557,1.202,0.046,0.074,0.481,0.079,284.675,223.325,0.144,230.725,138.6,0.01945,0.008125,0,0.149,0.185,0,0.261,0.45,0.737,0.89,0.888,1.009,0.401,136.062,69.954,55.317,90.029,40.373,29.179,25.484,41.15,38.748,2.592,0.645,0.195,145.21,2172,14,5.7,19.4,3.62,51.86
CPSBB_TOM077,269.619,4394.393,89.436,90.114,48.373,60.113,61.269,0.674,0.549,0.689,0.791,0.684,1.16,0.064,0.161,0.563,0.105,248.033,248.433,0.205,196.65,170.367,0.046466667,0.0148,0,0.159,0.218,0,0.242,0.442,0.644,0.889,0.887,0.548,0.503,137.283,69.901,57.395,91.55,40.608,29.883,24.28,39.101,38.518,1.745,0.719,0.15,310.47,2413,9,6,23.7,3.61,54
CPSBB_TOM078,243.168,3600.677,79.206,79.544,45.466,55.795,57.132,0.701,0.574,0.727,0.781,0.698,1.119,0.061,0.145,0.578,0.143,271.95,250.45,0.302,179.25,169.5,0.0123,0.02055,0.0446,0.08,0.152,0.1125,0.104,0.468,0.652,0.89,0.888,0.574,0.498,131.08,61.242,51.377,85.762,37.376,31.912,23.614,36.514,39.701,1.244,0.68,0.174,288.71,2235,7,5.3,22.9,3.65,54.65
CPSBB_TOM079,229.582,3417.893,71.205,71.565,51.075,58.081,60.389,0.813,0.72,0.857,0.765,0.698,1.103,0.045,0.089,0.569,0.064,257.075,224.05,0.109,177.05,166.825,0.004675,0.0083,0.03105,0.102,0.113,0.05215,0.117,0.481,0.704,0.89,0.888,0.72,0.466,136.583,72.689,58.802,91.912,41.153,28.079,24.126,40.701,37.033,1.752,0.71,0.156,160.07,2466,15,5.6,23.9,3.17,55.74
CPSBB_TOM080,297.636,4691.052,96.012,96.943,41.91,63.542,72.21,0.657,0.441,0.751,0.563,0.685,0.829,0.099,0.211,0.539,0.105,284.9,295.15,0.18,189,180.45,0.0167,0.0309,0.0557,0.093,0.392,0.2319,0.179,0.435,0.529,0.89,0.888,0.442,0.571,146.81,80.581,65.061,99.683,44.908,28.244,25.556,42.183,38.096,0.971,0.806,0.101,290.12,2241,8,4.2,19.2,4.28,46.7
CPSBB_TOM081,206.67,2914.596,58.716,59.457,60.643,63.246,63.53,1.08,1.055,1.103,0.545,0.687,0.796,0.031,0.057,0.479,0.028,219.875,147.75,0.06,175.15,158.725,0.00155,0.0023,0.17805,0,0.071,0.22035,0,0.543,0.767,0.889,0.888,1.055,0.386,108.809,77.421,58.321,78.859,38.16,11.746,19.21,59.981,22.799,0.622,0.659,0.187,94.67,1592,16,6.3,28.2,3.9,58.39
CPSBB_TOM082,246.809,3843.991,77.618,78.274,51.181,59.394,60.498,0.764,0.669,0.785,0.801,0.692,1.159,0.053,0.112,0.58,0.096,247.55,233.175,0.205,178.725,172.85,0.00965,0.0029,0,0.176,0.153,0,0.212,0.429,0.69,0.891,0.886,0.668,0.479,134.732,72.108,56.749,90.09,40.663,27.365,24.774,42.143,36.924,1.122,0.647,0.194,172.41,2197,14,6.3,28,3.56,60.91
CPSBB_TOM083,266.87,4153.774,86.783,87.291,44.93,59.351,62.532,0.68,0.52,0.722,0.789,0.67,1.18,0.074,0.17,0.585,0.135,267.533,259.933,0.248,184.067,170.95,0.043966667,0.0251,0.009366667,0.107,0.164,0.116366667,0.159,0.443,0.608,0.89,0.887,0.52,0.525,140.621,77.04,62.557,95.565,43.051,27.396,24.289,41.83,36.668,2.31,0.742,0.137,238.58,1663,7,5.8,24.7,3.83,54.38
CPSBB_TOM084,155.582,1586.633,48.81,49.086,35.37,40.026,41.405,0.816,0.725,0.856,0.743,0.632,1.175,0.04,0.082,0.548,0.093,267.4,221.475,0.164,176.6,162.35,0,0,0,0.158,0.054,0,0.126,0.448,0.705,0.89,0.886,0.724,0.456,146.756,79.705,62.823,98.6,44.524,28.656,26.557,42.832,39.081,1.222,0.599,0.225,40.38,591,14,5.3,27.2,4.19,64.2
CPSBB_TOM085,104.623,765.622,30.861,30.967,29.041,30.226,31.44,0.976,0.941,1.021,0.748,0.618,1.211,0.027,0.031,0.533,0.031,215,181.425,0.044,166.525,152.3,0,0,0,0.16,0.042,0,0.076,0.444,0.768,0.889,0.887,0.94,0.414,130.234,85.218,50.142,84.882,43.163,16.144,32.523,63.608,36.312,0.673,0.6,0.224,16.49,582,43,8.3,26.2,7.06,144.65
CPSBB_TOM086,173.097,2060.541,52.705,52.917,44.641,47.646,48.636,0.9,0.847,0.926,0.739,0.63,1.175,0.028,0.043,0.545,0.046,231.15,196.7,0.078,170.025,158.4,0,0,0,0.144,0.038,0,0.118,0.479,0.749,0.89,0.887,0.848,0.428,122.107,64.305,49.97,80.933,36.49,25.936,23.096,41.714,34.738,0.663,0.559,0.252,70.55,1644,23,5.8,28.2,5.01,76.26
CPSBB_TOM087,206.748,2823.254,60.262,60.77,51.245,57.235,58.809,0.958,0.869,0.991,0.796,0.61,1.321,0.045,0.067,0.546,0.065,261.225,215.775,0.11,169.975,148.1,0.00995,0.001825,0,0.189,0.08,0,0.23,0.44,0.716,0.89,0.887,0.87,0.453,132.311,79.174,45.618,83.731,41.788,20.814,33.895,58.46,39.779,0.816,0.6,0.224,112.89,1590,15,6.1,23.9,4.16,67.48
CPSBB_TOM088,205.042,2785.084,56.071,56.409,61.68,65.511,65.98,1.162,1.101,1.18,0.687,0.371,1.924,0.026,0.046,0.478,0.034,229.8,177.975,0.059,83.025,127.875,0.001825,0.1113,0,0.183,0.086,0,0.275,0.467,0.754,0.891,0.887,1.101,0.378,140.149,123.075,74.528,101.068,55.647,-1.077,34.503,91.818,34.527,1.946,0.573,0.24,77.29,2143,30,5.3,24.9,4.06,64.52
CPSBB_TOM089,254.778,4161.59,80.179,80.73,54.462,62.802,65.804,0.778,0.679,0.824,0.785,0.689,1.151,0.049,0.104,0.571,0.072,261.05,227.575,0.107,173.75,166.7,0,0,0.01855,0.129,0.124,0.03265,0.181,0.441,0.693,0.889,0.888,0.679,0.474,134.363,67.01,56.289,89.647,39.358,30.301,23.067,37.292,38.097,1.042,0.69,0.169,199.35,2218,10,5.2,16.4,2.47,45.63
CPSBB_TOM090,211.733,2928.765,62.124,63.056,51.837,58.378,59.33,0.925,0.835,0.958,0.777,0.6,1.3,0.046,0.059,0.538,0.083,251.3,229.8,0.195,161.7,147.775,0,0,0,0.189,0.108,0,0.254,0.429,0.711,0.89,0.888,0.836,0.448,132.413,84.565,50.691,86.166,43.306,17.757,32.534,61.339,37.103,1.189,0.636,0.202,115.5,1434,12,6.1,20.7,4.15,79.52
CPSBB_TOM091,134.348,1250.711,36.301,36.343,41.974,43.032,43.743,1.185,1.157,1.201,0.634,0.644,0.987,0.022,0.06,0.509,0.025,209,157,0.051,168.85,146.875,0,0,0.1176,0,0.031,0.04435,0,0.507,0.78,0.89,0.887,1.159,0.392,136.735,75.058,59.99,92.558,41.721,26.773,24.059,42.012,36.012,0.914,0.601,0.222,27.6,1332,47,4.8,25.5,4.32,69.44
CPSBB_TOM092,158.177,1733.559,46.524,46.821,43.942,45.889,45.978,0.983,0.948,0.988,0.713,0.627,1.138,0.026,0.031,0.532,0.038,219.675,189.3,0.072,170.5,154.175,0,0,0,0.143,0.065,0,0.104,0.462,0.766,0.89,0.889,0.948,0.409,133.498,102.136,67.085,94.49,48.686,8.512,29.223,73.794,30.469,0.898,0.577,0.239,46.87,1844,35,5.5,38.3,4.55,75.51
CPSBB_TOM093,277.598,5000.879,85.598,86.021,63.274,71.769,72.576,0.852,0.758,0.864,0.681,0.715,0.955,0.043,0.077,0.556,0.071,245.4,224.333,0.147,190.433,171.233,0.025166667,0.010033333,0.115533333,0.048,0.144,0.160066667,0.05,0.518,0.707,0.892,0.888,0.758,0.45,143.285,77.039,62.057,96.605,43.444,28.628,25.509,41.702,38.345,1.577,0.637,0.198,278.27,1290,5,5.5,27.2,4.09,55.77
CPSBB_TOM094,238.855,3464.705,77.301,78.19,45.403,54.737,57.213,0.7,0.589,0.739,0.799,0.659,1.22,0.063,0.143,0.57,0.129,256.625,259.75,0.245,173.625,167.35,0.001125,0.004325,0,0.188,0.085,0,0.246,0.431,0.664,0.892,0.887,0.589,0.492,149.386,129.232,85.003,110.353,58.757,0.478,32.207,89.256,32.363,1.695,0.706,0.158,173.15,1497,8,5.5,22.7,4.25,57.3
CPSBB_TOM095,196.993,2557.412,59.246,59.732,47.752,53.467,55.805,0.898,0.81,0.947,0.762,0.608,1.259,0.041,0.058,0.529,0.059,250.025,219.375,0.093,162.7,153.075,0,0,0,0.187,0.098,0,0.204,0.43,0.714,0.889,0.888,0.809,0.445,137.284,75.854,60.192,92.903,42.056,26.507,24.449,42.772,36.077,1.228,0.559,0.251,85.35,2906,34,5.4,18.4,3.43,57.57
CPSBB_TOM096,214.6,2860.08,69.511,69.871,41.254,49.805,51.647,0.717,0.598,0.744,0.786,0.7,1.127,0.057,0.133,0.579,0.092,252.125,233.35,0.164,203.275,178.217,0.034325,0.012075,0.017475,0.116,0.112,0.038275,0.125,0.461,0.662,0.89,0.885,0.597,0.495,139.497,74.902,61.096,94.345,42.114,28.132,23.893,40.416,36.953,1.272,0.673,0.178,157.31,3375,21,6.5,27.5,3.37,59.3
CPSBB_TOM097,195.672,2602.403,52.176,52.515,57.383,60.135,60.591,1.144,1.098,1.162,0.759,0.647,1.173,0.036,0.061,0.548,0.041,229.675,176.075,0.064,171.7,147.875,0,0,0,0.161,0.086,0,0.146,0.45,0.763,0.889,0.888,1.098,0.423,144.477,69.86,58.136,95.284,41.732,33.193,25.683,37.715,41.974,1.372,0.544,0.261,81,2209,29,5.7,20.9,3.24,51.28
CPSBB_TOM098,199.093,2614.699,55.838,56.833,51.456,56.092,57.181,0.989,0.923,1.021,0.837,0.622,1.354,0.05,0.053,0.564,0.058,248.5,210.225,0.121,170.25,154.325,0,0,0,0.227,0.062,0,0.258,0.408,0.734,0.889,0.888,0.925,0.45,145.176,74.503,58.758,95.943,42.952,30.696,26.947,41.375,40.862,1.671,0.559,0.251,93.57,2411,26,4.8,14.6,3.35,59.3
CPSBB_TOM099,247.678,3856.301,79.107,79.389,48.627,59.605,59.686,0.766,0.638,0.772,0.761,0.681,1.119,0.055,0.119,0.569,0.097,248.967,228.633,0.19,203.367,174.2,0.079966667,0.025133333,0,0.143,0.187,0,0.147,0.458,0.656,0.891,0.888,0.638,0.494,141.477,68.51,59.784,94.595,40.953,32.876,23.161,35.182,40.221,1.674,0.73,0.144,186.77,2272,12,5.7,25.7,3.71,59.5
CPSBB_TOM100,165.425,1893.804,47.117,47.477,46.503,49.234,50.011,1.037,0.987,1.066,0.735,0.619,1.188,0.029,0.037,0.524,0.038,237.625,182.375,0.083,213.1,149.775,0,0,0,0.162,0.087,0,0.124,0.439,0.755,0.89,0.886,0.987,0.422,144.31,77.392,61.925,97.015,43.579,28.855,25.617,41.656,38.592,1.387,0.559,0.251,53.75,2463,44,5.5,31.5,4.71,65.56
CPSBB_TOM101,218.764,3312.354,60.875,61.193,63.373,66.082,66.715,1.085,1.048,1.106,0.705,0.642,1.099,0.026,0.044,0.524,0.034,228.85,177.05,0.051,171.95,149.375,0,0,0,0.118,0.078,0,0.129,0.493,0.766,0.889,0.887,1.046,0.411,140.146,68.324,57.353,92.863,40.77,32.069,24.591,37.709,40.477,1.007,0.589,0.231,132.23,1519,12,5.1,23.4,3.91,56.77
CPSBB_TOM102,212,2943.267,66.485,66.929,47.837,54.166,55.558,0.818,0.729,0.851,0.766,0.638,1.201,0.043,0.086,0.552,0.071,239.375,227.1,0.14,173.25,162.45,0.000425,0.000725,0,0.172,0.095,0,0.191,0.446,0.706,0.89,0.887,0.729,0.456,133.885,69.102,57.507,90.012,39.884,28.864,23.067,38.993,37.021,1.195,0.601,0.223,135.09,2403,18,4.9,18.1,3.67,52.26
CPSBB_TOM103,260.15,4156.928,72.023,73.716,63.387,75.805,76.482,1.037,0.891,1.071,0.732,0.485,1.522,0.066,0.078,0.475,0.116,280.133,267.8,0.229,152.233,123.133,0,0,0,0.214,0.192,0,0.473,0.416,0.668,0.889,0.887,0.889,0.446,123.515,63.589,50.176,81.694,36.583,26.984,23.019,40.476,35.485,2.68,0.693,0.166,200.6,2068,10,4.5,13.6,2.92,47.56
CPSBB_TOM104,223.637,3146.959,72.39,72.729,45.635,53.227,55.242,0.733,0.633,0.766,0.766,0.656,1.189,0.053,0.123,0.574,0.083,256.067,237.9,0.174,183.867,167.417,0.018966667,0.035433333,0.044033333,0.134,0.077,0.038366667,0.158,0.46,0.686,0.89,0.886,0.632,0.473,105.756,106.253,70.525,84.156,46.809,-7.607,23.436,108.028,24.647,1.562,0.71,0.156,147.7,1385,9,5.9,18.4,3.62,66.36
CPSBB_TOM105,133.285,1236.967,37.867,38.185,37.634,39.243,40.116,1.027,0.994,1.06,0.748,0.651,1.15,0.029,0.034,0.546,0.031,217.225,162.842,0.061,170.875,154.225,0,0,0,0.168,0.045,0,0.089,0.437,0.767,0.889,0.888,0.995,0.422,133.935,73.613,57.366,90,40.864,26.209,24.62,43.208,35.965,0.803,0.557,0.252,34.1,1794,53,4.7,33.5,5.64,84.2
CPSBB_TOM106,267.564,4240.101,86.191,86.755,46.849,59.803,62.502,0.692,0.545,0.731,0.806,0.677,1.191,0.072,0.16,0.575,0.145,285.033,265.167,0.263,186.033,167.683,0.0121,0.0115,0,0.167,0.167,0,0.26,0.457,0.625,0.89,0.886,0.545,0.518,136.407,76.806,60.444,92.611,42.264,25.455,24.511,44.42,35.391,1.061,0.682,0.173,218.8,1313,6,5.6,23.7,3.68,61.09
CPSBB_TOM107,240.688,3750.885,73.194,73.893,55.795,61.997,63.624,0.841,0.767,0.871,0.778,0.67,1.166,0.046,0.078,0.561,0.065,252.175,216.65,0.088,183.658,165.925,0.01715,0.0056,0.02885,0.153,0.142,0.0303,0.185,0.426,0.72,0.891,0.887,0.766,0.453,130.329,66.819,53.441,86.449,38.572,28.412,23.929,40.131,37.151,1.368,0.645,0.195,168.5,2472,15,5.9,22.9,3.92,64.35
CPSBB_TOM108,256.584,3862.695,82.973,83.1,45.085,57.912,62.091,0.702,0.551,0.756,0.756,0.707,1.072,0.067,0.154,0.585,0.105,285.75,244.85,0.13,193.3,182.55,0.0162,0.00375,0,0.101,0.147,0,0.145,0.513,0.621,0.89,0.886,0.55,0.517,125.437,65.03,50.205,82.63,37.264,26.982,24.217,42.016,36.307,2.214,0.626,0.207,166.1,1883,11,6,22.9,3.82,71.82
CPSBB_TOM109,122.042,1028.724,35.624,35.793,33.316,34.989,35.781,0.978,0.936,1.011,0.724,0.666,1.085,0.027,0.03,0.548,0.04,222.65,175.4,0.059,173.3,159.8,4e-04,0.001975,0,0.125,0.04,0,0.056,0.477,0.761,0.889,0.886,0.936,0.425,115.722,62.443,45.674,75.914,34.869,23.715,23.558,44.895,33.441,0.829,0.557,0.252,23.7,1057,45,7.2,39.1,6.55,106.69
CPSBB_TOM110,190.869,2502.782,54.335,54.589,54.144,57.235,57.366,1.047,0.997,1.053,0.705,0.606,1.192,0.03,0.036,0.519,0.045,234.4,183.183,0.083,166.225,148.625,0,0,0.030525,0.109,0.086,0.023175,0.134,0.477,0.757,0.89,0.887,0.996,0.408,104.28,64.551,51.138,73.077,33.755,17.262,17.509,45.808,24.649,1.138,0.671,0.18,88.4,1267,14,5.9,24.2,3.53,65.91
CPSBB_TOM111,190.446,2412.257,56.769,57.192,47.35,52.536,52.957,0.919,0.834,0.934,0.74,0.631,1.173,0.038,0.054,0.539,0.068,266.375,211.4,0.1,173.083,159.1,0.008275,0.0158,0,0.157,0.091,0,0.169,0.444,0.719,0.891,0.887,0.834,0.444,131.643,69.902,56.655,88.557,39.591,27.348,23.059,40.226,35.783,0.966,0.604,0.221,88.4,2414,27,5.5,24.4,3.68,59.67
CPSBB_TOM112,174.314,2051.059,53.277,53.7,43.519,47.562,47.923,0.888,0.821,0.907,0.752,0.598,1.258,0.035,0.053,0.529,0.062,247.45,205.125,0.107,168.95,153.075,0,0,0,0.173,0.067,0,0.174,0.452,0.732,0.888,0.887,0.82,0.431,115.862,60.856,47.417,76.768,34.49,24.985,21.673,40.844,33.088,0.741,0.607,0.22,69.1,1634,24,6,21.9,5.23,73.98
CPSBB_TOM113,151.81,1594.522,45.911,46.122,40.259,42.799,43.205,0.928,0.877,0.944,0.728,0.619,1.178,0.027,0.035,0.539,0.041,240.775,185.6,0.069,168.775,156.025,0,0,0,0.144,0.045,0,0.105,0.466,0.751,0.889,0.887,0.877,0.421,130.53,81.122,50.708,85.302,42.199,19.036,30.826,58.451,36.332,0.897,0.573,0.242,47,782,17,6,22.9,5.4,68.9
CPSBB_TOM114,228.7,3209.71,75.226,75.396,43.434,53.848,54.115,0.714,0.578,0.724,0.562,0.684,0.828,0.06,0.145,0.53,0.083,277.15,230.9,0.134,207.2,189.05,0.12975,0.0318,0.0696,0.071,0.283,0.12825,0.074,0.498,0.645,0.888,0.887,0.577,0.49,149.705,89.957,51.663,94.761,47.308,22.536,37.833,59.194,44.039,3.147,0.762,0.125,180.8,5422,8,7,39.5,6.05,71.19
CPSBB_TOM115,109.841,839.355,33.401,33.549,29.21,30.649,31.682,0.915,0.876,0.953,0.715,0.649,1.103,0.024,0.036,0.543,0.04,228.275,141.65,0.067,174.375,158.75,6e-04,0.0017,0.034025,0.083,0.031,0.012125,0.036,0.513,0.762,0.891,0.887,0.876,0.418,125.302,72.153,55.618,85.097,39.109,22.886,22.835,44.956,32.422,1.005,0.557,0.253,19.3,670,35,6.5,29.7,6.33,82.19
CPSBB_TOM116,146.444,1440.604,46.002,46.172,35.08,38.749,39.794,0.84,0.763,0.867,0.746,0.604,1.236,0.034,0.073,0.535,0.061,250.7,211.533,0.11,173.333,159.533,0.000166667,0.0011,0,0.159,0.068,0,0.121,0.456,0.723,0.889,0.886,0.762,0.44,134.014,84.086,52.282,87.695,43.566,18.92,31.836,59.543,37.697,1.535,0.663,0.185,50.3,653,14,7.2,46.3,5.35,82.24
CPSBB_TOM117,142.342,1369.865,34.671,35.073,48.345,48.556,49.537,1.384,1.394,1.437,0.645,0.675,0.958,0.034,0.113,0.492,0.009,172.5,137.2,0.014,161.6,134.575,0,0,0.1124,0.023,0.089,0.0723,0.046,0.531,0.796,0.889,0.887,1.397,0.389,119.221,71.568,55.428,82.165,38.019,20.362,21.248,46.862,29.588,1.038,0.545,0.26,27.2,961,35,6.6,31.5,4.45,70.8
CPSBB_TOM118,89.038,555.748,26.797,26.903,24.342,25.442,26.49,0.947,0.91,0.986,0.691,0.632,1.097,0.024,0.032,0.527,0.04,227.075,180.45,0.078,167.175,151.95,0,0,0.033925,0.097,0.03,0.005975,0.042,0.487,0.763,0.889,0.885,0.908,0.411,119.667,86.847,45.664,77.835,42.187,9.298,33.702,74.143,35.252,1.435,0.562,0.248,10.3,119,10,8.1,14.3,6.04,114.48
CPSBB_TOM119,107.152,793.765,31.623,31.856,28.66,30.459,31.516,0.963,0.913,1.006,0.75,0.6,1.26,0.031,0.041,0.535,0.043,235.05,186.35,0.05,123.375,145.575,0,0.001175,0,0.174,0.025,0,0.091,0.438,0.751,0.889,0.887,0.913,0.428,126.075,72.005,53.193,84.33,39.136,23.054,24.612,47.474,33.993,1.223,0.617,0.213,16.4,715,43,9.4,37.5,8.84,173.27
CPSBB_TOM120,116.474,944.46,34.544,34.629,31.56,33.549,34.282,0.969,0.914,0.992,0.727,0.631,1.154,0.027,0.029,0.54,0.04,237.425,184.15,0.066,131.55,156.75,0,0,0,0.14,0.029,0,0.074,0.471,0.753,0.891,0.887,0.915,0.423,135.1,112.85,62.678,93.079,51.918,1.596,36.641,87.507,36.677,0.952,0.538,0.264,12.2,486,40,6.7,29.2,6.79,118.64
CPSBB_TOM121,117.604,951.95,32.491,32.639,34.184,35.983,36.837,1.104,1.054,1.138,0.731,0.606,1.207,0.029,0.048,0.522,0.036,237.35,177.85,0.046,167.05,143.825,0,0,0,0.157,0.045,0,0.089,0.459,0.759,0.89,0.887,1.054,0.418,121.025,69.287,51.701,81.249,37.562,22.328,23.198,46.081,32.199,0.671,0.556,0.252,20.6,1250,61,7.5,38.6,7.93,154.6
CPSBB_TOM123,175.659,2162.926,50.694,50.758,51.414,53.213,53.507,1.052,1.018,1.061,0.637,0.643,0.992,0.018,0.028,0.518,0.024,215.975,158.7,0.056,176,155.625,0.000875,0.005325,0.054175,0.063,0.041,0.027075,0.036,0.477,0.771,0.89,0.886,1.016,0.397,138.515,96.767,62.541,94.624,47.649,13.979,31.059,65.771,34.21,0.799,0.619,0.212,64.6,1640,25,6,37.8,7.26,138.34
CPSBB_TOM124,148.593,1551.873,41.762,41.825,46.757,47.308,47.852,1.131,1.12,1.152,0.575,0.633,0.907,0.016,0.047,0.482,0.009,177.775,139,0.013,165.7,149.575,0,0,0.129475,0,0.058,0.067675,0,0.516,0.791,0.889,0.888,1.121,0.37,108.902,63.576,46.421,73.091,34.189,19.811,21.695,47.717,29.395,0.85,0.558,0.251,46.2,866,19,6.4,36.8,6.32,79.11
CPSBB_TOM125,190.588,2491.038,59.224,59.351,48.768,52.366,54.305,0.89,0.83,0.924,0.656,0.659,0.994,0.024,0.053,0.515,0.065,181.75,158,0.048,180.55,165.15,0.015,0.02295,0.05185,0.041,0.078,0.0645,0.025,0.508,0.745,0.89,0.888,0.831,0.42,99.133,64.314,48.138,69.296,32.855,14.783,18.288,51.049,23.515,0.923,0.657,0.188,98.2,1817,19,5.8,25.5,4.66,66.02
CPSBB_TOM126,98.208,664.95,25.823,25.972,30.586,31.941,32.777,1.231,1.186,1.275,0.744,0.546,1.364,0.035,0.068,0.529,0.026,217.475,168.625,0.035,143.875,127.85,0,0,0,0.177,0.03,0,0.108,0.449,0.766,0.89,0.886,1.186,0.407,128.637,80.717,52.147,85.074,41.793,18.512,29.133,57.637,34.529,1.036,0.573,0.24,12.2,320,26,8.6,9.3,6.7,127.61
CPSBB_TOM127,107.136,794.988,30.078,30.353,31.157,32.618,33.121,1.076,1.037,1.098,0.721,0.611,1.182,0.028,0.045,0.526,0.036,223.05,175.758,0.058,157.4,147.45,0,0,0,0.15,0.035,0,0.072,0.457,0.762,0.89,0.886,1.035,0.413,113.118,77.262,48.83,76.21,38.558,12.807,26.285,63.982,29.242,1.004,0.604,0.223,15.6,942,60,8.4,25.7,7.14,130.81
CPSBB_TOM128,133.321,1215.145,39.92,40.153,34.248,36.999,38.284,0.922,0.858,0.956,0.744,0.645,1.157,0.031,0.04,0.543,0.055,247.05,189.725,0.083,128.725,162.025,2.5e-05,0.001575,0,0.17,0.041,0,0.097,0.431,0.742,0.892,0.889,0.861,0.436,132.015,71.874,55.788,88.361,40.121,26.263,24.61,43.172,35.992,0.889,0.602,0.221,35.4,1799,51,5.6,34,6.15,89.79
CPSBB_TOM129,196.634,2577.595,53.594,53.869,53.975,58.653,59.831,1.089,1.007,1.117,0.77,0.618,1.248,0.04,0.053,0.542,0.058,266.475,200,0.092,165,147.275,0,0,0,0.165,0.079,0,0.185,0.461,0.734,0.89,0.886,1.004,0.439,142.776,80.259,63.191,96.908,44.081,26.56,25.591,44.041,36.925,1.553,0.537,0.266,96.7,2170,22,4.7,20.9,3.15,46.23
CPSBB_TOM131,278.852,4255.257,51.52,54.356,98.362,104.077,103.756,1.952,1.955,2.061,0.89,0.368,2.431,0.065,0.204,0.486,0.039,238.2,167.675,0.095,69.725,70.525,0.00095,0.211225,0,0.351,0.11,0,0.871,0.326,0.756,0.889,0.89,1.957,0.404,146.746,77.594,64.897,99.582,44.103,30.07,24.366,38.998,38.724,2.082,0.565,0.244,126.8,1983,16,6.7,24.7,4.2,67.61
CPSBB_TOM132,119.291,973.76,32.554,33.189,37.592,39.518,40.444,1.195,1.16,1.245,0.734,0.309,2.398,0.035,0.052,0.458,0.009,188.975,171.175,0.025,91.475,103,0.003175,0.226775,0,0.258,0.081,0,0.246,0.415,0.762,0.891,0.886,1.165,0.372,142.975,77.898,58.979,95.014,43.394,27.702,27.413,44.741,39.007,2.215,0.578,0.237,19.1,389,20,8.3,38.6,7.18,128.91
CPSBB_TOM133,157.14,1733.325,46.426,46.792,43.575,45.974,45.925,0.984,0.94,0.994,0.709,0.616,1.156,0.03,0.031,0.53,0.033,221.433,194.2,0.09,168.733,158.667,0,0,0,0.155,0.082,0,0.116,0.436,0.758,0.89,0.887,0.939,0.409,136.286,68.371,54.749,89.853,39.946,30.189,24.975,39.602,39.183,1.164,0.572,0.241,43,405,9,6.9,36,4.94,79.64
CPSBB_TOM134,118.342,642.676,38.65,38.82,11.515,22.14,26.324,0.57,0.297,0.695,0.755,0.542,1.677,0.126,0.285,0.607,0.115,256.1,242.05,0.236,280.15,280.4,0.24135,0.01505,0.06345,0.045,0.132,0.0229,0.019,0.52,0.414,0.891,0.87,0.293,0.66,119.036,62.552,45.211,77.265,35.463,25.142,24.638,44.418,35.211,9.328,0.634,0.188,24.7,161,6,7.2,28,8.98,158.12
CPSBB_TOM135,176.884,2009.408,56.684,56.811,38.1,44.027,44.217,0.777,0.674,0.779,0.761,0.654,1.165,0.047,0.11,0.557,0.092,247.35,226.65,0.204,178,167.95,0.0036,0.00415,0,0.138,0.126,0,0.156,0.467,0.692,0.89,0.888,0.673,0.461,158.577,84.419,51.914,99.054,47.331,30.171,38.109,51.621,48.608,1.827,0.667,0.182,58.9,1178,20,6.6,30.3,4.67,85.16
CPSBB_TOM136,224.024,2667.053,37.564,41.854,78.317,84.78,85.514,2.022,2.083,2.278,0.857,0.524,1.649,0.064,0.237,0.478,0.027,223.8,149.9,0.121,87.267,75.933,0.001666667,0.271566667,0,0.055,0.287,0,0.551,0.6,0.739,0.874,0.906,2.088,0.446,139.894,74.435,59.111,93.634,42.084,28.472,25.117,41.439,37.97,1.497,0.658,0.187,88.5,829,9,6.8,27.5,4.61,86.3
CPSBB_TOM137,153.429,1606.57,48.288,48.486,35.983,40.273,41.102,0.839,0.754,0.86,0.718,0.628,1.146,0.036,0.079,0.508,0.065,256.133,213.8,0.107,171.033,161.3,0,0,0,0.145,0.113,0,0.125,0.459,0.714,0.891,0.888,0.756,0.444,150.505,85.01,52.508,95.537,46.185,26.101,35.846,53.982,44.35,1.364,0.746,0.136,71.4,770,13,7.1,33.2,5.32,89.14
CPSBB_TOM138,208.497,2549.934,66.76,66.971,37.719,47.54,50.319,0.73,0.591,0.778,0.758,0.69,1.11,0.061,0.142,0.559,0.092,237.15,234.75,0.198,217.3,187.9,0.0519,0.00225,0.0488,0.069,0.141,0.05845,0.082,0.478,0.633,0.89,0.89,0.59,0.506,122.814,81.008,59.851,85.99,41.374,16.213,23.188,56.691,29.039,2.907,0.713,0.15,100.8,1011,10,6.7,16,4.56,87.64
CPSBB_TOM139,123.471,1047.077,33.062,33.761,38.481,39.984,40.678,1.197,1.178,1.253,0.747,0.434,1.908,0.036,0.061,0.488,0.014,199.808,160.35,0.035,117.275,119.05,0.000775,0.019225,0,0.232,0.059,0,0.207,0.408,0.771,0.891,0.886,1.177,0.384,125.517,64.29,49.131,82.148,37.094,27.34,24.429,41.839,36.677,1.068,0.57,0.243,24.2,628,25,8.4,37.8,7.17,118.02
CPSBB_TOM140,121.122,1004.38,30.713,31.009,39.243,40.026,40.619,1.3,1.287,1.336,0.694,0.622,1.123,0.032,0.092,0.514,0.02,195.25,151,0.027,161.9,136.475,0,0,0.0237,0.1,0.048,0.0137,0.075,0.488,0.784,0.891,0.887,1.289,0.399,125.403,100.135,55.909,85.325,46.942,4.402,33.734,82.588,34.036,0.751,0.577,0.238,17.3,274,16,8.4,21.2,6.96,109.28
CPSBB_TOM141,206.995,2915.5,63.627,64.135,49.53,54.906,56.661,0.851,0.775,0.888,0.756,0.628,1.206,0.036,0.07,0.535,0.055,246.8,202.65,0.061,171.95,149.85,0.011,0.01375,0,0.168,0.157,0,0.183,0.445,0.722,0.889,0.888,0.775,0.442,147.726,80.383,49.673,92.892,44.561,27.491,35.405,52.257,44.829,3.731,0.7,0.16,94,902,9,6.9,30.3,4.73,80.96
CPSBB_TOM142,167.473,1850.615,49.953,50.998,42.192,46.397,47.065,0.911,0.848,0.952,0.696,0.558,1.324,0.052,0.066,0.515,0.076,247.933,220.867,0.166,159.067,147,0.000766667,0.013433333,0.037733333,0.161,0.126,0.046666667,0.19,0.426,0.728,0.886,0.886,0.848,0.426,132.04,75.694,58.326,89.577,41.104,24.045,24.063,45.058,34.052,1.469,0.673,0.177,65.2,627,10,5.5,29.2,3.9,60.72
CPSBB_TOM143,92.866,587.015,23.178,23.326,30.903,31.179,32.279,1.339,1.335,1.4,0.659,0.657,1.004,0.033,0.104,0.515,0.013,175.85,143.55,0.012,158.975,140.075,0,0,0.139625,0,0.03,0.04255,0,0.538,0.792,0.889,0.888,1.337,0.391,130.334,65.382,52.19,85.852,38.165,29.17,24.022,39.472,37.795,1.119,0.556,0.251,8,1036,135,12,65.8,12.72,180.69
CPSBB_TOM144,85.828,521.569,25.4,25.527,24.617,25.294,26.415,0.993,0.972,1.03,0.725,0.592,1.233,0.024,0.029,0.523,0.015,193.725,175.675,0.025,166.775,144.4,0,0,0,0.152,0.026,0,0.052,0.453,0.776,0.89,0.884,0.969,0.403,114.841,59.133,46.21,75.736,33.92,25.517,21.58,40.24,33.425,1.767,0.569,0.244,9.3,939,105,11.1,65.8,13.25,246.28
CPSBB_TOM145,164.41,1723.106,38.354,39.476,55.584,58.251,58.465,1.473,1.448,1.523,0.804,0.31,2.697,0.045,0.116,0.47,0.018,248.35,172.275,0.052,82.525,92.2,0.002875,0.2328,0,0.269,0.121,0,0.398,0.41,0.763,0.89,0.882,1.449,0.38,132.001,73.861,43.091,82.395,40.386,23.878,33.47,54.483,41.12,2.188,0.587,0.231,50.4,883,18,7.8,31.5,5.43,61.77
CPSBB_TOM146,221.36,3102.569,68.114,68.622,47.773,56.198,57.045,0.84,0.735,0.857,0.741,0.643,1.157,0.046,0.084,0.542,0.086,252.575,221.925,0.181,182.075,169.55,0.027725,0.0022,0,0.16,0.132,0,0.182,0.443,0.685,0.89,0.887,0.734,0.466,144.989,72.978,57.46,95.238,42.63,31.364,27.52,41.31,41.743,1.265,0.65,0.194,158.6,1209,8,7.1,34.9,5.1,59.61
CPSBB_TOM147,242.134,3309.723,78.176,79.276,40.245,53.114,57.812,0.682,0.535,0.744,0.79,0.584,1.363,0.074,0.17,0.546,0.126,277.733,261,0.202,169.7,116.167,0.004233333,0.004233333,0,0.198,0.158,0,0.292,0.42,0.604,0.89,0.887,0.533,0.518,146.69,69.256,54.943,94.851,42.011,34.049,28.399,39.764,44.347,1.506,0.772,0.121,163,1724,11,7.3,42.9,4.77,58.78
CPSBB_TOM148,224.433,3406.71,65.469,65.998,60.219,64.834,65.219,0.988,0.926,1.006,0.72,0.6,1.218,0.035,0.05,0.525,0.048,235.15,203.25,0.082,157.5,145.075,0,0,0.02825,0.123,0.115,0.018175,0.17,0.458,0.742,0.893,0.887,0.925,0.422,152.538,88.048,53.558,96.985,47.306,25.256,36.72,55.463,44.573,0.94,0.714,0.154,156.3,1450,9,7,29.2,4.26,49.15
CPSBB_TOM149,183.043,2218.392,43.942,44.492,65.426,67.035,67.647,1.501,1.485,1.541,0.583,0.43,1.363,0.036,0.124,0.428,0.003,166.6,118.45,0.006,106.05,109.7,0.00025,0.0308,0,0.149,0.104,0,0.216,0.469,0.781,0.89,0.886,1.485,0.343,137.114,118.675,72.071,98.44,54.013,-0.164,33.498,90.27,33.503,0.882,0.581,0.237,81.9,2141,26,6.9,36,4.09,46.94
CPSBB_TOM150,97.602,672.578,27.22,27.284,30.099,30.671,31.662,1.123,1.105,1.158,0.682,0.608,1.125,0.023,0.043,0.526,0.016,234.4,165.05,0.025,162.9,142.55,0,0,0,0.124,0.024,0,0.047,0.484,0.784,0.89,0.886,1.105,0.392,116.744,65.39,50.211,78.498,35.917,22.692,21.682,43.864,31.458,0.777,0.607,0.219,13,1744,160,8.5,42,6.79,82.16
CPSBB_TOM151,106.033,798.565,31.729,31.877,29.782,30.459,31.563,0.957,0.94,0.993,0.711,0.639,1.113,0.019,0.023,0.54,0.014,196.6,175.333,0.026,170.975,154.775,0,0,0,0.115,0.018,0,0.039,0.492,0.782,0.889,0.888,0.941,0.406,124.263,111.484,65.159,89.17,50.357,-2.689,32.42,94.728,32.54,0.805,0.574,0.24,22.6,980,43,6.3,42,4.97,59.46
CPSBB_TOM152,99.787,653.341,22.077,22.331,35.412,35.645,36.865,1.597,1.605,1.675,0.699,0.677,1.032,0.045,0.154,0.518,0.008,173.3,131,0.015,150.075,122.95,0,0,0.0857,0.043,0.05,0.0498,0.033,0.539,0.793,0.889,0.887,1.606,0.404,122.959,60.829,49.827,81.202,35.711,28.489,21.882,37.541,35.938,0.933,0.561,0.249,7,1988,268,11.2,57.1,8.27,96.29
CPSBB_TOM153,39.272,102.4442,11.9803,12.1497,10.0118,10.4987,11.8959,0.8647,0.8347,1.0078,0.5906,0.6538,0.9576,0.023,0.0514,0.528,0.016,185.9055,135.0864,0.024,180.7797,120.2467,0.0074,0.0136,0.047,0.1314,198.7989,144.7252,0.0149,0.4488,0.785,0.9061,0.8795,0.871,0.4085,97.3485,99.1882,62.1276,76.8608,43.6639,0,24.0802,109.0174,25.5355,1.3939,0.5524,0.2499,1.53,123,70,10.5,NA,NA,NA
CPSBB_TOM155,53.0671,186.2075,15.8115,15.9808,13.97,14.5203,16.6112,0.912,0.8866,1.0594,0.6919,0.6156,1.1245,0.0196,0.0344,0.5263,0.0241,165.6562,131.9823,0.0418,84.2145,152.9347,0.0017,0.003,0,0.1347,0.013,0,0.0189,0.4666,0.7567,0.8822,0.8778,0.9026,0.434,85.301,90.1335,57.3688,70.1714,39.3818,0,21.0109,113.2723,22.9057,2.0833,0.6112,0.2166,2.08,56,27,11.5,NA,NA,NA
CPSBB_TOM156,53.567,202.4315,16.3407,16.51,15.3247,15.4093,17.5405,0.933,0.9373,1.0768,0.6761,0.6065,1.1171,0.015,0.0252,0.5205,0.0047,85.7483,161.6115,0.0033,124.0943,148.491,9e-04,0.003,0,0.1387,0.0086,0,0.0146,0.4502,0.7954,0.8916,0.8873,0.9375,0.3838,85.5889,91.6946,59.8917,71.8957,39.9503,0,20.0853,115.4525,22.278,1.9372,0.5956,0.2237,2.21,95,44,10.9,NA,NA,NA
CPSBB_TOM158,57.3618,214.6232,18.034,18.2457,13.8218,14.5838,16.9588,0.7986,0.7672,0.968,0.7342,0.5933,1.2427,0.03,0.0791,0.5307,0.032,240.4597,92.7162,0.0687,11.5479,156.3753,0.0025,0.0105,0,0.1422,0.0201,0,0.0347,0.4696,0.7513,0.8943,0.8763,0.7623,0.4248,95.5654,96.0016,63.603,76.9063,42.4227,0,21.3769,108.2978,22.5181,1.7172,0.6068,0.2186,3.66,59,16,NA,NA,NA,NA
CPSBB_TOM159,48.4291,166.0445,15.367,15.4093,12.6788,13.081,14.889,0.8498,0.8259,0.9853,0.7283,0.6337,1.1493,0.0251,0.0576,0.5378,0.017,241.2646,48.6444,0.0224,129.4091,161.708,0.0012,0.0045,0,0.1386,0.0157,0,0.0197,0.4631,0.7687,0.8921,0.8788,0.8228,0.4236,90.3117,98.3964,59.0924,74.4286,42.6494,0,24.5893,115.6624,27.2744,2.8061,0.5798,0.2357,2.2,118,54,8.9,NA,NA,NA
CPSBB_TOM160,53.461825,194.272025,17.1873,17.314325,13.7795,14.20285,16.16615,0.822475,0.803825,0.948425,0.70305,0.561725,1.278325,0.0294,0.075525,0.50055,0.008225,54.75,135.225,0.019725,179.925,162.075,0.053025,0.030025,0,0.143725,0.043525,0,0.04055,0.46695,0.965575,1.001525,0.992425,0.80325,0.061575,102.04485,105.113725,71.9534,84.118025,46.081925,0,21.3259,111.832725,22.9796,2.1777,0.621,0.2024,2.53,66,25,8.6,NA,NA,NA
CPSBB_TOM161,59.2881,220.1877,19.5368,19.6215,14.7955,15.1553,17.57,0.7733,0.7583,0.914,0.7508,0.6498,1.1564,0.0325,0.0857,0.5561,0.0125,152.2137,91.8164,0.0309,174.4441,164.7903,1e-04,0.0098,0,0.1463,0.014,0,0.0263,0.4649,0.7785,0.8908,0.8837,0.7562,0.3407,108.3606,113.1444,78.8729,90.7745,49.6378,0,21.7206,113.7747,23.7316,2.3293,0.5509,0.253,2.65,270,102,10.1,NA,NA,NA
CPSBB_TOM162,48.7345,165.005,15.7057,15.8327,12.8482,13.081,15.4103,0.8329,0.8251,1.0462,0.6855,0.5894,1.1836,0.0261,0.0662,0.5112,0.0146,181.0921,125.344,0.0093,169.6407,156.0041,0.0077,0.0253,0.0373,0.0982,0.0271,0.0066,0.0171,0.5025,0.7814,0.8923,0.8806,0.8202,0.3977,115.5381,111.2536,73.9422,89.2885,49.5808,0,25.0841,102.5204,25.7113,2.3598,0.549,0.255,1.45,25,17,10,NA,NA,NA
CPSBB_TOM163,44.0075,137.8133,14.0547,14.0547,11.5993,11.8957,13.4483,0.8445,0.8237,0.9588,0.6883,0.6746,1.0202,0.0277,0.062,0.5513,0.0191,155.2959,84.4223,0.032,86.1623,169.4972,0.0116,0.0385,0.0685,0.0556,0.0174,0.0055,0.0042,0.4972,0.7777,0.8912,0.8818,0.8232,0.4137,108.7494,109.9045,69.4687,85.1141,48.4272,0,26.2383,108.3556,27.6548,3.5644,0.548,0.2536,0.94,14,16,11.6,NA,NA,NA
CPSBB_TOM166,65.7268,305.0227,20.7433,20.8915,16.9545,17.653,18.7945,0.8455,0.8177,0.9095,0.7426,0.6503,1.1449,0.0277,0.0573,0.5484,0.0289,207.3918,180.913,0.042,172.8095,160.1174,0,0,0,0.1553,0.0175,0,0.0373,0.4561,0.7661,0.8924,0.8847,0.8183,0.4237,96.3275,95.9692,68.5361,78.7385,42.6603,0,18.1516,107.0273,19.013,1.6033,0.5521,0.2541,3.83,97,25,9,NA,NA,NA
CPSBB_TOM167,45.8238,151.5104,13.8218,13.8642,13.6948,13.7795,15.3903,0.9972,0.9939,1.1109,0.6277,0.5853,1.0753,0.0175,0.0252,0.4962,0.0155,97.5769,158.986,0.0209,157.2836,149.5413,0,0,0.0394,0.0818,0.0182,0.0072,0.013,0.4982,0.7912,0.892,0.8811,0.9917,0.3812,114.3423,54.3256,36.3337,70.9048,32.4753,27.4279,26.7353,44.3346,38.3302,0.9827,0.5468,0.2589,1.2,110,91,11.1,NA,NA,NA
CPSBB_TOM168,67.4937,304.2109,19.05,19.0923,19.4733,20.0025,21.9203,1.0484,1.0228,1.1559,0.6651,0.5944,1.1195,0.0143,0.0257,0.5039,0.0141,100.4841,155.7574,0.0151,165.117,141.283,8e-04,0.0034,0,0.1188,0.0203,0,0.0349,0.4851,0.7698,0.8944,0.8723,1.0241,0.4056,114.5781,67.1677,41.7222,73.5526,35.8188,19.6228,27.4541,54.473,33.8243,0.9541,0.5519,0.2553,4.31,312,72,8.7,NA,NA,NA
CPSBB_TOM169,65.5172,294.6284,20.5105,20.5952,17.1238,17.8858,19.5046,0.8699,0.836,0.9566,0.7262,0.6311,1.1536,0.0291,0.0591,0.5393,0.0303,213.503,184.2417,0.0584,164.3711,153.7687,0,0,0.0271,0.1178,0.0321,0.0039,0.0351,0.4537,0.7649,0.8934,0.8843,0.835,0.4056,112.5238,113.3188,76.6661,90.3122,49.9529,0,23.9047,108.6028,25.2219,1.7153,0.5639,0.2551,2.96,252,85,11.7,NA,NA,NA
CPSBB_TOM170,47.0291,157.5122,13.9277,13.97,13.97,14.0123,15.8844,1.0033,1.0033,1.149,0.6667,0.6168,1.0814,0.0172,0.0188,0.518,0.0023,128.8993,162.0569,0.0085,164.9415,150.0485,0,0.0027,0.0554,0.068,0.0157,0.0071,0.0053,0.4786,0.7963,0.8912,0.885,1.0038,0.387,117.7933,56.4872,42.3849,75.3783,33.7347,28.1422,24.2163,40.7208,37.1526,0.904,0.5485,0.2575,1.67,245,145,10.5,NA,NA,NA
CPSBB_TOM171,47.0603,157.2058,15.3035,15.3035,12.1708,12.4672,14.0711,0.8149,0.7955,0.9251,0.7122,0.6585,1.0838,0.0272,0.0668,0.5549,0.0077,185.1022,178.4268,0.0107,174.6464,166.6176,0.004,0.0204,0.0222,0.0883,0.0118,0.0015,0.0071,0.4755,0.7795,0.8924,0.8838,0.7918,0.4122,126.1016,66.0596,47.0469,81.4809,37.557,26.2593,26.7922,45.5708,37.5194,1.3352,0.5819,0.2377,1.07,73,68,9.3,NA,NA,NA
CPSBB_TOM172,47.03,155.7721,14.8167,14.8378,12.4248,12.9117,14.4179,0.8717,0.8403,0.9761,0.6698,0.6777,0.9888,0.0245,0.0506,0.5355,0.0381,208.8847,4.8819,0.0638,131.6891,163.7084,0.0012,0.015,0.1289,0,0.0136,0.0145,0,0.519,0.7687,0.8926,0.8858,0.8398,0.4135,98.777,103.5255,61.9296,78.0383,45.3125,0,26.5943,111.5935,28.6022,1.8921,0.5588,0.2498,1.57,23,15,NA,NA,NA,NA
CPSBB_TOM175,58.678,244.1716,18.2033,18.2668,15.4305,16.256,17.9937,0.8922,0.85,0.9946,0.7243,0.5971,1.2144,0.0247,0.0441,0.5308,0.0423,224.5959,142.0863,0.0564,165.9039,154.1033,0.0035,0.0058,0,0.1473,0.0122,0,0.0354,0.472,0.7595,0.8891,0.8856,0.8504,0.4172,103.246,108.427,73.0835,86.0282,47.4759,0,22.4544,113.589,24.5195,1.6296,0.5688,0.249,3.07,115,29,7.8,NA,NA,NA
CPSBB_TOM176,64.8732,298.5765,20.7645,20.9127,16.8063,17.2508,19.5611,0.8254,0.8104,0.9524,0.7369,0.6445,1.1438,0.0284,0.065,0.5537,0.0121,147.5274,49.245,0.0284,169.886,161.4709,0.0039,0.0522,0,0.1416,0.0221,0,0.0295,0.4619,0.7747,0.8908,0.8818,0.804,0.4179,98.1801,101.1465,67.536,80.1819,44.498,0,21.6814,111.0172,23.2347,1.812,0.574,0.2386,2.97,185,65,10.3,NA,NA,NA
CPSBB_TOM177,51.0565,186.3168,15.494,15.494,14.3933,14.732,16.1838,0.9506,0.9287,1.0423,0.6837,0.6297,1.0865,0.02,0.0279,0.5351,0.0222,195.8583,170.4328,0.0203,169.256,153.2458,0,0,0.0381,0.0555,0.0146,0.0106,0.0075,0.465,0.7797,0.891,0.8849,0.9275,0.4063,120.489,54.2023,41.1555,76.0673,33.6704,30.6488,25.1666,39.3944,39.6596,0.8501,0.5593,0.2482,1.81,234,129,10.2,NA,NA,NA
CPSBB_TOM178,56.1977,218.4691,18.2457,18.3303,13.716,14.6262,17.4519,0.7983,0.7523,0.9628,0.7493,0.6007,1.2504,0.0354,0.083,0.5367,0.021,207.2518,194.8116,0.0322,128.2743,160.3443,0.0023,0.0069,0,0.1568,0.0303,0,0.0406,0.4548,0.7481,0.8908,0.8846,0.7519,0.4295,93.8409,95.3903,64.6681,76.0291,42.1806,0,20.0212,109.3858,21.2437,3.1851,0.5507,0.2543,1.96,99,50,8.5,NA,NA,NA
CPSBB_TOM179,51.6929,184.2075,15.494,15.5363,14.7743,14.8802,17.2003,0.9602,0.9561,1.1156,0.6706,0.59,1.1376,0.0138,0.0227,0.5077,0.005,171.5037,159.3754,0.005,162.7143,146.0346,0.0014,0.0038,0,0.1084,0.0131,0,0.0169,0.4948,0.7872,0.8914,0.8775,0.961,0.3952,115.4138,57.9735,41.0005,73.6046,33.6584,25.951,25.0391,43.9568,36.1539,1.2702,0.5561,0.2527,1.94,180,93,10.5,NA,NA,NA
CPSBB_TOM180,57.2052,231.2307,17.8858,17.9917,14.8802,15.5787,17.3906,0.876,0.8432,0.9858,0.717,0.6393,1.126,0.0276,0.0527,0.5402,0.034,212.8901,132.6685,0.047,82.921,158.1898,2e-04,0.0044,0.0414,0.1084,0.0205,0.0061,0.026,0.4804,0.763,0.8916,0.8858,0.8402,0.4197,108.5756,110.6069,77.702,89.3733,48.7657,0,21.3071,110.2447,22.7674,1.7477,0.5427,0.2607,3.5,202,58,8.5,NA,NA,NA
CPSBB_TOM181,48.0683,164.5893,14.5415,14.605,13.8218,14.1182,16.0695,0.9668,0.9507,1.1082,0.6649,0.5971,1.1156,0.0155,0.0195,0.5101,0.0156,192.2392,164.3609,0.0193,169.9334,152.192,0.0016,0.0076,0.0266,0.0737,0.0132,0.0024,0.015,0.5021,0.7814,0.8915,0.8839,0.9523,0.3968,120.7452,51.3868,39.2593,75.2926,33.0279,32.3026,25.6578,38.4731,41.2603,1.1679,0.5491,0.2553,1.18,86,73,16.7,NA,NA,NA
CPSBB_TOM182,47.8724,163.9979,14.2028,14.2663,13.8853,14.1605,15.5509,0.9956,0.9815,1.0666,0.7296,0.5962,1.2364,0.0227,0.0263,0.5341,0.0177,149.7472,129.7751,0.0187,170.2816,147.6113,0.0029,0.0062,0,0.1515,0.014,0,0.028,0.4529,0.7822,0.8904,0.8843,0.9849,0.407,126.6761,56.7629,41.172,78.9836,35.4058,31.7143,27.8982,41.3568,42.2536,1.7248,0.5559,0.2514,1.19,89,75,12.1,NA,NA,NA
CPSBB_TOM183,27.3082,51.6056,8.6148,8.7207,7.3237,7.5988,10.7278,0.8714,0.8506,1.2631,0.6765,0.5586,1.2263,0.028,0.0494,0.5089,0.0169,239.0874,86.7162,0.0275,170.8958,153.8415,0.0043,0.0337,0.0196,0.1187,0.0146,0.0019,0.0136,0.449,0.7662,0.8946,0.8773,0.8452,0.4017,117.8665,113.4674,65.9021,87.112,50.4334,0,31.7684,102.7299,32.6267,3.0089,0.5328,0.2621,7.73,77,10,NA,NA,NA,NA
CPSBB_TOM184,55.9933,222.9189,17.4837,17.5472,15.2612,15.5787,17.3578,0.891,0.8769,1.0054,0.7,0.6172,1.1362,0.0237,0.0438,0.5236,0.0179,103.7346,81.4208,0.0239,129.1555,158.8064,0.0012,0.0048,0.0296,0.1163,0.0213,0.0066,0.0235,0.4638,0.7766,0.8903,0.8794,0.8675,0.4048,99.5896,103.2845,68.0067,81.2853,45.3346,0,22.7107,111.236,24.4515,2.3967,0.5513,0.2555,2.47,146,59,10.9,NA,NA,NA
CPSBB_TOM185,60.4757,254.978,19.05,19.1558,15.8962,16.5735,18.8586,0.8704,0.8392,0.9995,0.6586,0.6105,1.079,0.0272,0.0564,0.5173,0.0208,202.6851,131.8632,0.0323,127.0793,157.1926,5e-04,0.0018,0.0277,0.098,0.034,0.0158,0.0237,0.4794,0.7628,0.8892,0.8814,0.8346,0.4097,105.4419,102.2414,75.4004,85.7106,45.7246,0,18.166,102.1038,18.7289,2.1991,0.5516,0.2536,2.7,127,47,10.2,NA,NA,NA
CPSBB_TOM186,58.728,246.8526,18.2245,18.3515,16.0232,16.4253,19.103,0.8963,0.8804,1.0456,0.7036,0.6283,1.1264,0.0199,0.0385,0.5329,0.0136,195.8496,168.8718,0.0151,45.349,157.7149,0.0043,0.0095,0.0613,0.0764,0.0136,0.0043,0.0155,0.4859,0.7826,0.8921,0.8881,0.884,0.4059,105.2082,105.9092,74.5209,85.8685,46.8335,0,20.5062,108.6475,21.6686,1.9421,0.5521,0.2537,2.64,384,146,9,NA,NA,NA
CPSBB_TOM188,68.697,336.9886,20.5105,20.5952,19.7697,20.066,21.7019,0.9747,0.9646,1.0656,0.6903,0.6503,1.0699,0.0227,0.0281,0.5281,0.0052,92.7212,162.3861,0.0045,168.1027,159.3904,0,0,0.0573,0.0817,0.0369,0.0159,0.0241,0.4724,0.7861,0.8907,0.8843,0.9617,0.4,102.3708,82.7112,47.0584,70.3196,38.7123,3.3761,27.4432,82.9773,27.6529,1.0718,0.5516,0.2523,3.88,475,122,NA,NA,NA,NA
CPSBB_TOM189,135.71,1291.6533,39.8216,39.9062,38.2411,39.37,40.1398,0.993,0.9661,1.0174,0.7351,0.6441,1.1425,0.0248,0.0328,0.5396,0.0248,206.5944,184.4128,0.0532,164.8544,154.1603,0,0,0,0.1361,0.0388,0,0.0694,0.4698,0.7773,0.8905,0.8876,0.9667,0.4094,130.3278,59.2616,47.9064,83.8723,36.6593,32.4724,24.9224,37.4218,40.9525,1.6068,0.5812,0.2367,52.82,667,13,9.5,NA,NA,NA
CPSBB_TOM191,5.1892,28.2361,1.5779,1.6783,1.3964,1.3826,1.5884,0.0975,0.107,0.0828,0.0673,0.0724,0.0822,0.0075,0.0172,0.0286,0.0136,30.5064,13.1143,0.0764,5.0548,10.3261,0.0056,0.0109,0.059,0.0769,0.0136,0.0099,0.0181,0.0463,0.0143,0.0045,0.0021,0.1117,0.022,5.6717,4.018,2.531,3.3344,1.8781,0,1.5982,2.2816,1.3447,1.7473,0.5484,0.2543,NA,19,13,10.3,NA,NA,NA
CPSBB_TOM192,50.9748,182.2416,15.7692,15.7692,13.6525,14.1817,15.7347,0.8999,0.8663,1.0188,0.6804,0.6574,1.035,0.0238,0.0426,0.5307,0.032,212.9085,45.8001,0.0421,175.6176,160.8599,0.0039,0.0144,0.0761,0.0307,0.0162,0.0118,0.0057,0.486,0.7652,0.8915,0.8806,0.8618,0.4171,127.5665,59.1278,45.0889,81.2464,36.2219,30.964,26.3343,40.5463,40.7161,1.2483,0.5524,0.2531,1.79,120,67,10.8,NA,NA,NA
CPSBB_TOM193,55.41,215.1949,17.399,17.526,14.6685,15.0918,16.7094,0.8606,0.8421,0.9706,0.6937,0.6557,1.0591,0.0232,0.0534,0.538,0.0236,198.5078,128.6749,0.0535,171.1935,161.6379,8e-04,0.0015,0.0232,0.0826,0.0176,0.0074,0.0113,0.4779,0.7722,0.8909,0.8822,0.842,0.4148,90.2804,93.952,63.07,74.5984,41.1416,0,19.8511,112.6445,21.5178,2.369,0.6124,0.212,1.83,24,13,11,NA,NA,NA
