Genotype,Rep, Perimeter,  Area,  Width Mid-height,  Maximum Width,  Height Mid-width,  Maximum Height,  Curved Height,  Fruit Shape Index External I,  Fruit Shape Index External II,  Curved Fruit Shape Index,  Proximal Fruit Blockiness,  Distal Fruit Blockiness,  Fruit Shape Triangle,  Ellipsoid,  Circular,  Rectangular,  Shoulder Height,  Proximal Angle Micro,  Proximal Angle Macro,  Proximal Indentation Area,  Distal Angle Micro,  Distal Angle Macro,  Distal Indentation Area,  Distal End Protrusion,  Obovoid,  Ovoid,  V. Asymmetry,  H. Asymmetry.ob,  H. Asymmetry.ov,  Width Widest Pos,  Eccentricity,  Proximal Eccentricity,  Distal Eccentricity,  Fruit Shape Index Internal,  Eccentricity Area Index,  Average Red,  Average Green,  Average Blue,  Average Luminosity,  Average L Value,  Average a Value,  Average b Value,  Average Hue,  Average Chroma, Lobedness Degree,  Pericarp Area,  Pericarp Thickness
CAPS-1,3,45.03,143.20,12.76,13.10,12.78,13.44,14.72,1.02,1.00,1.15,0.81,0.57,1.43,0.05,0.05,0.53,0.01,151.98,145.55,0.03,97.10,148.43,0.01,0.02,0.00,0.23,0.02,0.00,0.06,0.38,0.76,0.89,0.89,1.01,0.42,176.66,169.92,124.20,141.94,73.92,-7.07,30.29,103.34,31.14,1.68,0.55,0.26
CAPS-2,3,93.20,556.65,30.46,31.26,20.21,22.84,24.00,0.73,0.66,0.80,0.72,0.57,1.25,0.06,0.13,0.53,0.06,194.00,221.25,0.24,128.30,158.90,0.01,0.01,0.00,0.24,0.07,0.00,0.14,0.38,0.71,0.89,0.89,0.66,0.45,154.23,157.27,111.42,128.02,67.66,-11.32,29.14,111.24,31.28,1.70,0.59,0.23
CAPS-3,3,56.73,184.25,10.92,12.47,18.84,20.64,22.02,1.66,1.74,2.05,0.98,0.39,2.65,0.08,0.18,0.41,0.02,216.63,85.13,0.09,79.65,60.33,0.00,0.04,0.00,0.41,0.07,0.00,0.23,0.28,0.73,0.88,0.87,1.76,0.45,177.08,173.70,120.70,141.03,75.03,-9.68,34.08,105.78,35.52,3.09,0.55,0.25
CAPS-4,3,86.67,478.17,27.47,28.53,20.26,22.61,23.29,0.79,0.74,0.85,0.73,0.44,1.79,0.07,0.11,0.47,0.05,215.05,213.15,0.17,132.33,140.15,0.02,0.01,0.01,0.24,0.09,0.02,0.14,0.35,0.71,0.89,0.89,0.74,0.42,174.01,169.09,123.55,140.48,73.35,-7.82,29.87,104.74,30.89,2.42,0.62,0.21
CAPS-5,3,121.49,700.41,17.42,20.26,45.72,48.22,48.85,2.39,2.64,2.80,1.04,0.40,2.59,0.09,0.29,0.42,0.02,155.25,132.73,0.06,65.75,37.13,0.00,0.16,0.00,0.47,0.07,0.00,0.58,0.24,0.76,0.89,0.89,2.65,0.44,128.53,137.35,85.45,105.62,58.83,-14.47,32.07,114.30,35.18,1.03,0.58,0.24
CAPS-6,3,121.55,692.40,16.53,21.87,42.33,45.44,46.33,2.08,2.57,2.78,1.28,0.50,2.55,0.11,0.28,0.42,0.04,225.08,103.68,0.16,81.95,44.43,0.00,0.00,0.00,0.58,0.09,0.00,0.67,0.18,0.74,0.89,0.89,2.58,0.49,154.27,154.61,104.96,123.93,66.94,-10.53,31.78,108.29,33.49,1.17,0.62,0.21
CAPS-7,3,139.19,1000.34,23.14,27.01,46.65,51.08,51.73,1.93,2.06,2.26,1.08,0.49,2.21,0.09,0.23,0.45,0.05,245.50,206.93,0.20,98.08,59.05,0.00,0.00,0.00,0.45,0.10,0.00,0.57,0.21,0.73,0.88,0.88,2.06,0.47,171.80,170.46,122.64,139.31,73.53,-9.73,30.69,107.61,32.20,2.09,0.58,0.23
CAPS-8,3,175.69,1530.28,28.85,30.08,71.54,72.16,73.12,2.41,2.50,2.55,0.63,0.36,1.74,0.06,0.27,0.40,0.05,130.30,69.35,0.01,57.98,45.93,0.00,0.12,0.00,0.24,0.07,0.00,0.41,0.41,0.79,0.89,0.89,2.51,0.33,121.26,129.22,80.51,99.26,55.62,-13.50,30.37,113.98,33.24,5.39,0.45,0.32
CAPS-9,3,211.27,1705.45,24.21,26.95,84.73,88.84,88.82,3.30,3.50,3.69,0.85,0.39,2.26,0.08,0.35,0.43,0.02,245.90,80.60,0.08,32.83,29.35,0.00,0.22,0.00,0.34,0.11,0.00,0.86,0.36,0.76,0.89,0.88,3.51,0.39,115.79,123.44,75.95,94.04,53.30,-13.09,29.66,113.87,32.44,3.15,0.64,0.22
CAPS-10,3,460.86,2527.05,14.39,40.24,171.45,192.38,203.65,4.85,12.05,14.45,1.20,0.55,2.28,0.24,0.46,0.20,0.01,67.78,262.55,0.06,96.53,7.05,0.00,0.38,0.00,0.51,0.92,0.00,2.10,0.05,0.71,1.14,1.11,12.13,0.51,128.03,130.45,93.14,105.59,56.87,-9.20,23.79,111.11,25.52,4.57,0.55,0.25
CAPS-11,3,137.81,872.47,19.33,22.46,50.04,54.82,54.86,2.46,2.60,2.86,1.00,0.42,2.42,0.08,0.29,0.41,0.04,243.75,107.98,0.17,65.98,44.33,0.00,0.07,0.00,0.41,0.15,0.00,0.58,0.26,0.73,0.87,0.87,2.61,0.45,168.20,163.42,105.01,128.82,70.87,-9.53,37.76,104.17,38.95,1.87,0.55,0.25
CAPS-12,3,129.88,735.93,15.71,20.62,49.06,51.69,52.51,2.55,3.13,3.38,1.22,0.48,2.54,0.10,0.32,0.40,0.02,217.60,128.08,0.08,50.18,35.73,0.00,0.00,0.00,0.53,0.06,0.00,0.72,0.22,0.76,0.89,0.89,3.15,0.48,184.28,172.53,118.13,142.37,75.26,-6.05,36.29,99.57,36.82,1.55,0.55,0.25
CAPS-13,3,146.22,905.95,18.33,20.40,55.99,60.90,61.50,2.98,3.06,3.42,0.93,0.43,2.15,0.08,0.32,0.44,0.02,202.13,93.90,0.09,47.60,37.70,0.00,0.00,0.00,0.37,0.10,0.00,0.60,0.30,0.73,0.89,0.89,3.07,0.44,150.50,155.62,96.64,119.35,66.70,-13.93,36.74,110.74,39.32,0.94,0.52,0.27
CAPS-14,3,362.44,1984.32,14.82,48.20,96.80,148.21,163.68,3.17,6.60,11.62,1.07,0.69,1.61,0.22,0.45,0.18,0.05,43.45,19.10,0.00,12.33,12.23,0.00,0.10,0.00,0.58,1.36,0.00,3.51,0.09,0.53,0.77,0.69,6.66,0.64,132.64,135.35,80.81,102.14,58.73,-11.89,34.60,108.98,36.60,3.34,0.55,0.25
CAPS-17,3,381.78,3768.45,28.89,43.56,129.46,157.04,160.09,3.63,4.50,5.73,1.01,0.55,1.87,0.12,0.41,0.36,0.03,233.83,71.58,0.17,42.48,42.30,0.00,0.02,0.00,0.58,0.71,0.00,2.67,0.08,0.66,0.88,0.98,4.51,0.50,136.24,137.53,97.67,111.21,59.93,-9.21,25.62,109.90,27.24,2.96,0.60,0.22
CAPS-18,3,374.33,4471.55,33.68,39.31,144.84,154.33,155.52,3.93,4.32,4.67,0.92,0.71,1.33,0.09,0.39,0.51,0.03,187.58,63.58,0.13,103.90,43.88,0.00,0.00,0.00,0.34,0.30,0.00,1.27,0.29,0.75,0.88,0.89,4.33,0.45,129.40,133.44,97.35,108.80,57.97,-9.81,22.87,113.19,24.89,4.78,0.54,0.25
CAPS-21,3,316.45,4128.22,40.96,44.24,122.11,128.08,128.58,2.91,3.03,3.20,0.91,0.37,2.47,0.07,0.31,0.45,0.04,270.83,116.10,0.13,51.53,54.78,0.00,0.13,0.00,0.35,0.15,0.00,1.21,0.34,0.76,0.89,0.90,3.04,0.40,116.60,119.47,76.93,92.82,52.04,-10.00,27.28,109.93,29.07,2.39,0.58,0.23
CAPS-31,3,240.64,3197.01,46.52,53.55,74.17,83.23,84.33,1.57,1.60,1.81,1.07,0.36,3.08,0.09,0.17,0.46,0.06,240.53,228.88,0.20,71.45,75.30,0.00,0.09,0.00,0.50,0.16,0.00,1.00,0.22,0.71,0.89,0.89,1.60,0.46,146.54,145.38,96.56,115.31,63.14,-9.46,31.59,106.84,33.05,2.47,0.67,0.22
CAPS-32,3,241.05,3171.02,55.56,65.68,57.28,71.86,73.19,1.11,1.05,1.34,0.76,0.45,1.69,0.13,0.15,0.42,0.08,244.75,243.08,0.31,125.28,102.80,0.01,0.05,0.00,0.38,0.43,0.00,0.90,0.22,0.64,0.89,0.88,1.05,0.50,123.90,125.58,87.83,100.99,54.67,-8.88,24.36,110.03,25.93,4.62,0.79,0.16
CAPS-33,3,195.61,2193.34,64.77,65.87,33.93,43.26,48.38,0.66,0.52,0.73,0.83,0.61,1.37,0.08,0.19,0.55,0.07,153.58,248.10,0.23,131.00,123.00,0.01,0.01,0.03,0.19,0.15,0.03,0.27,0.41,0.62,0.89,0.89,0.52,0.50,168.12,81.69,62.04,108.21,48.74,36.23,34.60,43.68,50.12,1.31,0.58,0.25
CAPS-34,3,213.95,2193.45,71.95,73.58,25.70,42.90,45.43,0.60,0.37,0.63,0.44,0.50,1.25,0.10,0.27,0.48,0.11,165.90,273.73,0.40,171.60,113.05,0.08,0.03,0.11,0.05,0.60,0.32,0.07,0.50,0.48,0.89,0.89,0.36,0.58,152.68,68.19,53.08,96.71,42.75,36.60,31.29,40.48,48.17,3.42,0.75,0.16
CAPS-35,3,126.00,926.50,43.90,44.30,21.78,26.65,27.71,0.60,0.50,0.65,0.70,0.61,1.15,0.07,0.20,0.54,0.09,201.63,230.58,0.34,153.35,128.20,0.03,0.01,0.02,0.15,0.13,0.03,0.11,0.44,0.65,0.89,0.89,0.49,0.48,163.51,74.60,58.43,104.27,46.32,38.08,33.26,41.18,50.61,1.34,0.56,0.25
CAPS-36,3,167.53,1556.37,57.87,58.53,25.89,34.37,35.62,0.59,0.45,0.61,0.64,0.71,0.93,0.08,0.21,0.52,0.12,230.95,248.53,0.38,148.78,183.55,0.05,0.01,0.08,0.07,0.27,0.10,0.07,0.50,0.60,0.89,0.88,0.45,0.52,153.39,75.78,60.96,100.76,44.53,33.46,28.56,40.47,44.00,2.57,0.70,0.17
CAPS-37,3,173.55,1626.81,59.82,60.20,26.27,35.35,37.28,0.59,0.44,0.62,0.74,0.65,1.15,0.08,0.22,0.53,0.12,204.08,256.13,0.42,192.93,144.70,0.07,0.01,0.03,0.12,0.24,0.04,0.16,0.46,0.59,0.89,0.89,0.44,0.52,156.76,73.51,56.90,100.45,44.56,35.91,31.63,41.33,47.88,1.93,0.63,0.22
CAPS-38,3,208.20,2233.95,75.65,76.12,26.48,38.59,39.49,0.51,0.35,0.52,0.60,0.73,0.81,0.09,0.27,0.54,0.15,214.48,249.20,0.53,199.00,188.98,0.06,0.01,0.12,0.03,0.41,0.17,0.04,0.51,0.55,0.89,0.89,0.35,0.55,152.37,77.21,60.14,99.89,44.87,32.11,29.95,43.03,43.91,2.80,0.77,0.17
CAPS-39,3,280.16,4188.02,50.46,52.62,93.87,101.81,102.57,1.94,1.86,2.05,0.89,0.54,1.63,0.07,0.21,0.50,0.05,258.85,98.30,0.14,118.73,87.15,0.00,0.01,0.00,0.31,0.18,0.00,0.71,0.34,0.74,0.89,0.89,1.86,0.43,142.19,71.17,56.32,93.38,41.59,31.19,27.16,41.12,41.39,4.72,0.65,0.20
CAPS-40,3,312.28,4945.34,53.04,59.50,104.54,116.37,117.29,1.96,1.97,2.23,0.99,0.34,2.92,0.08,0.22,0.44,0.04,252.68,92.10,0.14,52.30,59.55,0.00,0.13,0.00,0.44,0.24,0.00,1.34,0.28,0.72,0.88,0.88,1.97,0.44,124.98,59.25,48.40,81.53,35.55,30.14,23.18,37.53,38.04,4.84,0.61,0.21
CAPS-41,3,309.42,4802.38,51.22,54.14,115.87,120.67,120.28,2.24,2.28,2.38,0.84,0.37,2.30,0.07,0.25,0.45,0.03,271.63,111.10,0.09,71.50,66.50,0.00,0.04,0.00,0.33,0.10,0.00,1.00,0.34,0.77,0.89,0.89,2.28,0.38,131.73,59.08,48.33,84.64,36.84,33.10,25.36,37.42,41.70,4.78,0.62,0.21
CAPS-42,3,332.97,4869.56,45.21,50.82,117.77,132.06,132.42,2.61,2.65,3.00,0.99,0.39,2.56,0.08,0.30,0.43,0.03,257.53,130.63,0.12,64.93,59.60,0.00,0.11,0.00,0.40,0.30,0.00,1.31,0.28,0.71,0.88,0.90,2.66,0.45,130.69,65.90,53.16,86.49,38.28,29.15,24.07,39.55,37.80,4.42,0.64,0.20
CAPS-43,3,323.58,5265.87,53.32,57.68,112.27,122.05,122.75,2.12,2.12,2.33,0.97,0.44,2.24,0.08,0.24,0.48,0.04,268.15,137.55,0.12,79.83,69.15,0.00,0.02,0.00,0.42,0.14,0.00,1.24,0.24,0.74,0.89,0.89,2.12,0.43,142.90,69.98,56.61,93.85,41.40,32.25,26.59,39.51,41.80,4.33,0.78,0.18
CAPS-44,3,318.49,5136.68,55.29,56.68,110.41,120.95,119.63,2.14,2.01,2.19,0.81,0.46,1.78,0.06,0.23,0.49,0.05,280.93,138.95,0.20,93.28,73.75,0.00,0.00,0.00,0.23,0.21,0.00,0.75,0.43,0.73,0.89,0.89,2.01,0.41,125.12,56.10,46.90,80.81,34.90,31.84,23.24,36.11,39.42,3.51,0.77,0.20
CAPS-45,3,368.45,7358.95,68.81,71.26,126.80,134.99,135.78,1.90,1.85,1.99,0.80,0.47,1.69,0.06,0.20,0.49,0.05,279.57,168.27,0.14,94.07,87.97,0.00,0.03,0.00,0.27,0.15,0.00,0.87,0.38,0.75,0.89,0.89,1.85,0.41,122.40,57.28,45.76,79.07,34.63,29.98,23.75,38.41,38.26,5.14,0.66,0.19
CAPS-46,3,309.77,4290.80,42.86,46.78,110.55,121.81,122.11,2.60,2.58,2.86,0.98,0.45,2.21,0.08,0.29,0.46,0.04,269.73,113.10,0.13,84.05,59.43,0.00,0.00,0.00,0.41,0.25,0.00,1.16,0.29,0.73,0.89,0.88,2.58,0.45,135.78,59.78,48.48,86.63,37.67,34.49,26.48,37.51,43.49,3.62,0.60,0.23
CAPS-47,3,298.61,4191.38,45.91,50.61,100.25,114.02,115.73,2.26,2.18,2.53,0.95,0.34,2.84,0.08,0.25,0.43,0.05,289.05,80.13,0.13,71.33,55.43,0.00,0.12,0.00,0.45,0.26,0.00,1.21,0.27,0.70,0.88,0.89,2.18,0.45,128.90,54.56,44.58,81.55,35.26,34.27,25.66,36.71,42.83,5.67,0.63,0.20
CAPS-48,3,405.09,8722.49,74.25,81.17,132.80,146.43,147.30,1.80,1.79,1.99,0.92,0.42,2.24,0.08,0.19,0.47,0.05,272.30,179.83,0.16,55.58,90.75,0.00,0.06,0.00,0.36,0.25,0.00,1.34,0.31,0.72,0.88,0.90,1.79,0.43,108.98,50.64,42.11,70.97,30.50,27.73,19.91,35.61,34.14,5.78,0.64,0.20
CAPS-49,3,265.86,3119.71,36.98,42.25,97.16,106.70,107.23,2.56,2.63,2.92,0.94,0.32,2.92,0.09,0.29,0.40,0.03,78.85,114.10,0.06,50.03,42.90,0.00,0.21,0.00,0.40,0.20,0.00,1.22,0.32,0.73,0.88,0.87,2.64,0.42,130.94,56.72,46.28,83.34,36.16,34.01,25.74,37.09,42.65,2.94,0.65,0.21
CAPS-50,3,408.50,6945.76,51.45,53.82,157.42,166.45,164.82,3.10,3.06,3.21,0.81,0.49,1.66,0.06,0.32,0.49,0.04,265.83,98.60,0.11,60.67,59.40,0.00,0.03,0.00,0.30,0.18,0.00,1.01,0.31,0.76,0.89,0.89,3.07,0.42,123.47,61.55,51.44,82.23,36.00,28.32,21.59,37.13,35.65,4.16,0.58,0.23
CAPS-51,3,346.70,5549.18,51.73,65.00,108.06,124.25,126.74,1.92,2.24,2.37,1.27,0.50,2.71,0.10,0.24,0.45,0.06,274.95,183.45,0.22,89.33,66.65,0.00,0.07,0.00,0.47,0.33,0.00,1.58,0.26,0.70,0.88,0.90,2.24,0.50,133.64,86.13,49.56,86.21,43.70,17.46,33.99,62.85,38.25,6.39,0.68,0.17
CAPS-52,3,305.27,4666.07,50.80,53.15,106.47,115.89,116.54,2.18,2.09,2.30,0.92,0.42,2.23,0.07,0.24,0.47,0.05,260.15,129.80,0.16,67.30,62.38,0.00,0.03,0.00,0.38,0.18,0.00,0.97,0.31,0.73,0.89,0.89,2.10,0.42,117.96,55.34,46.31,77.19,33.40,29.18,21.22,35.95,36.09,4.71,0.75,0.18
CAPS-53,3,285.50,3654.37,42.31,46.76,95.04,108.88,110.35,2.34,2.28,2.65,1.01,0.35,2.92,0.08,0.27,0.44,0.05,277.65,47.13,0.13,50.83,52.60,0.00,0.06,0.00,0.41,0.28,0.00,1.22,0.33,0.70,0.88,0.88,2.28,0.44,133.95,60.31,48.05,85.57,37.44,33.32,26.49,38.37,42.59,3.64,0.63,0.20
CAPS-54,3,311.10,4613.68,49.23,58.42,98.49,110.43,112.55,1.89,2.02,2.24,1.09,0.53,2.11,0.09,0.22,0.48,0.05,260.65,169.80,0.18,76.70,93.38,0.00,0.05,0.00,0.45,0.28,0.00,1.25,0.24,0.71,0.87,0.90,2.02,0.47,128.76,63.14,51.46,84.71,37.23,29.70,23.95,38.83,38.19,4.07,0.64,0.19
CAPS-55,3,322.85,5387.04,60.16,67.35,95.86,113.33,112.96,1.69,1.64,1.93,0.68,0.49,1.54,0.09,0.19,0.45,0.08,268.23,257.73,0.31,98.93,83.68,0.00,0.02,0.00,0.28,0.40,0.00,1.14,0.28,0.67,0.85,0.88,1.64,0.46,108.41,49.64,40.61,69.96,30.15,27.85,20.41,36.17,34.53,4.58,0.68,0.18
CAPS-56,3,267.18,3169.52,34.88,48.51,87.63,98.28,99.70,2.02,2.58,2.94,1.33,0.45,2.96,0.11,0.26,0.41,0.05,265.80,155.58,0.19,48.23,53.23,0.00,0.15,0.00,0.55,0.20,0.00,1.44,0.20,0.71,0.88,0.90,2.59,0.52,146.57,93.56,51.58,93.25,47.58,19.08,38.34,63.47,42.96,3.95,0.69,0.17
CAPS-57,3,282.55,4031.91,48.26,52.66,91.84,102.74,103.54,1.96,1.93,2.18,1.03,0.41,2.58,0.09,0.22,0.48,0.06,254.50,221.15,0.25,80.15,68.68,0.00,0.01,0.00,0.45,0.20,0.00,1.11,0.26,0.72,0.88,0.89,1.93,0.45,132.15,59.40,48.60,84.97,36.88,33.19,25.22,37.18,41.69,2.46,0.68,0.19
CAPS-58,3,279.06,3311.07,41.68,50.02,83.67,95.12,98.09,1.92,2.02,2.32,1.13,0.50,2.48,0.11,0.24,0.48,0.08,248.13,239.25,0.43,116.95,101.18,0.02,0.09,0.00,0.52,0.28,0.00,1.11,0.18,0.70,0.89,0.90,2.02,0.47,130.14,62.41,48.38,83.90,37.13,30.36,25.81,40.40,39.86,6.47,0.86,0.12
CAPS-59,3,300.34,4502.59,52.75,55.50,101.43,113.14,112.31,2.06,1.95,2.18,0.87,0.34,2.94,0.07,0.22,0.45,0.05,261.85,177.25,0.19,63.88,58.45,0.00,0.05,0.00,0.32,0.22,0.00,1.06,0.38,0.72,0.89,0.88,1.95,0.41,123.42,54.82,45.16,79.21,34.33,31.77,23.65,36.65,39.60,5.37,0.66,0.19
CAPS-60,3,322.28,5568.42,60.06,64.29,106.00,117.04,117.25,1.83,1.76,1.95,0.95,0.41,2.33,0.08,0.19,0.47,0.05,266.93,193.90,0.13,102.73,73.73,0.00,0.00,0.00,0.37,0.21,0.00,1.10,0.33,0.72,0.89,0.89,1.76,0.43,127.61,60.20,48.85,82.99,36.24,30.69,23.86,37.81,38.88,3.99,0.71,0.20
CAPS-61,3,296.93,4692.06,56.28,60.98,91.86,104.80,104.64,1.72,1.64,1.88,0.93,0.43,2.24,0.08,0.18,0.47,0.08,265.48,220.53,0.24,100.65,80.40,0.00,0.01,0.00,0.38,0.21,0.00,1.00,0.29,0.70,0.89,0.89,1.64,0.45,132.18,60.74,49.25,85.33,37.36,32.44,25.59,38.25,41.33,5.10,0.65,0.20
CAPS-62,3,178.30,1245.60,22.01,24.51,63.18,72.33,72.33,2.99,2.98,3.41,0.98,0.34,3.12,0.09,0.32,0.42,0.04,293.30,145.75,0.14,41.68,61.50,0.00,0.08,0.00,0.38,0.19,0.00,0.81,0.26,0.69,0.88,0.92,2.98,0.45,134.00,57.25,46.10,84.62,36.76,34.81,26.92,37.63,44.02,7.36,0.70,0.15
CAPS-63,3,215.27,2079.41,29.82,34.23,76.67,85.60,87.31,2.51,2.68,3.14,1.00,0.41,2.52,0.09,0.29,0.42,0.01,187.70,129.40,0.03,51.30,55.60,0.00,0.09,0.00,0.39,0.28,0.00,0.72,0.30,0.72,0.89,0.90,2.69,0.46,145.98,67.91,53.63,93.87,41.53,34.44,29.07,40.18,45.06,2.73,0.61,0.24
CAPS-64,3,204.73,1753.24,26.44,33.06,72.05,78.06,78.59,2.41,2.76,3.00,1.13,0.40,2.93,0.09,0.29,0.42,0.05,288.65,156.43,0.20,49.13,45.63,0.00,0.09,0.00,0.49,0.09,0.00,1.05,0.23,0.74,0.89,0.89,2.77,0.46,127.17,56.00,45.93,81.29,35.13,32.57,24.40,36.67,40.71,3.70,0.90,0.16
CAPS-65,3,237.04,1623.40,20.36,26.20,88.43,100.92,102.78,3.99,4.37,5.15,0.81,0.46,1.95,0.09,0.40,0.36,0.02,223.88,35.13,0.05,31.83,24.23,0.00,0.15,0.05,0.25,0.30,0.48,1.02,0.44,0.70,0.90,0.92,4.39,0.44,142.33,63.80,51.74,91.26,39.89,35.11,27.76,38.34,44.76,3.79,0.57,0.25
CAPS-66,3,377.36,2854.25,20.85,49.17,128.74,140.99,160.77,3.51,6.21,7.55,1.20,0.76,1.80,0.15,0.39,0.34,0.03,127.40,16.93,0.07,28.68,26.93,0.00,0.33,0.00,0.22,1.03,0.00,2.49,0.41,0.73,1.01,0.98,6.25,0.53,142.72,62.46,49.59,90.43,39.51,35.85,28.74,38.75,45.96,5.02,0.62,0.21
CAPS-67,3,205.96,1689.25,25.38,26.73,76.01,80.24,80.36,3.04,3.07,3.31,0.83,0.72,1.15,0.08,0.33,0.56,0.04,213.85,61.78,0.11,91.58,70.18,0.02,0.17,0.00,0.22,0.09,0.00,0.39,0.41,0.76,0.89,0.89,3.09,0.43,124.45,72.64,58.84,86.16,38.83,22.46,20.51,42.57,30.47,3.69,0.64,0.21
CAPS-76,3,141.87,1073.45,25.48,27.94,47.90,52.87,52.85,1.92,1.91,2.14,0.92,0.41,2.29,0.08,0.21,0.47,0.04,235.35,144.45,0.13,100.43,75.08,0.00,0.09,0.00,0.34,0.11,0.00,0.49,0.34,0.72,0.88,0.90,1.91,0.43,136.01,140.18,90.56,109.74,60.41,-12.06,31.39,111.04,33.64,1.22,0.59,0.24
CAPS-81,3,270.22,3127.34,35.56,39.43,102.79,109.88,110.33,2.78,2.89,3.13,0.91,0.42,2.19,0.08,0.31,0.42,0.02,192.60,106.78,0.09,60.00,43.20,0.00,0.00,0.00,0.36,0.17,0.00,1.01,0.33,0.75,0.89,0.89,2.90,0.41,137.66,70.32,58.19,92.06,40.62,29.81,24.12,38.76,38.40,3.71,0.60,0.22
CAPS-82,3,327.22,5245.61,55.31,62.23,103.27,116.42,116.94,1.87,1.87,2.13,1.03,0.45,2.36,0.09,0.21,0.47,0.06,228.68,236.15,0.30,81.73,74.15,0.00,0.02,0.00,0.42,0.23,0.00,1.28,0.25,0.71,0.88,0.90,1.87,0.45,145.46,73.14,58.43,95.90,42.68,31.59,27.48,41.09,41.89,3.56,0.62,0.21
CAPS-83,3,321.87,5615.54,62.97,63.46,104.65,114.87,115.15,1.81,1.67,1.83,0.80,0.47,1.73,0.06,0.18,0.51,0.06,285.83,110.45,0.18,105.45,87.73,0.00,0.02,0.00,0.19,0.16,0.00,0.64,0.48,0.73,0.89,0.89,1.67,0.41,125.19,55.80,45.55,80.19,34.86,31.95,24.31,37.21,40.15,3.94,0.64,0.21
CAPS-84,3,338.28,4790.43,41.63,48.60,130.01,137.31,137.39,2.85,3.20,3.39,1.07,0.41,2.64,0.09,0.32,0.44,0.03,209.30,121.73,0.09,54.53,39.95,0.00,0.15,0.00,0.49,0.24,0.00,1.65,0.22,0.76,0.89,0.90,3.21,0.44,130.40,59.47,48.02,83.84,36.63,32.22,25.23,37.94,40.93,3.62,0.58,0.23
CAPS-85,3,311.22,5032.78,57.36,60.37,99.40,113.20,114.47,1.89,1.74,2.01,0.89,0.36,2.51,0.07,0.20,0.46,0.05,254.68,102.38,0.13,74.30,68.13,0.00,0.03,0.00,0.34,0.28,0.00,0.96,0.37,0.70,0.89,0.88,1.74,0.43,119.73,55.43,45.82,77.80,33.76,29.87,22.27,36.73,37.27,6.07,0.62,0.21
CAPS-86,3,260.52,3487.72,45.28,49.28,91.10,97.64,97.75,1.99,2.02,2.18,0.95,0.40,2.48,0.08,0.22,0.44,0.04,254.60,104.15,0.15,82.73,58.53,0.00,0.00,0.00,0.35,0.17,0.00,0.96,0.35,0.75,0.88,0.89,2.02,0.41,128.59,55.03,44.10,81.16,35.25,33.78,26.03,37.58,42.66,3.21,0.64,0.21
CAPS-87,3,348.61,6438.32,65.62,71.29,112.71,124.14,123.93,1.75,1.75,1.93,0.97,0.44,2.23,0.08,0.19,0.48,0.06,270.50,172.50,0.19,102.20,82.75,0.00,0.05,0.00,0.38,0.25,0.00,1.25,0.26,0.72,0.88,0.89,1.75,0.43,119.34,54.97,46.01,77.69,33.52,29.95,21.71,35.91,36.99,6.12,0.71,0.18
CAPS-88,3,346.10,6306.98,65.05,71.92,108.99,122.24,121.93,1.70,1.68,1.90,1.01,0.36,2.81,0.09,0.18,0.44,0.07,267.65,220.25,0.26,81.93,72.68,0.00,0.03,0.00,0.43,0.24,0.00,1.41,0.27,0.71,0.89,0.88,1.69,0.44,131.58,61.35,50.98,85.82,37.26,31.95,24.04,36.96,39.98,5.89,0.71,0.19
CAPS-89,3,310.70,4431.83,43.33,47.79,116.52,124.14,124.78,2.60,2.69,2.88,0.98,0.41,2.43,0.08,0.30,0.45,0.02,168.83,115.05,0.06,51.40,54.50,0.00,0.09,0.00,0.42,0.20,0.00,1.23,0.27,0.75,0.89,0.86,2.69,0.43,130.75,60.84,47.82,83.98,37.02,31.72,26.06,39.30,41.07,5.95,0.66,0.19
CAPS-90,3,283.98,4005.10,45.83,53.36,94.34,104.65,104.44,1.97,2.09,2.33,1.08,0.45,2.43,0.09,0.23,0.45,0.06,257.95,176.05,0.25,86.95,64.00,0.00,0.00,0.00,0.47,0.21,0.00,1.24,0.20,0.72,0.89,0.89,2.09,0.46,137.96,67.05,53.98,90.26,39.81,31.58,26.06,39.57,40.96,4.48,0.68,0.18
CAPS-91,3,317.25,4903.77,50.91,55.14,106.09,117.39,118.00,2.13,2.09,2.33,1.00,0.48,2.11,0.08,0.23,0.51,0.06,272.90,214.75,0.19,90.30,67.33,0.00,0.00,0.00,0.41,0.20,0.00,1.09,0.26,0.72,0.89,0.88,2.10,0.45,133.40,87.78,49.81,86.22,44.12,16.29,34.33,64.78,38.13,4.34,0.69,0.20
CAPS-92,3,251.94,3033.70,54.19,57.32,54.64,71.80,77.92,1.27,1.03,1.47,0.64,0.68,0.94,0.11,0.14,0.53,0.09,226.30,273.13,0.33,176.27,217.27,0.07,0.01,0.00,0.23,0.31,0.00,0.50,0.34,0.61,0.89,0.89,1.03,0.51,133.91,135.48,97.50,110.25,58.81,-9.00,24.48,110.21,26.08,2.81,0.88,0.19
CAPS-93,3,301.18,4351.25,60.64,66.42,68.16,85.17,88.54,1.28,1.14,1.48,1.02,0.63,1.80,0.11,0.14,0.62,0.10,238.25,256.33,0.37,249.33,111.08,0.06,0.01,-0.05,0.19,0.32,0.13,0.45,0.34,0.64,0.88,0.89,1.14,0.53,111.29,114.53,78.25,91.04,49.77,-9.17,23.23,111.55,24.97,5.27,0.79,0.17
CAPS-94,3,230.61,2881.54,62.72,67.82,43.33,57.30,60.91,0.85,0.70,0.97,0.99,0.58,1.71,0.11,0.15,0.51,0.08,215.93,252.63,0.29,170.20,184.58,0.08,0.01,0.00,0.38,0.26,0.00,0.57,0.28,0.60,0.89,0.88,0.70,0.53,144.81,140.37,107.02,118.64,61.49,-5.61,22.48,104.05,23.17,2.62,0.79,0.15
CAPS-95,3,254.34,3466.32,64.37,67.92,53.95,68.28,73.39,1.01,0.84,1.14,0.80,0.52,1.60,0.11,0.12,0.53,0.10,257.70,267.35,0.30,83.33,115.43,0.02,0.08,0.00,0.25,0.28,0.00,0.64,0.31,0.63,0.89,0.89,0.84,0.50,138.86,132.49,98.14,111.59,58.39,-4.69,23.43,101.28,23.90,3.81,0.91,0.19
CAPS-96,3,217.43,2350.29,78.46,78.91,25.96,38.41,44.24,0.49,0.33,0.56,0.66,0.60,1.06,0.10,0.28,0.57,0.04,188.33,222.30,0.15,231.50,196.30,0.07,0.01,0.00,0.16,0.35,0.00,0.19,0.46,0.54,0.89,0.88,0.33,0.56,143.99,78.00,62.43,97.01,43.59,28.33,26.10,42.67,38.52,2.77,0.75,0.18
CAPS-97,3,285.46,4020.86,88.48,90.85,37.48,61.36,64.50,0.67,0.43,0.73,0.58,0.78,0.78,0.11,0.22,0.51,0.10,242.67,178.63,0.31,153.47,222.03,0.19,0.01,0.18,0.04,0.61,0.26,0.09,0.56,0.49,0.89,0.86,0.43,0.59,130.10,68.39,52.33,85.76,38.71,26.87,25.36,43.31,36.96,4.64,0.59,0.22
CAPS-97A,3,189.25,1893.59,61.67,64.77,27.49,38.75,40.89,0.60,0.44,0.67,0.75,0.53,1.43,0.09,0.23,0.50,0.12,220.30,251.23,0.37,148.97,144.37,0.08,0.02,0.09,0.24,0.46,0.12,0.20,0.39,0.56,0.88,0.88,0.44,0.55,141.47,121.34,60.58,95.30,54.50,-0.51,41.58,91.47,41.69,4.21,1.18,0.13
CAPS-98,3,250.76,2963.70,86.89,88.29,29.55,46.21,49.23,0.53,0.34,0.57,0.62,0.57,1.10,0.10,0.28,0.50,0.13,214.30,198.10,0.27,154.68,196.83,0.14,0.02,0.10,0.10,0.67,0.16,0.15,0.50,0.51,0.89,0.88,0.34,0.57,150.40,89.28,67.28,102.39,47.38,24.65,28.36,49.34,37.68,3.76,0.77,0.16
CAPS-101,3,242.59,2955.88,84.12,84.75,29.36,45.40,48.97,0.54,0.36,0.60,0.69,0.72,0.95,0.10,0.26,0.59,0.16,218.05,251.65,0.47,213.98,201.55,0.07,0.01,0.03,0.14,0.35,0.08,0.13,0.45,0.52,0.89,0.89,0.36,0.58,146.43,81.04,65.07,99.42,44.67,27.84,25.98,43.25,38.24,2.82,0.72,0.14
CAPS-102,3,315.14,4687.80,49.70,60.85,98.75,117.52,117.40,1.95,2.03,2.45,0.93,0.26,3.80,0.10,0.23,0.38,0.05,246.17,243.37,0.24,29.00,49.77,0.00,0.16,0.00,0.49,0.38,0.00,1.60,0.23,0.68,0.88,0.90,2.04,0.46,128.60,59.36,47.75,82.93,36.33,31.47,24.93,38.34,40.16,3.57,0.68,0.17
CAPS-103,3,290.51,3815.94,96.63,96.99,25.46,54.04,62.90,0.56,0.26,0.65,0.67,0.71,0.94,0.13,0.30,0.56,0.19,240.30,286.50,0.45,161.50,233.25,0.13,0.01,0.02,0.12,0.48,0.11,0.16,0.46,0.37,0.89,0.89,0.26,0.67,131.45,73.30,57.77,88.97,40.01,25.24,23.71,43.21,34.67,4.67,0.92,0.14
CAPS-104,3,247.31,2820.13,86.57,86.80,22.90,43.35,47.23,0.50,0.27,0.55,0.67,0.77,0.88,0.12,0.31,0.60,0.22,221.30,275.00,0.64,161.08,203.40,0.12,0.01,0.08,0.08,0.35,0.10,0.14,0.46,0.42,0.89,0.88,0.26,0.65,144.99,73.54,57.82,95.34,42.51,31.04,27.64,41.72,41.57,2.59,0.74,0.13
CAPS-105,3,198.25,2119.21,64.29,65.05,31.19,41.57,45.62,0.64,0.49,0.72,0.81,0.66,1.28,0.08,0.21,0.58,0.12,221.50,251.23,0.36,228.17,119.23,0.01,0.04,0.05,0.17,0.18,0.06,0.20,0.43,0.60,0.89,0.89,0.49,0.52,140.67,74.15,58.18,93.51,41.97,28.67,26.36,42.78,39.01,#DIV/0!,#DIV/0!,#DIV/0!
CAPS-107,3,253.37,3201.60,83.23,84.65,30.35,51.56,56.61,0.61,0.36,0.69,0.72,0.62,1.38,0.11,0.25,0.54,0.15,211.60,279.40,0.38,218.05,197.70,0.11,0.01,0.08,0.15,0.39,0.16,0.24,0.46,0.47,0.89,0.88,0.36,0.61,127.74,65.33,53.63,85.15,37.48,28.02,22.76,39.01,36.12,2.22,0.77,0.12
CAPS-108,3,393.43,4125.97,31.18,47.46,144.31,159.00,164.59,3.41,4.63,5.55,0.95,0.54,1.92,0.13,0.40,0.34,0.02,44.25,40.73,0.07,56.78,43.90,0.00,0.02,0.00,0.38,0.68,0.00,2.33,0.27,0.73,0.91,0.92,4.63,0.45,108.15,112.15,69.26,85.71,48.81,-10.47,27.39,110.93,29.32,2.08,0.70,0.16
CAPS-109,3,240.85,1327.83,14.86,28.09,91.65,100.27,105.76,3.70,6.45,7.66,1.07,0.69,1.57,0.16,0.43,0.35,0.01,113.20,94.08,0.02,35.13,27.00,0.00,0.10,0.00,0.42,0.52,0.00,1.76,0.23,0.73,0.93,1.01,6.53,0.50,119.73,124.44,76.39,95.31,53.94,-11.74,30.42,111.04,32.62,2.70,0.66,0.18
CAPS-110,3,38.38,101.22,11.43,11.62,10.20,10.94,11.84,0.94,0.90,1.04,0.80,0.58,1.39,0.05,0.06,0.55,0.02,195.28,198.65,0.08,168.05,149.08,0.01,0.02,0.00,0.19,0.02,0.00,0.05,0.42,0.74,0.89,0.88,0.89,0.43,169.05,160.46,119.86,136.11,70.41,-5.33,27.43,101.16,28.00,0.96,0.62,0.21
CAPS-110A,3,75.73,345.15,15.54,16.45,25.02,26.52,27.19,1.62,1.61,1.76,0.91,0.58,1.57,0.07,0.17,0.52,0.03,209.85,193.23,0.11,109.53,99.70,0.01,0.02,0.00,0.32,0.03,0.00,0.18,0.32,0.75,0.89,0.88,1.61,0.44,154.95,155.21,109.22,125.86,67.22,-9.97,29.50,108.69,31.14,1.06,0.64,0.20
CAPS-111,3,147.50,1160.10,25.99,31.77,45.93,52.64,53.02,1.65,1.76,2.05,1.09,0.42,2.67,0.10,0.19,0.42,0.05,225.00,224.15,0.24,88.90,66.68,0.00,0.00,0.00,0.44,0.15,0.00,0.67,0.24,0.70,0.89,0.87,1.77,0.48,158.07,154.56,112.56,127.69,67.41,-7.63,27.59,105.53,28.63,1.59,0.62,0.21
CAPS-112,3,199.68,1890.87,30.29,31.64,78.76,81.77,82.59,2.59,2.60,2.76,0.59,0.50,1.20,0.05,0.29,0.39,0.04,204.18,122.55,0.01,72.50,55.93,0.00,0.00,0.00,0.17,0.16,0.00,0.46,0.44,0.77,0.89,0.89,2.61,0.37,108.20,109.56,67.74,85.18,47.96,-9.04,27.27,108.38,28.86,8.39,0.71,0.17
CAPS-113,3,256.80,1340.20,14.14,24.30,98.95,112.20,117.53,5.08,7.23,8.58,0.94,0.59,1.68,0.13,0.44,0.31,0.04,41.70,23.13,0.00,24.05,17.73,0.00,0.31,0.00,0.36,0.40,0.00,1.80,0.32,0.71,0.98,0.97,7.28,0.49,128.78,135.59,84.65,104.13,58.38,-13.36,31.78,112.91,34.51,2.53,0.55,0.25
CAPS-114,3,108.53,727.51,28.09,30.50,29.27,32.15,33.58,1.08,1.09,1.24,0.95,0.50,2.15,0.08,0.12,0.50,0.03,191.85,212.73,0.13,131.63,124.80,0.01,0.03,0.00,0.30,0.10,0.03,0.27,0.30,0.72,0.89,0.89,1.10,0.45,141.37,134.48,92.65,110.20,59.35,-5.63,28.23,101.61,28.81,2.49,0.68,0.17
CAPS-115,3,141.85,1254.67,40.56,42.55,32.74,38.78,38.96,0.91,0.81,0.96,0.88,0.52,1.71,0.08,0.09,0.51,0.10,224.65,245.15,0.32,85.08,138.90,0.02,0.01,0.00,0.30,0.11,0.00,0.31,0.34,0.67,0.89,0.88,0.81,0.47,131.81,135.13,87.44,106.55,58.51,-11.29,30.39,110.27,32.49,1.09,0.61,0.22
CAPS-116,3,121.88,782.60,20.07,26.59,39.98,43.24,43.72,1.62,2.00,2.15,1.25,0.40,3.11,0.11,0.20,0.41,0.04,220.50,212.90,0.19,80.10,58.30,0.00,0.00,0.00,0.57,0.09,0.00,0.65,0.20,0.74,0.89,0.88,2.00,0.49,137.30,138.18,93.82,110.55,60.20,-9.74,28.61,108.81,30.23,1.02,0.65,0.19
CAPS-117,3,344.94,2941.68,23.26,51.01,117.77,130.83,148.58,2.92,5.05,6.63,1.21,0.71,1.88,0.16,0.39,0.28,0.02,187.03,50.28,0.08,15.78,28.25,0.00,0.22,0.00,0.47,1.09,0.00,2.28,0.18,0.72,0.91,1.02,5.08,0.53,128.38,126.99,83.82,100.44,55.78,-8.22,28.23,106.37,29.42,1.38,0.62,0.21
CAPS-117A,3,460.47,5023.99,28.24,50.76,158.83,189.17,196.26,3.79,5.65,7.24,1.31,0.64,2.08,0.16,0.42,0.36,0.02,191.98,57.35,0.14,38.68,23.58,0.00,0.00,0.00,0.48,0.87,0.00,2.47,0.13,0.67,0.90,1.01,5.66,0.55,134.06,133.04,98.28,109.79,58.44,-7.29,22.73,107.79,23.87,2.30,0.62,0.21
CAPS-118,3,320.29,2696.35,22.08,32.41,126.26,135.28,138.15,4.19,5.76,6.42,1.20,0.55,2.21,0.11,0.42,0.39,0.03,70.70,127.70,0.06,36.10,26.28,0.00,0.07,0.00,0.57,0.27,0.00,1.95,0.10,0.75,0.89,0.92,5.78,0.48,119.26,124.76,80.17,96.73,54.06,-11.65,28.12,112.49,30.44,2.16,0.66,0.18
CAPS-119,3,303.75,3253.37,28.72,35.31,113.16,125.37,126.48,3.57,3.98,4.49,1.18,0.55,2.14,0.10,0.38,0.46,0.03,222.25,104.73,0.12,55.53,32.00,0.00,0.00,0.00,0.55,0.26,0.00,1.36,0.16,0.72,0.89,0.90,4.00,0.50,139.59,141.57,94.68,112.39,61.42,-10.66,29.99,109.60,31.85,1.41,0.66,0.19
CAPS-120,3,363.81,3517.03,27.22,42.33,135.87,151.19,155.96,3.70,5.09,5.89,1.08,0.52,2.10,0.12,0.41,0.33,0.01,60.05,129.48,0.11,31.85,20.68,0.00,0.14,0.00,0.51,0.58,0.00,2.80,0.22,0.72,0.89,0.91,5.11,0.48,110.48,109.41,69.23,86.80,48.13,-7.67,26.70,105.67,28.17,1.95,0.69,0.17
CAPS-121,3,370.05,3479.40,26.25,34.10,135.91,154.33,155.39,4.52,5.25,5.96,1.05,0.59,1.80,0.11,0.41,0.47,0.01,49.58,34.38,0.10,47.18,23.90,0.00,0.26,0.00,0.48,0.40,0.00,1.39,0.17,0.71,0.89,0.94,5.30,0.49,125.37,128.96,81.52,100.10,55.92,-11.28,30.18,110.48,32.25,2.78,0.62,0.21
CAPS-121A,3,217.57,3052.45,55.10,58.67,60.09,66.27,65.72,1.13,1.09,1.19,0.90,0.58,1.56,0.08,0.09,0.52,0.06,201.25,228.40,0.31,152.15,133.35,0.00,0.00,0.00,0.30,0.14,0.00,0.49,0.32,0.73,0.89,0.89,1.09,0.44,145.97,144.99,99.18,117.12,62.99,-9.19,29.76,106.87,31.30,2.14,0.75,0.21
CAPS-122,3,291.40,4395.64,51.86,61.60,81.15,94.74,94.66,1.54,1.57,1.82,1.10,0.72,1.53,0.11,0.19,0.56,0.09,269.65,249.30,0.25,137.35,139.30,0.01,0.04,0.00,0.30,0.39,0.00,0.97,0.15,0.68,0.88,0.88,1.57,0.52,112.52,50.05,40.78,71.98,30.96,29.41,21.62,36.20,36.51,2.96,0.70,0.17
CAPS-123,3,318.26,3692.75,34.06,42.14,118.64,129.35,134.19,3.17,3.49,3.96,0.97,0.54,1.82,0.10,0.36,0.47,0.02,103.95,64.80,0.06,47.33,52.33,0.00,0.12,0.00,0.28,0.44,0.00,1.12,0.38,0.73,0.89,0.92,3.50,0.45,110.82,114.41,70.68,87.74,49.77,-10.47,28.03,110.38,29.93,2.24,0.69,0.16
CAPS-124,3,228.88,1364.03,15.60,24.87,90.30,98.72,100.57,4.06,5.84,6.63,1.06,0.53,2.00,0.13,0.42,0.33,0.03,183.55,191.08,0.07,27.43,30.50,0.00,0.12,0.00,0.45,0.28,0.00,1.58,0.23,0.73,0.91,0.96,5.87,0.49,132.47,137.66,88.79,107.34,59.53,-12.36,30.74,111.98,33.15,1.92,0.55,0.25
CAPS-125,3,226.64,1120.27,13.04,29.25,84.84,92.52,101.44,3.82,6.73,8.18,1.07,0.76,1.52,0.18,0.43,0.32,0.06,96.43,12.68,0.02,21.30,16.38,0.00,0.12,0.00,0.44,0.69,0.00,2.07,0.19,0.73,0.91,1.02,6.83,0.51,146.44,146.26,93.48,114.38,63.58,-10.58,33.84,107.35,35.47,1.89,0.55,0.26
CAPS-126,3,117.47,874.33,37.08,37.51,25.91,29.95,32.53,0.81,0.71,0.89,0.59,0.62,0.96,0.06,0.12,0.53,0.02,45.20,83.98,0.11,201.08,119.90,0.02,0.02,0.05,0.11,0.12,0.07,0.09,0.44,0.69,0.89,0.89,0.71,0.45,162.02,165.41,114.61,133.06,70.95,-12.30,31.95,111.05,34.23,0.74,0.65,0.20
CAPS-127,3,221.51,2692.33,74.85,75.31,31.83,45.78,47.86,0.61,0.43,0.64,0.80,0.67,1.19,0.09,0.21,0.57,0.16,205.00,189.03,0.38,224.40,148.55,0.04,0.01,0.01,0.13,0.19,0.06,0.19,0.45,0.56,0.89,0.89,0.43,0.56,162.37,100.14,79.05,113.59,52.12,24.71,27.76,48.31,37.17,1.99,0.74,0.14
CAPS-128,3,120.00,889.11,39.60,39.90,24.24,27.98,31.19,0.70,0.61,0.79,0.78,0.64,1.22,0.06,0.14,0.56,0.00,45.73,90.03,0.00,148.78,135.88,0.02,0.01,0.00,0.15,0.09,0.00,0.13,0.45,0.69,0.89,0.89,0.61,0.46,157.23,160.14,109.14,128.18,68.75,-12.03,32.18,110.45,34.41,0.89,0.63,0.20
CAPS-129,3,320.99,5852.40,61.17,67.35,98.17,109.18,109.14,1.62,1.60,1.78,1.06,0.63,1.69,0.09,0.17,0.58,0.06,174.45,100.85,0.30,123.15,50.85,0.00,0.05,0.00,0.42,0.22,0.00,0.89,0.20,0.72,0.89,0.90,1.61,0.48,115.38,51.27,41.48,73.65,31.67,29.94,22.26,36.64,37.31,3.39,0.82,0.13
CAPS-130,3,232.07,2304.48,32.43,34.86,87.35,94.72,98.25,2.77,2.75,3.09,0.64,0.42,1.54,0.06,0.30,0.39,0.03,213.73,132.75,0.00,66.25,41.83,0.00,0.14,0.00,0.20,0.29,0.00,0.69,0.41,0.74,0.89,0.89,2.76,0.39,107.34,110.16,64.88,83.80,48.06,-10.21,29.22,109.11,30.97,5.28,0.67,0.19
CAPS-131,3,247.85,3037.05,85.92,86.36,28.81,46.65,54.44,0.54,0.34,0.64,0.57,0.76,0.74,0.11,0.28,0.58,0.08,183.80,208.45,0.20,227.63,82.03,0.07,0.01,0.07,0.08,0.42,0.16,0.08,0.48,0.49,0.89,0.89,0.33,0.59,150.30,78.20,62.31,99.94,44.65,30.90,27.96,42.12,41.70,3.27,0.77,0.11
CAPS-132,3,341.91,3877.71,31.16,40.83,123.32,142.83,143.92,3.53,3.98,4.65,1.10,0.43,2.63,0.10,0.38,0.40,0.00,45.83,5.63,0.00,106.95,18.80,0.00,0.33,0.00,0.46,0.41,0.00,2.01,0.28,0.69,0.89,0.91,3.99,0.50,136.98,137.85,99.51,112.26,60.08,-8.76,24.71,109.53,26.22,2.60,0.66,0.18
CAPS-133,3,277.80,3226.80,37.85,51.56,84.01,96.60,99.54,1.87,2.24,2.70,1.03,0.52,2.06,0.11,0.24,0.40,0.06,92.58,88.03,0.28,95.75,34.95,0.00,0.10,0.00,0.41,0.39,0.00,1.17,0.22,0.69,0.87,0.95,2.25,0.51,107.61,50.12,40.50,69.54,30.12,27.24,20.44,36.94,34.06,5.74,0.83,0.10
CAPS-133A,3,322.81,4904.17,70.27,75.67,60.94,85.89,94.91,1.13,0.87,1.35,0.80,0.74,1.10,0.12,0.14,0.56,0.09,89.10,142.40,0.31,314.18,99.43,0.11,0.00,0.00,0.23,0.40,0.00,0.76,0.25,0.57,0.89,0.95,0.87,0.56,128.08,125.36,96.52,105.87,54.99,-5.35,19.34,105.46,20.07,1.82,0.64,0.25
CAPS-134,3,274.97,4003.54,60.90,68.90,63.71,79.59,90.99,1.15,1.05,1.44,1.06,0.64,1.68,0.12,0.14,0.55,0.03,52.95,132.03,0.09,167.38,66.75,0.02,0.08,0.00,0.44,0.24,0.00,0.90,0.24,0.64,0.89,0.89,1.04,0.51,131.86,128.44,100.91,109.61,56.70,-4.92,18.58,104.80,19.23,2.86,0.71,0.15
CAPS-135,3,273.80,4132.64,63.58,66.63,58.44,77.75,81.75,1.17,0.92,1.29,0.92,0.76,1.22,0.10,0.12,0.63,0.06,180.35,99.05,0.26,179.68,95.40,0.12,0.01,0.00,0.21,0.26,0.00,0.41,0.37,0.60,0.89,0.89,0.92,0.55,129.99,126.10,101.46,108.99,55.78,-4.16,16.79,104.00,17.30,1.30,0.68,0.17
CAPS-136,3,215.84,2578.01,47.22,54.08,54.93,65.36,69.00,1.21,1.17,1.45,0.86,0.59,1.59,0.10,0.14,0.51,0.03,180.35,163.50,0.07,109.78,64.45,0.03,0.14,0.00,0.30,0.28,0.00,0.63,0.28,0.67,0.89,0.90,1.17,0.49,125.29,127.12,85.12,100.71,55.23,-9.60,27.09,109.49,28.74,2.18,0.68,0.17
CAPS-137,3,196.27,980.18,12.91,19.22,75.80,83.23,85.40,4.44,5.86,6.63,1.16,0.56,2.10,0.12,0.42,0.39,0.01,150.35,4.98,0.04,41.55,9.75,0.00,0.06,0.00,0.49,0.23,0.00,1.09,0.24,0.73,0.88,0.93,5.92,0.50,128.48,131.95,84.84,103.30,57.27,-11.23,29.94,110.26,32.01,1.35,0.58,0.23
CAPS-138,3,307.82,3887.61,44.70,54.95,101.77,116.67,114.72,2.12,2.28,2.61,0.92,0.16,5.94,0.10,0.24,0.34,0.06,236.45,77.25,0.27,45.30,51.55,0.00,0.12,0.00,0.30,0.26,0.00,1.47,0.24,0.70,0.83,0.86,2.28,0.41,60.73,34.65,29.58,41.99,17.60,13.58,7.78,29.57,15.66,7.38,0.82,0.11
CAPS-139,3,166.99,1107.42,19.49,23.33,60.13,67.99,68.62,2.91,3.09,3.54,1.07,0.37,2.93,0.09,0.33,0.42,0.02,189.83,36.25,0.10,47.73,26.83,0.00,0.11,0.00,0.50,0.12,0.00,0.88,0.21,0.71,0.89,0.89,3.10,0.47,104.66,111.94,70.47,86.66,48.25,-11.92,26.06,114.57,28.67,1.32,0.60,0.22
CAPS-140,3,275.55,3337.86,39.54,44.24,93.32,101.58,102.35,2.32,2.39,2.67,0.97,0.56,1.74,0.08,0.27,0.47,0.04,219.60,47.58,0.15,178.53,29.90,0.01,0.07,0.00,0.30,0.21,0.00,0.83,0.37,0.73,0.88,0.90,2.40,0.45,118.81,57.78,46.98,77.91,34.21,28.08,22.11,38.14,35.75,1.37,0.73,0.14
CAPS-141,3,419.53,7499.95,58.50,69.00,126.75,153.08,158.94,2.25,2.18,2.75,1.16,0.50,2.40,0.10,0.27,0.46,0.06,201.20,62.75,0.27,65.50,31.50,0.00,0.02,0.00,0.60,0.52,0.00,1.66,0.12,0.66,0.89,0.89,2.18,0.50,105.00,47.49,38.81,67.48,29.00,27.55,19.99,35.91,34.04,5.73,0.74,0.13
CAPS-142,3,366.37,7418.23,67.37,76.93,117.46,128.19,129.41,1.67,1.75,1.94,1.02,0.49,2.12,0.08,0.18,0.52,0.04,251.37,210.37,0.17,110.87,84.63,0.00,0.04,0.00,0.41,0.40,0.00,1.13,0.21,0.73,0.88,0.90,1.75,0.46,109.23,52.67,44.23,72.06,31.13,26.76,19.29,35.74,32.99,7.15,0.45,0.18
CAPS-143,3,259.39,3034.75,65.64,66.44,37.99,60.26,76.93,0.91,0.58,1.19,0.88,0.70,1.26,0.13,0.18,0.60,0.04,79.58,86.95,0.12,199.90,90.70,0.06,0.03,0.00,0.20,0.26,0.00,0.33,0.43,0.50,0.89,0.88,0.57,0.59,106.25,107.16,69.40,84.92,46.86,-8.20,24.57,108.25,26.00,3.92,0.94,0.13
CAPS-143A,3,254.61,3022.81,38.82,44.81,86.70,94.45,97.74,2.11,2.22,2.57,0.92,0.45,2.42,0.08,0.25,0.43,0.03,212.40,53.28,0.12,76.68,53.45,0.00,0.17,0.06,0.29,0.27,0.13,0.87,0.41,0.73,0.88,0.89,2.23,0.44,120.46,54.17,44.05,77.32,33.55,30.88,23.29,37.01,38.68,4.21,0.78,0.12
CAPS-144,3,258.95,1737.45,18.58,28.02,100.20,110.41,113.89,4.07,5.42,6.26,0.96,0.52,1.92,0.11,0.42,0.31,0.00,172.23,7.73,0.00,37.18,17.48,0.00,0.29,0.00,0.38,0.45,0.00,2.12,0.27,0.73,0.90,0.94,5.43,0.46,116.11,120.09,73.73,91.92,52.20,-11.06,29.49,110.50,31.51,1.85,0.59,0.23
CAPS-145,3,286.92,3389.19,39.48,47.69,99.40,111.36,109.45,2.35,2.65,2.97,1.07,0.35,3.15,0.09,0.28,0.40,0.05,125.23,54.70,0.25,69.23,32.33,0.00,0.05,0.00,0.50,0.23,0.00,1.58,0.22,0.72,0.88,0.90,2.66,0.43,92.03,48.30,41.22,62.37,26.82,21.21,14.33,33.98,25.61,3.09,0.76,0.12
CAPS-146,3,262.83,3648.01,61.83,63.73,56.45,74.82,77.41,1.18,0.91,1.26,0.80,0.63,1.29,0.10,0.12,0.55,0.07,97.20,117.13,0.26,274.45,81.10,0.18,0.01,0.00,0.22,0.25,0.00,0.50,0.44,0.60,0.89,0.88,0.91,0.52,99.22,102.29,68.70,80.75,44.33,-8.47,21.59,111.44,23.20,3.64,0.86,0.11
CAPS-147,3,343.83,4928.21,70.36,73.94,66.99,89.07,107.89,1.21,0.96,1.53,0.79,0.62,1.43,0.12,0.13,0.57,0.04,87.50,154.18,0.10,287.78,95.63,0.06,0.04,0.00,0.27,0.31,0.00,0.61,0.35,0.60,0.89,0.89,0.96,0.52,112.20,115.88,77.61,91.59,50.07,-9.74,24.44,111.75,26.30,4.24,0.60,0.23
CAPS-148,3,286.32,3850.29,66.46,68.16,52.73,74.30,86.49,1.09,0.80,1.30,0.92,0.61,1.63,0.11,0.13,0.61,0.05,131.58,110.50,0.14,102.73,93.63,0.12,0.03,0.04,0.16,0.23,0.08,0.31,0.45,0.57,0.89,0.88,0.80,0.54,90.26,95.77,61.89,74.72,41.19,-9.63,21.37,114.32,23.44,3.47,0.83,0.12
CAPS-149,3,334.55,2614.21,23.01,48.09,80.52,132.76,137.11,3.04,3.55,6.10,1.07,0.51,2.07,0.13,0.41,0.24,0.04,239.53,101.50,0.11,123.80,96.78,0.01,0.05,0.00,0.50,1.04,0.00,3.51,0.15,0.51,0.70,-1.03,3.57,0.63,130.12,132.01,90.71,105.39,57.46,-9.60,26.45,110.03,28.14,5.06,0.62,0.20
CAPS-149A,3,307.85,2497.01,21.87,39.41,105.11,124.95,131.05,3.37,4.80,6.09,1.17,0.54,2.20,0.15,0.40,0.34,0.04,175.05,7.05,0.12,116.95,14.93,0.00,0.12,0.00,0.50,0.69,0.00,2.11,0.18,0.67,0.88,0.99,4.83,0.54,136.49,136.83,96.03,110.49,59.74,-8.87,26.42,108.51,27.89,2.45,0.66,0.18
CAPS-150,3,292.85,4447.00,51.92,58.84,89.62,99.59,101.35,1.72,1.75,1.99,1.06,0.62,1.70,0.09,0.20,0.50,0.05,137.63,102.25,0.23,91.43,31.05,0.01,0.01,0.00,0.43,0.27,0.00,1.02,0.17,0.72,0.89,0.89,1.76,0.48,126.15,59.49,49.03,82.33,35.78,30.47,23.19,37.24,38.30,2.72,0.74,0.15
CAPS-151,3,276.04,3307.95,40.87,44.01,91.27,103.72,105.28,2.37,2.25,2.63,0.90,0.45,2.04,0.08,0.27,0.43,0.04,251.48,123.35,0.13,96.88,57.15,0.00,0.18,0.00,0.36,0.29,0.00,0.93,0.35,0.70,0.88,0.91,2.25,0.44,126.46,54.82,43.82,80.06,34.84,33.01,25.45,37.50,41.73,3.70,0.76,0.12
CAPS-151A,3,177.17,1746.57,64.33,64.49,26.59,33.99,35.28,0.53,0.41,0.55,0.66,0.76,0.87,0.08,0.24,0.58,0.11,206.83,230.25,0.37,89.78,134.90,0.01,0.02,0.11,0.03,0.24,0.13,0.03,0.51,0.62,0.89,0.88,0.41,0.51,181.44,134.60,78.02,122.10,63.74,12.08,45.01,75.17,47.12,2.53,0.88,0.14
CAPS-151B,3,307.46,3778.23,42.97,49.32,104.65,113.96,117.37,2.34,2.44,2.78,0.73,0.36,2.03,0.08,0.28,0.46,0.02,130.15,187.40,0.08,36.20,80.95,0.00,0.22,0.00,0.25,0.47,0.00,1.12,0.31,0.73,0.87,0.92,2.44,0.40,106.74,44.28,38.54,68.11,28.65,30.17,19.48,32.84,35.93,4.56,0.75,0.13
CAPS-152,3,164.60,1325.16,25.04,30.08,55.96,63.12,64.01,2.11,2.26,2.46,1.07,0.33,3.35,0.09,0.24,0.41,0.02,185.30,82.93,0.09,49.65,42.73,0.00,0.18,0.00,0.50,0.17,0.00,0.86,0.23,0.72,0.89,0.86,2.26,0.46,158.82,152.62,108.29,125.80,66.91,-6.72,29.47,102.92,30.23,1.28,0.68,0.18
CAPS-153,3,403.86,3416.16,23.58,60.56,129.35,152.72,176.38,2.61,5.49,8.08,1.15,1.07,1.35,0.20,0.39,0.30,0.01,70.38,18.85,0.02,31.35,17.00,0.00,0.29,0.00,0.19,1.36,0.00,3.10,0.39,0.68,1.01,1.06,5.51,0.55,122.80,128.25,84.30,100.30,55.46,-11.60,27.65,112.82,29.99,2.65,0.55,0.25
CAPS-154,3,327.10,4441.26,41.76,43.77,121.90,131.09,130.71,2.99,2.91,3.13,0.90,0.45,2.02,0.07,0.32,0.50,0.03,190.45,126.50,0.13,72.35,47.65,0.00,0.11,0.00,0.31,0.22,0.00,1.07,0.37,0.74,0.89,0.88,2.91,0.42,117.49,118.67,81.01,94.74,51.87,-8.53,24.45,109.17,25.90,1.87,0.73,0.14
CAPS-155,3,332.37,3028.22,23.60,36.03,120.52,143.28,146.83,4.14,5.24,6.46,1.14,0.50,2.35,0.11,0.42,0.33,0.01,123.30,44.88,0.04,31.60,15.38,0.00,0.19,0.00,0.46,0.56,0.00,2.87,0.28,0.68,0.87,0.92,5.27,0.52,133.47,127.53,81.91,102.24,56.34,-6.31,30.80,101.77,31.65,2.44,0.66,0.18
CAPS-156,3,368.11,5471.37,45.28,48.43,138.98,151.64,149.83,3.15,3.10,3.34,0.92,0.42,2.26,0.08,0.33,0.47,0.04,253.38,76.90,0.15,66.83,47.80,0.00,0.25,0.00,0.33,0.28,0.00,1.29,0.34,0.73,0.88,0.89,3.11,0.42,119.05,120.77,81.26,95.56,52.87,-9.09,25.55,109.60,27.12,1.24,0.56,0.25
CAPS-157,3,329.50,5446.73,57.47,60.18,109.07,117.33,118.82,1.98,1.93,2.11,0.88,0.49,1.93,0.07,0.21,0.55,0.04,279.08,141.88,0.14,142.95,100.93,0.00,0.09,0.00,0.24,0.19,0.00,0.67,0.39,0.74,0.89,0.89,1.93,0.42,126.66,61.51,50.45,83.25,36.47,29.62,23.14,37.97,37.60,3.51,0.56,0.25
CAPS-158,3,312.42,3180.74,28.49,43.39,111.95,123.99,129.20,2.87,3.92,4.67,1.17,0.52,2.32,0.13,0.37,0.33,0.01,221.80,88.10,0.07,42.13,37.65,0.00,0.13,0.00,0.45,0.56,0.00,1.57,0.22,0.72,0.91,0.91,3.93,0.49,117.77,122.81,74.02,93.31,53.15,-12.03,30.86,111.38,33.13,2.35,0.68,0.18
CAPS-159,3,326.39,3346.65,31.07,41.23,94.83,127.00,128.99,3.08,3.05,4.20,1.18,0.53,2.24,0.09,0.35,0.38,0.03,328.70,11.70,0.19,77.20,42.00,0.00,0.81,0.00,0.14,0.59,0.00,1.72,0.10,0.60,0.89,0.88,3.07,0.56,121.64,52.62,43.96,77.88,33.45,32.28,22.98,35.44,39.63,3.17,0.70,0.16
CAPS-160,3,314.26,4687.94,69.15,70.78,62.42,83.69,88.85,1.20,0.92,1.29,0.95,0.69,1.45,0.10,0.12,0.63,0.10,237.18,263.55,0.37,191.83,171.03,0.06,0.01,0.00,0.29,0.18,0.00,0.54,0.30,0.59,0.89,0.89,0.92,0.55,108.34,111.30,74.44,87.94,48.38,-9.11,23.67,111.03,25.37,3.24,0.95,0.11
CAPS-161,3,288.53,4053.95,57.89,60.83,72.60,85.94,88.83,1.42,1.27,1.56,0.94,0.60,1.62,0.09,0.14,0.56,0.11,255.70,261.50,0.38,260.78,123.25,0.06,0.03,0.00,0.20,0.19,0.00,0.61,0.46,0.68,0.89,0.90,1.27,0.48,128.10,124.93,85.14,100.52,54.93,-6.88,26.49,104.48,27.38,1.95,0.78,0.11
CAPS-162,3,467.24,7746.04,49.68,58.67,163.15,187.09,189.88,3.21,3.35,3.96,1.06,0.43,2.59,0.09,0.35,0.46,0.03,289.18,121.30,0.15,35.60,43.00,0.00,0.04,0.00,0.41,0.41,0.00,2.02,0.26,0.70,0.89,0.90,3.35,0.48,111.45,48.83,42.09,72.07,30.68,29.87,20.02,33.75,35.97,3.14,0.74,0.15
CAPS-163,3,244.79,2854.25,82.89,83.33,28.02,44.64,48.79,0.54,0.34,0.60,0.79,0.76,1.05,0.10,0.27,0.60,0.20,216.68,266.35,0.61,159.95,152.15,0.07,0.01,0.09,0.07,0.32,0.19,0.07,0.47,0.50,0.89,0.89,0.34,0.59,145.91,69.92,55.84,94.83,41.84,33.33,27.96,40.28,43.56,3.75,0.54,0.14
CAPS-164,3,224.94,2438.75,78.82,79.04,25.44,40.68,45.90,0.52,0.32,0.59,0.67,0.71,0.93,0.11,0.28,0.59,0.14,166.78,270.25,0.43,202.30,141.08,0.07,0.02,0.06,0.08,0.25,0.12,0.11,0.47,0.50,0.89,0.89,0.32,0.59,151.47,71.82,56.80,97.90,43.21,34.57,29.39,40.40,45.38,2.50,0.75,0.13
CAPS-165,3,281.05,4075.56,78.93,85.09,45.87,65.05,71.13,0.78,0.61,0.92,0.98,0.63,1.59,0.12,0.18,0.56,0.14,244.83,270.43,0.41,112.08,124.63,0.03,0.02,0.00,0.35,0.23,0.00,0.64,0.29,0.56,0.89,0.88,0.61,0.57,126.61,57.92,47.21,81.60,35.37,31.32,23.99,37.31,39.48,2.53,0.75,0.13
CAPS-166,3,516.68,4323.26,21.40,50.69,193.82,209.91,227.81,4.60,9.39,11.99,1.28,0.86,1.62,0.16,0.44,0.34,0.02,147.65,14.38,0.04,24.03,12.90,0.00,0.07,0.00,0.31,0.99,0.00,3.11,0.32,0.74,1.10,0.95,9.41,0.52,116.02,119.95,79.06,93.91,52.15,-10.27,26.05,111.49,28.00,5.13,0.70,0.16
CAPS-168,3,296.89,3637.92,38.89,46.68,94.12,110.94,113.62,2.41,2.48,3.11,0.87,0.60,1.45,0.09,0.30,0.44,0.05,249.13,117.80,0.25,81.47,63.53,0.00,0.05,0.00,0.31,0.48,0.00,1.41,0.25,0.68,0.89,0.90,2.48,0.50,127.33,58.28,50.21,83.35,35.83,31.79,22.15,34.81,38.79,3.01,0.84,0.13
CAPS-169,3,253.81,3050.37,87.38,87.71,26.20,47.24,49.91,0.54,0.30,0.57,0.54,0.74,0.72,0.11,0.29,0.54,0.22,226.70,275.90,0.63,200.50,111.95,0.05,0.01,0.11,0.00,0.56,0.35,0.00,0.49,0.45,0.89,0.89,0.30,0.62,138.12,67.00,53.84,90.15,39.77,31.40,26.12,39.76,40.85,3.05,0.57,0.13
CAPS-171,3,288.40,2845.64,34.57,43.41,90.53,102.95,109.34,2.39,2.64,2.76,1.01,0.65,1.82,0.10,0.32,0.44,0.04,263.78,96.00,0.19,51.20,42.65,0.01,0.22,0.00,0.22,0.52,0.00,1.26,0.42,0.70,0.87,0.91,2.65,0.45,95.63,43.17,37.82,62.47,26.25,25.83,16.11,31.68,30.46,5.01,0.86,0.11
CAPS-173,3,248.39,2392.96,36.26,42.46,68.96,85.60,85.83,2.01,1.93,2.43,0.86,0.45,2.26,0.10,0.24,0.46,0.11,261.18,273.63,0.62,106.10,80.80,0.00,0.08,0.00,0.31,0.28,0.00,1.04,0.33,0.65,0.89,0.87,1.93,0.48,114.51,56.10,47.58,76.10,32.96,27.27,19.64,35.72,33.62,5.27,1.02,0.10
CAPS-174,3,164.56,1212.22,21.87,25.80,60.20,67.42,68.21,2.62,2.76,3.13,0.99,0.36,2.74,0.09,0.31,0.39,0.01,72.33,109.08,0.02,37.23,36.60,0.00,0.07,0.00,0.45,0.16,0.00,0.83,0.26,0.72,0.89,0.87,2.76,0.45,109.46,116.90,73.03,90.19,50.37,-12.42,27.54,114.28,30.21,1.84,0.68,0.17
