Accession,Rep, Perimeter,  Area,  Width Mid-height,  Maximum Width,  Height Mid-width,  Maximum Height,  Curved Height,  Fruit Shape Index External I,  Fruit Shape Index External II,  Curved Fruit Shape Index,  Proximal Fruit Blockiness,  Distal Fruit Blockiness,  Fruit Shape Triangle,  Ellipsoid,  Circular,  Rectangular,  Shoulder Height,  Proximal Angle Micro,  Proximal Angle Macro,  Proximal Indentation Area,  Distal Angle Micro,  Distal Angle Macro,  Distal Indentation Area,  Distal End Protrusion,  Obovoid,  Ovoid,  V. Asymmetry,  H. Asymmetry.ob,  H. Asymmetry.ov,  Width Widest Pos,  Eccentricity,  Proximal Eccentricity,  Distal Eccentricity,  Fruit Shape Index Internal,  Eccentricity Area Index,  Average Red,  Average Green,  Average Blue,  Average Luminosity,  Average L Value,  Average a Value,  Average b Value,  Average Hue,  Average Chroma, Lobedness Degree,  Pericarp Area,  Pericarp Thickness
LYC-1,3,201.4949149,2736.833236,59.77466667,61.12933333,50.038,54.27133333,54.98323607,0.8878,0.8371,0.9255,0.8612,0.6048,1.4239,0.0471,0.0553,0.5695,0.0694,224.1,214.5,0.1388,162.5,150.3,0,0,0,0.2893,0.0832,0,0.2783,0.3401,0.7375,0.8872,0.8889,0.8369,0.4524,131.7347,67.4165,47.8072,84.4857,38.9092,28.0219,28.6649,45.6499,40.0861,0.8816,0.6685,0.181
LYC-2,3,393.3077393,8482.040384,122.3433333,123.2746667,69.85,87.03733333,105.262553,0.706,0.5709,0.8598,0.8097,0.6657,1.2162,0.0894,0.1704,0.5864,0.0107,206.1,238.8,0.011,185.4,172.2,0,0,0,0.1727,0.2251,0,0.4785,0.4504,0.6407,0.8892,0.8868,0.5702,0.496,137.379,65.3727,50.2761,88.3003,39.4323,32.0454,27.7376,40.8786,42.3825,2.8036,0.7885,0.1095
LYC-3,3,333.640176,7251.698758,91.52466667,94.40333333,89.23866667,100.1606667,99.42003653,1.061,0.975,1.0879,0.7697,0.5532,1.3913,0.0635,0.0673,0.4961,0.0708,233.6,237.5,0.2285,171.6,129.5,0,0,0,0.2224,0.2913,0,0.5622,0.3787,0.7124,0.8919,0.8882,0.9745,0.4352,127.8536,50.5676,35.9232,77.0658,34.2933,35.4078,30.4476,40.6926,46.6987,.,.,.
LYC-4,3,368.9202172,8315.703799,119.38,120.396,72.05133333,85.93666667,93.53312933,0.7138,0.6035,0.7817,0.8305,0.634,1.3098,0.0625,0.1415,0.5741,0.0736,224.7,255.3,0.165,177,158.1,0,0,0,0.1753,0.2518,0,0.4773,0.465,0.6706,0.8889,0.8889,0.6028,0.4807,153.915,73.6802,57.2599,99.3586,44.1811,34.8155,30.3083,41.0409,46.1596,.,.,.
LYC-5,3,278.8550769,4545.682665,94.234,94.40333333,53.848,60.87533333,64.2001256,0.6448,0.5714,0.6983,0.7026,0.6487,1.0831,0.056,0.1573,0.5242,0.0681,248.5,211.9,0.1289,136.2,165.650,0.004,0.0039,0,0.1188,0.2042,0,0.1596,0.4854,0.7075,0.8944,0.8897,0.5721,0.4413,165.1144,95.458,70.1088,110.6908,51.5535,27.5795,32.4016,49.5963,42.5499,.,.,.
LYC-6,3,293.1656231,5758.683823,87.96866667,88.30733333,70.01933333,77.13133333,78.52395607,0.8734,0.796,0.8935,0.7613,0.7507,1.0141,0.0426,0.0641,0.588,0.0484,224.8,208.9,0.1016,165.1,174,0.0138,0.0222,0,0.1156,0.1256,0,0.1098,0.4753,0.7253,0.8895,0.8871,0.7952,0.4644,141.2849,61.6303,45.6206,87.9414,39.107,35.5948,30.6225,40.7057,46.9545,1.5626,0.6853,0.1702
LYC-7,3,234.4991077,3690.014125,72.30533333,72.898,57.912,63.58466667,66.3204668,0.8722,0.8009,0.9582,0.7553,0.6042,1.25,0.0347,0.0623,0.5058,0.0373,251.6,204.3,0.0454,162.8,146.4,0,0,0,0.1556,0.2109,0,0.2215,0.4767,0.728,0.8907,0.8878,0.8006,0.4318,180.7661,129.7768,56.2877,111.5549,62.1842,12.52,55.4967,77.2869,56.8914,1.7494,0.5598,0.2506
LYC-8,3,.,.,.,.,.,.,.,.,.,.,.,.,.,.,.,.,.,.,.,.,.,.,.,.,.,.,.,.,.,.,.,.,.,.,.,.,.,.,.,.,.,.,.,.,.,.,.
LYC-9,3,311.5731132,5656.110552,99.48333333,100.33,56.134,69.342,71.6764886,0.6911,0.5643,0.726,0.8153,0.6868,1.1871,0.0662,0.1508,0.5771,0.1392,271.2,262,0.2581,171.1,175.4,0.0178,0.0077,0,0.1587,0.1378,0,0.3169,0.464,0.6455,0.8889,0.8859,0.5629,0.507,175.3238,168.6311,95.1431,127.5941,73.0349,-10.6265,46.9101,102.7637,48.0986,.,.,.
LYC-10,3,321.0628326,6031.521987,101.854,101.9386667,59.182,71.882,76.11842367,0.7051,0.581,0.7503,0.8188,0.6825,1.1998,0.0665,0.1425,0.5998,0.1294,269.9,253.7,0.2977,177.5,192.5,0.0002,0.0015,0,0.1427,0.0992,0,0.245,0.4888,0.658,0.89,0.8871,0.5813,0.5,142.3741,72.5941,54.986,92.8615,42.0545,30.1459,28.4072,43.2991,41.4216,.,.,.
LYC-11,3,143.5682083,1354.735642,45.12733333,45.466,33.18933333,37.25333333,38.2392936,0.8194,0.7355,0.849,0.743,0.6229,1.1928,0.0409,0.0863,0.5372,0.0763,251.6,224.2,0.1707,171.633,160.8,0.0017,0.0112,0,0.1431,0.0837,0,0.1207,0.4659,0.7107,0.8889,0.8864,0.7358,0.4502,117.5518,55.7518,39.0663,73.6946,33.4062,28.2271,26.4168,43.1025,38.6603,0.5662,0.5874,0.2321
LYC-12,3,136.5618469,1229.53876,34.96733333,35.47533333,39.20066667,42.58733333,43.9949336,1.2005,1.1211,1.2582,0.77,0.6441,1.1955,0.0433,0.0747,0.5496,0.0478,273.2,168.3,0.0578,169.6,138.1,0,0,0,0.2015,0.0478,0,0.1393,0.4056,0.7331,0.8889,0.8846,1.122,0.4473,131.4097,62.1992,47.3526,84.0785,37.338,31.1411,26.502,40.3987,40.8916,0.8945,0.5573,0.25
LYC-13,3,186.084972,2327.608248,48.17533333,49.10666667,54.01733333,56.642,58.07343393,1.1534,1.1213,1.2055,0.7645,0.7065,1.0821,0.035,0.0631,0.5672,0.0277,224.1,184.266,0.0286,167.6,158.7,0,0,0,0.0575,0.0378,0,0.0744,0.568,0.7635,0.8901,0.8885,1.1233,0.4399,133.783,71.1444,51.4365,87.1396,40.1357,27.0402,27.999,45.998,38.9245,1.1598,0.5582,0.2519
LYC-14,3,267.7641669,4678.922542,83.48133333,84.49733333,62.90733333,68.24133333,68.34848747,0.8076,0.7535,0.8205,0.788,0.6176,1.2759,0.0374,0.079,0.551,0.0646,242.3,207.9,0.1787,176.1,161.3,0,0,0,0.2048,0.0551,0,0.2675,0.4094,0.7354,0.8889,0.8862,0.7513,0.4387,146.0819,59.3348,45.2082,90.0035,39.5627,38.893,31.7673,39.2415,50.2178,1.1434,0.5892,0.2311
LYC-15,3,169.8785697,1992.433291,47.66733333,48.09066667,47.83666667,50.46133333,51.13176633,1.0493,1.0036,1.0746,0.7762,0.6199,1.2521,0.0326,0.0393,0.5567,0.0369,230.4,189.1,0.0561,173.8,152.4,0,0,0,0.203,0.0311,0,0.1501,0.4044,0.7563,0.8893,0.8876,1.0045,0.4303,121.92,64.0241,47.9108,79.8722,36.2607,25.8485,24.5592,43.5349,35.6553,0.934,0.5581,0.2509
LYC-16,3,178.921918,2209.522463,51.22333333,51.816,50.20733333,52.66266667,53.42200813,1.0163,0.9802,1.0464,0.7702,0.6033,1.2767,0.0345,0.0361,0.5391,0.0249,223.5,188.3,0.0441,167.9,148.6,0,0,0,0.2006,0.0502,0,0.1723,0.3955,0.7601,0.8906,0.8856,0.9793,0.4203,100.0049,50.983,40.0552,65.8545,29.1572,23.0802,18.7817,39.1373,29.7564,.,.,.
LYC-17,3,271.9012257,4027.647859,91.44,91.77866667,40.55533333,54.102,57.43835773,0.5895,0.4435,0.6438,0.8389,0.7565,1.1089,0.0888,0.2148,0.6515,0.1739,255.8,269.8,0.5054,0,176.2,0.0003,0.0021,0,0.1064,0.1206,0,0.2634,0.5164,0.5987,0.8904,0.8863,0.4421,0.5386,128.1503,62.4872,44.1103,81.0461,37.0288,29.1163,28.3022,44.1877,40.6051,2.2762,0.7067,0.1697
LYC-18,3,189.0273334,2388.991638,54.69466667,55.28733333,50.88466667,53.42466667,54.0140652,0.9663,0.9303,0.9906,0.7663,0.5975,1.2824,0.0308,0.032,0.5257,0.0301,245,192.4,0.0675,162.8,151.8,0,0,0,0.1948,0.0867,0,0.1823,0.4263,0.7619,0.8889,0.8889,0.9302,0.4163,131.1083,69.0946,50.1288,85.2613,38.9588,26.9825,26.8419,44.8503,38.0597,1.4297,0.5586,0.2504
LYC-19,3,172.2633334,2003.852623,52.15466667,52.832,43.18,47.244,49.38520307,0.8942,0.8279,0.9469,0.7695,0.586,1.313,0.0336,0.0481,0.5327,0.0466,245.3,206.4,0.0543,164.4,153.6,0,0,0,0.2141,0.0357,0,0.1784,0.4068,0.7325,0.8928,0.8889,0.8293,0.436,122.1145,61.5107,40.5626,76.5558,35.6565,26.8486,28.5599,46.769,39.1984,0.7993,0.5585,0.2512
LYC-20,3,343.0483191,7410.529982,94.14933333,94.82666667,88.22266667,100.076,102.8257447,1.0554,0.9371,1.0922,0.8363,0.4802,1.7416,0.0626,0.0662,0.5177,0.0783,286.2,243.7,0.1498,148.6,116.6,0.0157,0.0049,0,0.2277,0.1037,0,0.6629,0.4416,0.7045,0.8879,0.8879,0.9369,0.4387,135.1363,53.2503,43.8703,84.201,36.2487,37.609,27.6517,36.3249,46.6804,.,.,.
LYC-21,3,279.5479635,4701.653679,86.44466667,87.29133333,56.30333333,69.25733333,68.59967653,0.7934,0.6513,0.7886,0.762,0.6298,1.21,0.0555,0.1174,0.5227,0.1235,277.5,251,0.3441,175.8,160.1,0,0,0,0.1362,0.3147,0,0.3385,0.4694,0.6487,0.8893,0.8863,0.6495,0.4821,134.978,62.2261,50.7058,87.3585,38.293,32.8921,25.6984,38.0003,41.7409,2.2957,0.6879,0.1656
LYC-22,3,109.8462031,833.675752,31.496,31.66533333,30.734,32.68133333,33.8866988,1.0321,0.9758,1.0788,0.6801,0.6371,1.0675,0.02,0.0237,0.5307,0.0415,229.2,182.400,0.0572,164.2,151.4,0,0,0,0.1389,0.0402,0,0.0362,0.4508,0.7481,0.8889,0.8834,0.973,0.4243,118.0601,106.2034,59.1447,83.411,47.8272,-2.9727,32.876,95.1667,33.0102,0.6991,0.5556,0.2507
LYC-23,3,106.1669454,753.9913236,31.66533333,31.91933333,29.464,30.31066667,30.95906093,0.9496,0.9305,0.9803,0.6925,0.5668,1.2217,0.0215,0.0267,0.5062,0.0255,207.7,179.1,0.0573,160.7,146.9,0,0,0,0.1642,0.036,0,0.0738,0.4475,0.7731,0.8846,0.8846,0.9324,0.39,74.5329,53.0705,39.922,53.9607,25.6886,9.0682,12.7666,54.6134,15.6594,0.6323,0.5564,0.2506
LYC-24,3,112.5329305,850.8155027,27.178,27.178,38.26933333,38.77733333,39.27369167,1.4268,1.4081,1.4495,0.6667,0.648,1.0288,0.0354,0.1133,0.5396,0.0164,203.133,149.3,0.0103,149.5,128.5,0,0,0.1281,0,0.0467,0.0403,0,0.5153,0.7877,0.8889,0.8867,1.4063,0.3902,123.6166,66.7487,46.5019,80.0487,37.1495,24.6941,26.5264,47.0488,36.2415,0.8126,0.6142,0.215
LYC-25,3,103.9004526,744.3927764,28.02466667,28.10933333,32.34266667,32.85066667,33.36710793,1.1687,1.1541,1.1942,0.6647,0.6465,1.028,0.0246,0.0539,0.5262,0.0221,196.4,164.5,0.0391,168.5,142.4,0,0,0.1438,0,0.0262,0.0387,0,0.5438,0.7855,0.8889,0.8863,1.1515,0.393,121.1726,65.0826,48.128,79.6621,36.4177,24.8123,24.3285,44.4359,34.7495,1.0071,0.5552,0.254
LYC-26,3,53.07019273,196.0497871,16.51,16.51,14.05466667,14.64733333,16.16560987,0.8872,0.8513,0.9841,0.7077,0.6205,1.1405,0.0226,0.0469,0.5323,0.0471,254.3,170.516,0.0665,173,157.4,0.0044,0.0135,0,0.1179,0.014,0,0.0279,0.474,0.7674,0.8859,0.8859,0.8571,0.4162,89.5182,88.082,54.5871,68.749,39.1343,-5.8595,22.5129,104.5889,23.2629,1.269,0.6259,0.2041
LYC-27,3,72.78506313,371.4902964,19.558,19.72733333,22.69066667,23.368,24.11807047,1.1845,1.1602,1.2385,0.7056,0.6061,1.1643,0.0257,0.056,0.5246,0.0127,203.4,165.6,0.0176,152.3,128.9,0,0,0,0.1566,0.0186,0,0.0399,0.4312,0.7782,0.8917,0.888,1.163,0.4032,111.8961,54.1316,36.385,69.7725,31.8366,26.4579,25.9027,44.3926,37.0266,0.8659,0.5524,0.2542
LYC-28,3,85.91647367,523.998952,24.72266667,24.97666667,25.73866667,26.162,27.64347193,1.0475,1.0411,1.122,0.6918,0.5822,1.1882,0.0184,0.0247,0.5095,0.0081,206.533,165.9,0.0218,168.4,145.4,0,0,0,0.1741,0.0208,0,0.0514,0.4239,0.7857,0.8897,0.8832,1.0431,0.3968,111.8303,60.9007,43.7479,73.1931,33.716,22.6387,23.0557,45.5228,32.3122,.,.,.
LYC-29,3,74.1142028,378.9454787,22.606,22.69066667,20.48933333,21.16666667,22.1593664,0.9328,0.9064,0.9839,0.6667,0.618,1.0788,0.0209,0.0291,0.5191,0.0204,218.6,173.6,0.0439,169.8,154.8,0,0,0,0.1071,0.0325,0,0.0308,0.504,0.7711,0.8889,0.8848,0.9057,0.3953,98.5087,51.4099,36.6947,63.6079,29.0502,21.7759,21.0133,43.979,30.2613,.,.,.
LYC-30,3,64.31487433,293.87038,19.47333333,19.558,18.288,18.796,20.37193453,0.961,0.9391,1.0507,0.687,0.5739,1.197,0.018,0.0218,0.5181,0.023,216,166.2,0.0371,165.3,142.7,0,0,0,0.1453,0.0115,0,0.0303,0.4685,0.7783,0.8912,0.8866,0.9348,0.3937,118.0845,100.4149,52.2409,80.2408,46.1444,0.0119,34.8202,89.9804,34.8202,0.788,0.5528,0.2541
LYC-31,3,106.3993639,777.2385889,32.59666667,32.68133333,27.77066667,28.956,29.4526462,0.886,0.8519,0.9059,0.7429,0.6442,1.1532,0.0249,0.0446,0.5541,0.019,213.5,186.9,0.0282,185,162.8,0,0,0,0.1391,0.0331,0,0.0515,0.4678,0.7683,0.8912,0.8881,0.8562,0.4193,101.7498,52.7055,38.4643,65.967,29.8575,22.7362,21.0396,42.7805,30.9774,0.6343,0.5841,0.2337
LYC-32,3,118.8910077,825.0521133,23.53733333,26.83933333,43.51866667,43.688,44.30879293,1.6278,1.8489,1.8824,0.5072,0.8201,0.6184,0.0815,0.1954,0.3879,0,130.9,80.3,0,162.9,134.8,0,0,0.3577,0,0.06,0.4069,0,0.6783,0.7961,0.8874,0.8874,1.8468,0.3789,140.3275,130.3889,65.7079,97.0114,57.7018,-6.8143,42.941,99.0171,43.4784,1.9225,0.5842,0.2309
LYC-33,3,56.73741933,224.5371853,18.37266667,18.45733333,14.56266667,14.986,17.75179753,0.8119,0.7926,0.9662,0.7143,0.6313,1.1314,0.0267,0.0694,0.5377,0.0141,194.8,189.1,0.069,166.7,158.3,0,0,0,0.1202,0.0223,0,0.0276,0.4915,0.7727,0.8889,0.8831,0.7907,0.4135,89.8783,95.0121,53.4237,70.746,41.457,-10.4543,26.7818,111.3232,28.7499,2.6929,0.5513,0.2536
LYC-34,3,285.5092757,5119.889402,83.48133333,86.106,64.77,75.184,76.3217676,0.8732,0.7759,0.9115,0.8469,0.5487,1.5434,0.0591,0.0791,0.5415,0.1065,274.1,241.7,0.2292,165.6,147.4,0,0,0,0.284,0.1218,0,0.462,0.3547,0.6877,0.8892,0.8866,0.7741,0.4714,147.3757,70.1536,52.4387,94.0171,42.2181,33.6855,30.5735,42.2274,45.4912,0.8749,0.574,0.2423
LYC-35,3,180.7795978,2225.909527,57.57333333,57.912,44.02666667,47.244,47.88165007,0.8158,0.7647,0.8329,0.7132,0.6588,1.0826,0.0316,0.0714,0.5385,0.0466,253.2,186.6,0.0786,172.8,163.6,0.0099,0.0049,0,0.1264,0.0892,0,0.0594,0.4713,0.7469,0.8908,0.8889,0.7647,0.4276,164.9224,93.7944,49.0762,100.7052,50.4725,27.0329,44.4081,58.6695,51.989,0.8596,0.5893,0.2306
LYC-36,3,162.177857,1780.942675,47.58266667,48.006,43.434,45.72,46.04528087,0.9524,0.9128,0.9694,0.6975,0.6673,1.0453,0.0238,0.0276,0.55,0.0343,232.4,185.5,0.0702,173.5,152.3,0,0,0,0.0752,0.0405,0,0.0546,0.5426,0.757,0.8889,0.885,0.9107,0.4222,117.8374,57.2514,42.5719,75.4839,33.8348,27.6459,24.3805,41.4086,36.8607,1.8857,0.5589,0.2519
LYC-37,3,242.4928433,3706.429863,72.47466667,73.32133333,53.42466667,62.65333333,64.06315187,0.8545,0.7371,0.8829,0.7699,0.6647,1.1582,0.0453,0.0766,0.5504,0.0818,281.9,226.8,0.1106,177,166.2,0,0,0,0.1642,0.158,0,0.2189,0.4351,0.682,0.8889,0.8889,0.7368,0.4763,142.1426,65.8779,49.8404,90.3423,40.1571,33.7747,29.2362,40.8803,44.6708,1.5358,0.5591,0.2496
LYC-38,3,223.5540699,3356.416226,68.15666667,69.42666667,58.58933333,61.55266667,62.79023933,0.8866,0.8596,0.9201,0.7801,0.4783,1.6312,0.0383,0.0512,0.5181,0.0392,222.8,191.4,0.0506,148.3,131.8,0,0,0,0.2585,0.0337,0,0.3487,0.4099,0.7603,0.8875,0.8889,0.8598,0.4056,138.1392,54.0703,43.3662,85.3974,36.9099,38.4909,28.9857,36.9817,48.1842,1.6822,0.5896,0.2316
LYC-39,3,249.2161471,4097.310802,76.36933333,77.47,60.706,67.14066667,68.33149487,0.8667,0.7949,0.8944,0.816,0.4945,1.6502,0.0486,0.0705,0.5161,0.0763,248.2,215.3,0.1601,133.4,131.2,0,0,0,0.2533,0.1264,0,0.4139,0.4023,0.7222,0.8896,0.8868,0.7944,0.4341,139.3707,58.4783,43.0083,85.8144,37.9484,36.4692,30.8223,40.2032,47.7495,0.6303,0.6202,0.2113
LYC-40,3,242.6922587,3822.38662,75.184,76.03066667,54.102,61.722,64.7932918,0.8118,0.7196,0.8548,0.7939,0.6318,1.2567,0.0453,0.0834,0.5639,0.0761,246.4,226.7,0.1064,169.5,163.5,0.0131,0.0551,0,0.177,0.0595,0,0.2469,0.4609,0.7005,0.8901,0.8885,0.7183,0.4667,156.8045,74.0633,55.8245,100.0541,44.7511,35.7724,32.1115,41.9131,48.0709,1.1108,0.5642,0.251
LYC-41,3,255.0942489,4028.293019,78.14733333,78.486,55.118,62.39933333,66.18613467,0.795,0.7053,0.8479,0.7497,0.6923,1.0829,0.0445,0.091,0.5712,0.0747,247.6,223.9,0.1387,176.4,170.9,0.0137,0.0177,0,0.1379,0.0718,0,0.1415,0.4627,0.7065,0.8874,0.8889,0.7065,0.4651,151.8062,68.4023,50.5924,95.2374,42.489,36.5731,32.5521,41.6709,48.9615,1.3601,0.5595,0.2506
LYC-42,3,285.1600342,5115.093712,91.10133333,91.948,58.75866667,68.58,69.52042653,0.7459,0.645,0.7651,0.7881,0.6664,1.1827,0.0516,0.1133,0.5624,0.1062,249.1,236.1,0.2598,193.2,173.3,0.0092,0.0046,0,0.1444,0.1266,0,0.2669,0.4778,0.6848,0.8892,0.8878,0.6442,0.4756,137.455,54.1109,39.5027,83.2705,36.7422,37.8231,31.5787,39.8587,49.2727,2.1461,0.6857,0.1697
LYC-43,3,178.5697555,2184.088822,53.76333333,53.93266667,48.26,50.546,53.9847282,0.9372,0.8976,1.0023,0.7071,0.6031,1.1723,0.0222,0.0289,0.5289,0.0278,224.6,172.833,0.0331,159.5,140.2,0,0,0,0.1368,0.0422,0,0.1144,0.459,0.7651,0.8906,0.8889,0.9012,0.4052,144.4987,63.2968,44.7624,89.0483,39.979,36.0458,32.6074,42.1328,48.606,1.637,0.6118,0.2309
LYC-44,3,215.6989759,3138.617379,67.31,67.39466667,52.66266667,56.55733333,58.3653138,0.8392,0.7824,0.8682,0.7421,0.6503,1.1412,0.0318,0.0654,0.5612,0.0427,268.4,201.4,0.0708,175.3,166,0,0,0,0.1422,0.0493,0,0.1048,0.4626,0.7436,0.8889,0.8873,0.7823,0.4359,150.0161,67.9839,50.9462,94.5529,42.3091,35.9362,31.9221,41.6147,48.067,0.9467,0.5934,0.231
LYC-45,3,198.4284322,2665.887141,60.452,60.87533333,49.86866667,54.356,54.76337367,0.8929,0.8249,0.9072,0.7283,0.6176,1.1791,0.0276,0.0547,0.5021,0.053,237.3,204.3,0.0954,166.5,156.6,0,0,0,0.1067,0.1798,0,0.1773,0.5078,0.7332,0.8918,0.8868,0.8246,0.4342,148.5151,65.1813,49.1956,93.0216,41.2126,36.8807,31.6705,40.6536,48.6128,1.4016,0.5883,0.2317
LYC-46,3,174.4526356,2057.142839,44.11133333,44.61933333,56.896,58.33533333,59.05279867,1.3074,1.2898,1.333,0.714,0.5547,1.2872,0.0351,0.0867,0.4966,0.0277,223.4,157.5,0.0522,143.9,124.4,0,0,0,0.1942,0.0694,0,0.1865,0.418,0.7791,0.8874,0.886,1.2885,0.3897,154.7403,62.7874,44.9642,93.9729,41.8335,40.5391,35.5081,41.2151,53.8911,1.0287,0.5277,0.2721
LYC-47,3,194.3999329,2548.338989,50.038,50.20733333,60.36733333,61.976,62.26721947,1.2344,1.2064,1.2465,0.709,0.6294,1.1263,0.0305,0.0698,0.5437,0.0192,201.2,162.6,0.0358,166.8,142,0,0,0,0.134,0.0695,0,0.0893,0.4809,0.777,0.8875,0.8861,1.2034,0.4077,150.7821,64.6817,47.3412,93.2254,41.4537,38.0129,33.1602,41.0996,50.4438,0.5588,0.5136,0.2823
LYC-48,3,174.2472004,2082.296911,45.80466667,46.56666667,53.17066667,55.20266667,56.472328,1.1855,1.1608,1.2352,0.7153,0.6396,1.1185,0.0299,0.0664,0.5212,0.0246,216.6,162.4,0.036,172.8,142.1,0,0,0,0.1207,0.0906,0,0.1179,0.4755,0.7711,0.8901,0.8901,1.162,0.4136,143.8487,61.0322,43.4885,88.149,39.3741,36.9005,32.6855,41.5336,49.2949,1.7311,0.5281,0.2713
LYC-49,3,181.1869461,2205.314586,45.80466667,45.974,58.75866667,60.706,61.27837207,1.3204,1.2828,1.3161,0.7338,0.4843,1.5153,0.0319,0.0839,0.4932,0.0279,217.4,160.6,0.0427,132.4,126.4,0.0009,0.0346,0,0.1458,0.0771,0,0.2148,0.5174,0.7737,0.8892,0.8878,1.2824,0.389,141.5663,63.8987,47.7081,89.0431,39.646,34.5837,29.9505,40.8936,45.75,1.4986,0.565,0.2704
LYC-50,3,192.4069558,2438.991538,46.482,46.82066667,59.69,62.06066667,62.92502867,1.3255,1.2842,1.3562,0.816,0.643,1.2691,0.0451,0.0984,0.57,0.0342,235.7,176.5,0.0616,156.2,135.9,0,0,0,0.0705,0.043,0,0.1756,0.5825,0.7678,0.8906,0.8864,1.2831,0.4318,170.197,95.8659,55.5903,106.2554,51.9195,28.7205,42.6408,56.038,51.4111,1.0099,0.514,0.2799
LYC-51,3,193.4250217,2543.571974,51.22333333,52.07,56.47266667,59.60533333,60.26057713,1.1447,1.1025,1.1784,0.8,0.595,1.3444,0.0416,0.0635,0.5503,0.0455,240.3,168.7,0.0829,169,136.8,0,0,0,0.2335,0.0257,0,0.2448,0.4006,0.7568,0.8896,0.8867,1.1037,0.4324,148.4194,69.3046,53.2162,94.8766,42.0679,34.7967,29.8013,40.578,45.8141,0.6065,0.5288,0.2723
LYC-52,3,170.9095219,1795.508954,34.45933333,35.13666667,62.39933333,62.82266667,63.93262127,1.788,1.8108,1.8414,0.6413,0.7445,0.8614,0.0516,0.1855,0.5269,0,152.9,104.4,0,156.9,122.6,0,0,0.2256,0,0.1193,0.1821,0,0.6348,0.7935,0.8896,0.8869,1.8148,0.4026,126.3677,59.0838,47.752,81.8958,35.8459,30.8486,23.8628,37.7236,39.0009,1.6099,0.5264,0.2722
LYC-53,3,175.297846,1876.26148,56.896,57.658,34.29,41.31733333,43.55618247,0.7166,0.6027,0.7655,0.8348,0.5446,1.5328,0.0615,0.1394,0.5416,0.123,258.3,247,0.2167,167.4,152.1,0,0,0,0.2449,0.0599,0,0.263,0.3934,0.6612,0.8895,0.8846,0.6007,0.4821,164.0945,100.4329,82.7726,116.163,52.7139,25.4917,25.2705,44.7503,35.8946,1.9918,0.7512,0.1326
LYC-54,3,293.3731242,4910.212402,102.9546667,103.2086667,46.482,59.60533333,62.12373487,0.5775,0.4515,0.6029,0.8084,0.6743,1.1988,0.0783,0.2116,0.5855,0.1189,225.4,256.4,0.2563,186,175,0.0231,0.0504,0,0.1651,0.2813,0,0.2366,0.4545,0.623,0.8902,0.8884,0.4506,0.5118,131.6425,72.5029,59.6585,89.9872,40.3676,26.0647,22.1471,40.3545,34.2032,1.7405,0.7524,0.1308
LYC-55,3,219.9414194,3170.968568,57.15,59.436,64.68533333,70.18866667,70.18341733,1.1809,1.1319,1.2277,0.7926,0.4948,1.6018,0.0552,0.0756,0.4772,0.0416,245.7,200.6,0.0914,147.6,117.6,0,0,0,0.2492,0.1385,0,0.4284,0.3981,0.7367,0.8905,0.8905,1.1338,0.4173,141.2329,93.2038,72.616,100.7789,47.3936,18.7875,23.9227,51.8558,30.4182,1.2324,0.5728,0.2401
LYC-56,3,.,.,.,.,.,.,.,.,.,.,.,.,.,.,.,.,.,.,.,.,.,.,.,.,.,.,.,.,.,.,.,.,.,.,.,.,.,.,.,.,.,.,.,.,.,.,.
LYC-57,3,246.1760549,3684.716645,52.832,53.25533333,82.71933333,87.79933333,88.65757393,1.6486,1.5657,1.6781,0.7564,0.5337,1.4174,0.0509,0.1538,0.526,0.0362,267.7,176.3,0.0819,108.3,106.2,0,0,0,0.1974,0.0926,0,0.3202,0.4417,0.7529,0.8894,0.8874,1.5663,0.4065,153.1497,83.5613,69.8074,104.8918,46.5899,29.6712,24.8509,39.9476,38.7034,1.9374,0.6358,0.2009
LYC-58,3,194.076828,2509.306809,58.08133333,58.33533333,47.32866667,52.40866667,54.91629013,0.8984,0.8149,0.9469,0.7522,0.6764,1.1121,0.0337,0.0521,0.5436,0.0566,253.6,209.2,0.076,174.4,159.9,0,0,0,0.1457,0.1059,0,0.1318,0.4637,0.7217,0.8902,0.8867,0.8139,0.4516,128.5261,69.4888,55.8502,86.7594,39.0011,26.1799,22.6965,40.9235,34.6485,0.5476,0.6513,0.1924
LYC-59,3,.,.,.,.,.,.,.,.,.,.,.,.,.,.,.,.,.,.,.,.,.,.,.,.,.,.,.,.,.,.,.,.,.,.,.,.,.,.,.,.,.,.,.,.,.,.,.
LYC-60,3,230.8148546,3357.799736,75.184,76.11533333,51.90066667,57.15,58.92587487,0.7508,0.6903,0.7846,0.6948,0.6149,1.13,0.042,0.1129,0.5126,0.0692,264.8,227.6,0.0947,167.5,156,0,0,0,0.1451,0.1626,0,0.192,0.4341,0.724,0.8954,0.8857,0.6873,0.4191,113.7078,64.0953,50.7871,77.3739,35.0497,22.2214,20.1152,42.1518,29.9735,1.4222,0.719,0.1511
LYC-61,3,275.5350175,4565.33854,89.32333333,89.74666667,50.37666667,63.16133333,64.66039053,0.7038,0.564,0.7325,0.7744,0.71,1.0908,0.0655,0.1509,0.5837,0.1413,272.6,253.4,0.2654,176.9,172.8,0,0,0.0997,0,0.1888,0.2351,0,0.4973,0.6362,0.8893,0.886,0.5629,0.5078,141.5725,80.5061,64.4444,96.9477,44.0103,25.9556,24.3726,43.1984,35.605,3.4718,0.7522,0.1311
LYC-62,3,.,.,.,.,.,.,.,.,.,.,.,.,.,.,.,.,.,.,.,.,.,.,.,.,.,.,.,.,.,.,.,.,.,.,.,.,.,.,.,.,.,.,.,.,.,.,.
LYC-63,3,264.1025283,3895.268195,82.12666667,83.14266667,43.434,59.09733333,63.37692007,0.7108,0.5289,0.7701,0.8289,0.6216,1.3333,0.081,0.159,0.5859,0.1691,286.3,278.3,0.2408,188,168,0.0259,0.0222,0,0.2505,0.1055,0,0.3453,0.3739,0.5854,0.887,0.8831,0.5258,0.5424,135.3252,71.0066,53.665,88.9187,40.3762,28.0215,26.4481,43.3455,38.5319,1.1332,0.7187,0.1501
LYC-64,3,276.1692047,4658.979929,92.456,92.87933333,50.37666667,62.82266667,61.877575,0.6764,0.5449,0.6794,0.7097,0.7473,0.9498,0.0644,0.1612,0.5613,0.1037,243.2,236.8,0.2117,184.6,188.8,0.2526,0.0941,0.1098,0,0.3522,0.2317,0,0.4825,0.6397,0.8927,0.886,0.5436,0.5005,134.6182,77.2544,57.676,90.4982,42.0542,24.1688,26.1578,47.2633,35.614,.,.,.
LYC-65,3,241.6542538,3608.293859,75.26866667,75.438,49.69933333,60.452,65.39263867,0.8013,0.6603,0.8788,0.73,0.6198,1.1779,0.0535,0.1027,0.5189,0.1247,286.9,256.4,0.1697,174.5,157,0,0,0,0.146,0.1528,0,0.2117,0.4636,0.6564,0.8897,0.8864,0.6592,0.4815,144.4525,73.0687,61.1678,96.7292,42.5008,31.4854,24.6189,38.0224,39.9677,1.9983,0.7534,0.1303
LYC-66,3,214.7616228,3049.613972,64.85466667,65.70133333,51.39266667,56.98066667,59.14808253,0.8673,0.7924,0.9099,0.8238,0.6123,1.3454,0.0473,0.063,0.5664,0.0728,231.9,225.2,0.1516,174.1,157.9,0,0,0,0.2344,0.0521,0,0.2775,0.3967,0.7202,0.8897,0.8864,0.7908,0.4532,142.274,76.5074,59.2976,94.8395,42.996,28.2407,26.5233,43.2038,38.743,0.8052,0.6844,0.1718
LYC-67,3,.,.,.,.,.,.,.,.,.,.,.,.,.,.,.,.,.,.,.,.,.,.,.,.,.,.,.,.,.,.,.,.,.,.,.,.,.,.,.,.,.,.,.,.,.,.,.
LYC-68,3,.,.,.,.,.,.,.,.,.,.,.,.,.,.,.,.,.,.,.,.,.,.,.,.,.,.,.,.,.,.,.,.,.,.,.,.,.,.,.,.,.,.,.,.,.,.,.
LYC-70,3,277.4317286,4208.808787,51.47733333,52.578,90.76266667,96.09666667,97.77946747,1.8277,1.7632,1.9089,0.9194,0.6645,1.3837,0.0706,0.2055,0.5872,0.0353,242.8,169.9,0.0729,136.1,103.4,0,0,0,0.0965,0.1664,0,0.4511,0.5515,0.7549,0.888,0.8834,1.7613,0.4435,151.5237,72.7126,62.261,100.5663,43.7584,34.799,25.865,36.6223,43.3586,1.4289,0.5573,0.252
LYC-71,3,159.5286963,1537.896566,50.71533333,50.8,29.63333333,37.084,39.2656568,0.73,0.5843,0.7755,0.7896,0.7095,1.1129,0.0619,0.1323,0.5849,0.1473,280.3,253.4,0.2519,176.3,169.6,0,0,0,0.1603,0.0516,0,0.1411,0.4452,0.6407,0.8917,0.8889,0.5858,0.51,139.2733,82.6042,60.8497,94.2227,44.1444,23.3426,27.302,49.4703,35.9204,1.8963,0.666,0.1815
LYC-72,3,261.4421915,4294.235139,78.14733333,78.57066667,57.48866667,67.98733333,69.504814,0.8653,0.7356,0.891,0.7606,0.6706,1.1341,0.0512,0.0835,0.559,0.0918,266.3,247.9,0.1456,157.9,162.1,0,0,0,0.1535,0.1437,0,0.2489,0.4471,0.6758,0.89,0.8871,0.7364,0.477,140.9542,74.0931,60.9437,94.9955,42.4612,29.2328,24.7009,40.1969,38.2713,1.9104,0.6685,0.1807
LYC-73,3,206.2769052,2607.385466,44.87333333,46.56666667,72.22066667,76.03066667,75.436095,1.6327,1.6094,1.6481,0.7509,0.3509,2.1398,0.0458,0.1496,0.4639,0.0125,181.9,141.7,0.0277,89.8,94.3,0.0013,0.0588,0,0.2815,0.0877,0,0.4822,0.3786,0.7581,0.8877,0.8854,1.6038,0.3774,104.172,79.9769,60.7301,77.697,38.3496,7.9938,17.3621,65.2779,19.114,0.4823,0.666,0.1818
LYC-74,3,188.2643089,2369.414616,57.82733333,58.166,45.29666667,48.68333333,51.01387647,0.837,0.7833,0.8822,0.7818,0.6794,1.1509,0.0363,0.0687,0.5698,0.041,244.8,207.7,0.0587,170.7,170.9,0,0,0,0.1811,0.0512,0,0.1241,0.4313,0.7422,0.8894,0.8857,0.7831,0.4493,129.2521,67.6717,54.4325,86.4096,38.5964,27.473,23.2439,40.2333,35.9868,0.6434,0.6036,0.223
LYC-75,3,.,.,.,.,.,.,.,.,.,.,.,.,.,.,.,.,.,.,.,.,.,.,.,.,.,.,.,.,.,.,.,.,.,.,.,.,.,.,.,.,.,.,.,.,.,.,.
LYC-76,3,277.2254383,4927.610216,75.77666667,76.87733333,72.98266667,82.296,82.92750327,1.0705,0.9631,1.0953,0.7352,0.5318,1.3824,0.0501,0.0554,0.4993,0.0756,276.5,188.150,0.1457,187.2,128.5,0.0085,0.0249,0,0.2101,0.0875,0,0.3897,0.4187,0.7085,0.8889,0.8877,0.9636,0.4387,141.3217,76.2993,59.8229,94.6243,42.8901,28.0535,26.2295,43.0755,38.4056,3.1453,0.6712,0.1821
LYC-77,3,238.9974392,3589.397839,76.87733333,77.47,48.59866667,57.06533333,59.64065627,0.7366,0.6322,0.7766,0.783,0.6586,1.189,0.053,0.1225,0.5689,0.0932,276.8,240.8,0.1377,174.7,163.7,0,0,0,0.1768,0.0776,0,0.2222,0.4392,0.6805,0.8893,0.8876,0.6309,0.4785,126.7088,63.2761,52.0242,84.0153,37.1099,28.8229,22.6966,38.2187,36.6865,.,.,.
LYC-78,3,.,.,.,.,.,.,.,.,.,.,.,.,.,.,.,.,.,.,.,.,.,.,.,.,.,.,.,.,.,.,.,.,.,.,.,.,.,.,.,.,.,.,.,.,1.0446,0.7345,0.1419
LYC-79,3,221.5179381,3284.60275,68.326,68.58,53.00133333,57.74266667,59.94111287,0.842,0.7757,0.887,0.7571,0.6952,1.0891,0.0374,0.0674,0.5687,0.0529,247.1,210.1,0.0961,173.2,169.5,0,0,0,0.1336,0.072,0,0.1251,0.4677,0.7342,0.8897,0.8881,0.7764,0.4481,138.1715,70.6977,55.4126,91.0803,40.8783,29.7058,26.0449,41.243,39.5066,1.6791,0.7186,0.1501
LYC-80,3,.,.,.,.,.,.,.,.,.,.,.,.,.,.,.,.,.,.,.,.,.,.,.,.,.,.,.,.,.,.,.,.,.,.,.,.,.,.,.,.,.,.,.,.,.,.,.
LYC-81,3,215.1384572,3237.699618,63.33066667,63.41533333,63.58466667,65.19333333,65.63793493,1.028,1.004,1.0392,0.5254,0.6791,0.7736,0.0189,0.0209,0.4897,0.0202,225.2,148.2,0.0463,167.5,159.5,0,0,0.136,0,0.0316,0.1741,0,0.4883,0.7802,0.8889,0.8889,1.0033,0.3761,98.1165,72.5281,53.9734,71.7983,35.1232,9.3218,17.3912,61.8083,19.732,0.393,0.6675,0.1814
LYC-82,3,296.3870882,5024.205005,94.234,94.91133333,51.054,65.786,66.95542447,0.6931,0.5418,0.7052,0.805,0.7242,1.1117,0.0688,0.1625,0.5846,0.1429,267.6,251.9,0.2964,196.5,184.6,0.0367,0.0084,0,0.1718,0.2907,0,0.2775,0.4183,0.6186,0.8889,0.884,0.5405,0.5224,132.6813,68.7193,52.9189,87.3327,39.3877,28.2117,25.5827,42.2021,38.0838,0.7648,0.6679,0.1818
LYC-83,3,294.5520144,4811.717975,94.40333333,95.504,47.752,65.36266667,71.64826073,0.6844,0.5058,0.755,0.7471,0.6942,1.0762,0.0853,0.188,0.573,0.091,258.3,274.2,0.2169,172.3,168.750,0.0204,0.0483,0.0281,0,0.3344,0.3491,0,0.386,0.5837,0.8893,0.8876,0.5056,0.5314,141.4495,68.1435,57.1123,93.3321,40.9514,32.6663,25.0551,37.4883,41.1685,1.3111,0.7193,0.1501
LYC-84,3,154.9291034,1537.717355,49.44533333,49.61466667,33.18933333,38.01533333,39.6488666,0.7662,0.6712,0.8171,0.7466,0.6712,1.1122,0.0468,0.1007,0.57,0.1169,264.4,233.6,0.2295,181,165.1,0,0,0,0.1391,0.0362,0,0.089,0.4744,0.6964,0.8889,0.8864,0.6695,0.4677,145.2587,76.3515,62.0242,97.5143,43.5219,29.969,25.6107,40.5163,39.4214,1.2594,0.6348,0.2019
LYC-85,3,108.3406859,822.4427996,31.496,31.58066667,30.14133333,31.32666667,32.45049813,0.992,0.957,1.0331,0.7742,0.6263,1.2361,0.0282,0.0296,0.5503,0.0285,200.8,184,0.0276,167.8,150.7,0,0,0,0.1687,0.0208,0,0.0804,0.4432,0.7696,0.8903,0.8875,0.9595,0.4245,131.8654,87.3237,53.6018,87.2781,44.0273,15.8856,31.4293,63.1861,35.2158,0.6752,0.6002,0.2224
LYC-86,3,185.7433928,2371.142211,55.79533333,55.88,48.59866667,51.562,52.5612868,0.9227,0.871,0.9421,0.7238,0.6616,1.094,0.0258,0.0365,0.5483,0.046,240.8,195.1,0.0765,166.2,161.9,0,0,0,0.1225,0.0254,0,0.0895,0.4959,0.7533,0.8911,0.8876,0.8707,0.428,118.8523,65.6025,49.9184,79.3616,36.241,23.6319,22.6399,43.7719,32.7266,0.5364,0.5586,0.2504
LYC-87,3,198.4780299,2615.89441,55.28733333,55.88,53.086,58.84333333,59.95016373,1.053,0.9602,1.0843,0.7948,0.5681,1.3989,0.0454,0.0506,0.5252,0.0636,260.9,209.9,0.1302,154.9,131.8,0,0,0,0.1884,0.088,0,0.2639,0.446,0.7205,0.8897,0.8865,0.9615,0.4404,127.1171,76.2199,43.1572,80.1314,40.1859,20.0066,33.1458,58.8851,38.7157,0.5827,0.589,0.2319
LYC-88,3,208.9783391,2847.356312,55.71066667,55.88,63.5,69.25733333,69.72516747,1.2394,1.1398,1.2539,0.6489,0.2948,2.201,0.0235,0.0574,0.4482,0.0325,243.9,168.9,0.0727,63.2,115.9,0.0013,0.1196,0,0.1804,0.0947,0,0.2734,0.4817,0.7344,0.8902,0.8889,1.1407,0.376,145.1509,129.1447,80.7935,106.3824,58.0455,-1.7383,34.122,92.9164,34.1663,2.0722,0.5585,0.2469
LYC-89,3,246.1434752,3854.350714,77.978,78.40133333,51.308,59.69,63.14311307,0.7613,0.658,0.8177,0.7676,0.7329,1.0474,0.05,0.1117,0.5732,0.0582,259.2,225.8,0.0737,172.4,168.3,0,0,0,0.1215,0.2007,0,0.1927,0.461,0.6875,0.8897,0.8881,0.6576,0.4797,141.1809,71.0596,60.2134,94.7105,41.4968,31.1939,23.7236,37.2537,39.1901,1.1988,0.6847,0.1718
LYC-90,3,211.4125227,2981.212676,59.85933333,60.79066667,55.79533333,60.198,61.08462933,0.9903,0.9321,1.0282,0.7808,0.6167,1.2661,0.0357,0.0386,0.5426,0.0626,260.8,201.5,0.123,161.7,142.6,0,0,0,0.175,0.1205,0,0.2008,0.4585,0.7408,0.89,0.887,0.9326,0.4397,116.4366,67.5595,37.9839,72.6664,36.2062,20.0163,30.7132,56.9071,36.66,1.0657,0.6679,0.1804
LYC-91,3,130.6968091,1192.334533,36.576,36.576,39.03133333,40.386,41.02519947,1.1042,1.0671,1.1242,0.6412,0.6644,0.9652,0.018,0.0393,0.5203,0.0273,218.5,164.3,0.0483,172.6,152.1,0,0,0.1111,0,0.0258,0.0341,0,0.5052,0.7731,0.8889,0.8889,1.0698,0.4022,133.0294,68.8392,54.8345,88.3831,39.4575,28.5065,24.2649,40.4046,37.4354,0.7358,0.586,0.2319
LYC-92,3,155.4285944,1682.634628,44.958,45.212,44.53466667,46.228,46.6732874,1.0225,0.9906,1.0401,0.7156,0.6064,1.1801,0.0262,0.027,0.5338,0.0193,206.5,186.1,0.0288,167,149,0,0,0,0.1386,0.0556,0,0.1031,0.478,0.7706,0.8898,0.8879,0.9906,0.4041,130.7138,99.6442,64.9307,92.2161,47.6121,8.5175,29.0138,73.6394,30.2382,0.8969,0.5582,0.25
LYC-93,3,268.3734282,4639.754161,80.94133333,81.36466667,61.468,69.93466667,72.5843354,0.8595,0.7594,0.8968,0.7406,0.6831,1.0842,0.0389,0.0605,0.5588,0.0624,243.8,217.1,0.0958,198.1,167.2,0.0522,0.0126,0,0.1445,0.0735,0,0.1505,0.4661,0.703,0.8909,0.8869,0.7592,0.4623,140.7133,75.434,60.0145,94.4453,42.5331,28.3165,25.5014,42.0057,38.107,1.1563,0.6377,0.1939
LYC-94,3,246.5819385,3699.075039,78.994,79.92533333,48.26,58.166,60.2481396,0.7278,0.6109,0.759,0.8189,0.5906,1.3866,0.0629,0.1332,0.5595,0.1376,253.3,270.3,0.3123,168.1,155.8,0,0,0,0.2358,0.0554,0,0.3373,0.4076,0.6647,0.8906,0.8889,0.6129,0.4836,143.895,118.5391,75.4971,103.2597,54.8558,3.5292,32.618,83.8248,32.8084,1.0675,0.7182,0.151
LYC-95,3,188.5384173,2369.342932,56.642,57.23466667,46.56666667,51.054,53.05781447,0.892,0.8221,0.9454,0.7818,0.6263,1.2482,0.0402,0.052,0.535,0.063,254.5,211,0.103,172.1,160.6,0,0,0,0.1916,0.0766,0,0.1988,0.4295,0.7309,0.8907,0.8889,0.824,0.4417,136.3801,79.0566,61.2979,92.9968,42.6486,24.2263,24.5532,45.3839,34.493,0.7956,0.5585,0.2517
LYC-96,3,189.3029149,2309.973875,60.28266667,60.79066667,40.55533333,46.99,47.348902,0.773,0.6728,0.7854,0.7907,0.6531,1.2108,0.0499,0.1086,0.5541,0.0857,224.1,238.8,0.212,187.1,174.8,0.0353,0.0315,0,0.1591,0.143,0,0.1751,0.4613,0.6895,0.8904,0.8863,0.6725,0.4712,139.7233,71.7159,61.0959,94.4368,41.4398,30.1289,22.8038,37.1211,37.7858,1.0884,0.6518,0.1911
LYC-97,3,193.4675667,2531.973431,50.8,50.96933333,56.72666667,59.944,60.09582427,1.1761,1.1167,1.183,0.74,0.6767,1.0936,0.0332,0.062,0.5672,0.0389,231.3,178.4,0.0746,172.4,149.9,0,0,0,0.1062,0.057,0,0.0856,0.4972,0.7581,0.8904,0.8889,1.1167,0.4279,151.657,76.1083,63.7894,101.3481,44.5095,33.0677,25.9734,38.1483,42.0487,1.5059,0.5586,0.2523
LYC-98,3,197.757542,2621.944577,57.658,58.166,50.292,54.864,55.22252947,0.9432,0.8722,0.962,0.8179,0.6256,1.3075,0.0466,0.0472,0.5613,0.0664,237.6,210.6,0.1694,177,163,0,0,0,0.2075,0.0568,0,0.2382,0.4275,0.7326,0.8876,0.8876,0.8713,0.4463,149.1703,73.9419,58.8329,97.8728,43.4441,32.8385,27.6719,40.1197,42.943,3.2122,0.5587,0.2521
LYC-99,3,199.2184569,2692.818987,60.28266667,60.62133333,50.37666667,54.27133333,55.60652667,0.8953,0.8357,0.9211,0.7374,0.6657,1.1076,0.0326,0.0508,0.5579,0.0257,223.5,205.4,0.0366,183.6,163.7,0.0432,0.0319,0,0.1499,0.0785,0,0.0868,0.4399,0.7406,0.8893,0.886,0.8345,0.4371,141.3103,65.9079,58.5691,93.8932,40.2908,34.2326,22.9044,33.7858,41.1884,2.0661,0.7528,0.131
LYC-100,3,160.8182035,1776.498239,45.55066667,46.31266667,44.61933333,47.244,48.7744262,1.0201,0.9796,1.0748,0.7825,0.6041,1.2954,0.0364,0.0454,0.5119,0.0377,265.7,188.8,0.0643,159.4,140.5,0,0,0,0.195,0.1172,0,0.1662,0.4158,0.754,0.8898,0.8861,0.9767,0.4276,143.5543,76.4191,60.0975,95.7946,43.1532,28.952,26.1887,42.1311,39.0393,0.8452,0.5582,0.2505
LYC-101,3,195.8077195,2622.166799,51.308,51.73133333,61.38333333,62.484,63.63460307,1.2079,1.1964,1.2467,0.6832,0.6634,1.0299,0.026,0.0744,0.4916,0.0285,220.6,160,0.0392,172.4,144.4,0,0,0,0.0876,0.1302,0,0.1699,0.5203,0.7843,0.8892,0.8865,1.1942,0.3993,138.9903,76.4115,60.7482,93.9748,42.5973,26.8832,24.934,42.8457,36.6662,0.8624,0.5596,0.25
LYC-102,3,196.716015,2610.066464,61.214,61.468,47.32866667,51.73133333,54.1302448,0.8416,0.7732,0.8855,0.7663,0.6625,1.1566,0.035,0.0688,0.5653,0.0336,235.2,213,0.0467,175,160.3,0.0017,0.0029,0,0.163,0.062,0,0.1488,0.4484,0.7311,0.8902,0.8867,0.7743,0.4459,131.2608,69.6857,56.8475,88.477,39.5371,27.3754,23.0217,40.0627,35.7688,1.5632,0.5899,0.2303
LYC-103,3,227.3746447,3213.491781,59.77466667,61.63733333,59.85933333,69.93466667,70.51671613,1.1346,1.0014,1.18,0.7819,0.4759,1.6429,0.0635,0.0749,0.4937,0.0945,293.9,246.5,0.2043,141.1,113.8,0,0,0,0.2582,0.1833,0,0.4309,0.3596,0.6836,0.8896,0.8854,1,0.4427,123.9929,64.1245,48.2906,81.0649,36.7336,26.7266,24.6525,42.6883,36.3601,.,.,.
LYC-104,3,211.0668033,2891.14834,69.17266667,69.25733333,45.12733333,50.96933333,51.62399293,0.7359,0.6524,0.7548,0.7075,0.7491,0.9444,0.0485,0.1153,0.5817,0.0851,253.2,219.3,0.1962,176.4,166.550,0.0048,0.0876,0.1321,0,0.1033,0.1151,0,0.5066,0.7055,0.8889,0.8852,0.6503,0.4617,102.6402,104.6375,70.1473,82.9075,45.8906,-8.105,22.4111,109.8827,23.8316,.,.,.
LYC-105,3,142.4304069,1417.653079,40.97866667,41.402,40.132,41.91,42.50482567,1.0123,0.9793,1.0372,0.7521,0.6364,1.1818,0.0285,0.0336,0.531,0.0243,213.9,162.900,0.0597,171.7,144.1,0,0,0,0.1722,0.0813,0,0.1105,0.4242,0.7652,0.8894,0.8873,0.9793,0.4205,133.4491,72.9402,54.9074,88.6261,40.561,26.1879,25.9114,44.696,36.8403,0.7376,0.557,0.2518
LYC-106,3,250.0848186,3597.096748,80.09466667,80.60266667,41.99466667,54.61,58.62709467,0.6775,0.5243,0.7418,0.8129,0.7019,1.1581,0.0756,0.1643,0.5809,0.1758,304.9,272.8,0.2978,189.1,173.2,0.0044,0.0119,0,0.179,0.1157,0,0.2421,0.4341,0.6149,0.8899,0.8879,0.5238,0.5314,142.7487,72.0709,56.9594,93.9343,42.0247,30.9061,26.7898,40.9191,40.9009,0.8857,0.7186,0.1517
LYC-107,3,231.5532157,3573.813641,70.612,70.78133333,58.58933333,61.89133333,62.5470428,0.8744,0.8297,0.8919,0.6978,0.7242,0.9636,0.0378,0.0622,0.5631,0.0439,241.3,204.6,0.0441,172.9,165.4,0,0,0.1154,0,0.1289,0.1212,0,0.4952,0.7562,0.8889,0.8875,0.8288,0.4208,129.2608,65.6951,53.2144,85.8287,38.193,28.5728,23.462,39.3905,36.9712,0.861,0.6685,0.1803
LYC-108,3,.,.,.,.,.,.,.,.,.,.,.,.,.,.,.,.,.,.,.,.,.,.,.,.,.,.,.,.,.,.,.,.,.,.,.,.,.,.,.,.,.,.,.,.,2.5101,0.6372,0.2006
LYC-109,3,116.9171144,954.0984502,34.036,34.20533333,33.274,34.20533333,34.4936318,1,0.9776,1.016,0.6816,0.6542,1.0418,0.0186,0.0194,0.5423,0.0273,205.6,168.6,0.0441,171.4,160.7,0,0,0,0.0999,0.019,0,0.0188,0.4926,0.7742,0.8889,0.8839,0.975,0.4109,114.5522,59.8102,43.045,74.1336,33.9956,24.6882,24.192,44.4183,34.5653,0.8749,0.5565,0.2531
LYC-110,3,184.7854911,2356.991702,54.18666667,54.27133333,52.15466667,54.01733333,54.1006792,0.9953,0.9625,0.9924,0.6625,0.6672,0.993,0.0231,0.0256,0.5265,0.0394,230.5,176.9,0.107,175.8,161.9,0,0,0.1221,0,0.0898,0.0927,0,0.5157,0.7724,0.8897,0.8881,0.9609,0.3983,116.895,67.3405,54.3319,80.5044,36.5678,21.7853,19.8166,42.2907,29.4499,1.2058,0.6508,0.1922
LYC-111,3,190.5874437,2411.206647,56.21866667,56.98066667,47.752,53.086,53.66258847,0.9316,0.8494,0.9574,0.75,0.6295,1.1914,0.0434,0.0507,0.525,0.0602,255.4,209.3,0.0719,173.800,154.5,0.0018,0.0036,0,0.1762,0.1255,0,0.2162,0.4195,0.7188,0.8929,0.8876,0.8491,0.4431,133.5908,75.2234,61.5457,91.7881,41.2897,25.4024,22.1754,41.1198,33.7199,1.3171,0.6041,0.2211
LYC-112,3,166.247445,1875.007003,49.53,50.038,42.418,46.05866667,46.98816273,0.9205,0.8564,0.9487,0.7846,0.6034,1.3003,0.0361,0.0407,0.55,0.0616,238.6,199.8,0.0866,174.3,157.8,0,0,0,0.2103,0.0445,0,0.1784,0.4173,0.7366,0.8889,0.8869,0.8584,0.4403,127.8083,69.5153,53.4515,85.2457,38.7571,25.5604,23.995,43.1907,35.0584,0.6376,0.6188,0.2115
LYC-113,3,149.5600345,1548.319484,44.704,45.29666667,40.30133333,42.672,43.591353,0.9421,0.9015,0.9788,0.7311,0.5947,1.2293,0.0272,0.0286,0.5293,0.0328,242.5,189.7,0.0583,170.8,153.5,0,0,0,0.1719,0.0443,0,0.1166,0.4365,0.7555,0.8879,0.8879,0.9005,0.4169,132.8362,82.1765,52.1705,87.082,42.8254,19.6159,30.7847,57.4949,36.5032,0.8417,0.5583,0.25
LYC-114,3,.,.,.,.,.,.,.,.,.,.,.,.,.,.,.,.,.,.,.,.,.,.,.,.,.,.,.,.,.,.,.,.,.,.,.,.,.,.,.,.,.,.,.,.,.,.,.
LYC-115,3,106.312208,788.6794262,32.08866667,32.17333333,28.448,29.972,30.30203913,0.9316,0.8865,0.9468,0.723,0.6359,1.1369,0.0234,0.0317,0.548,0.0368,226.2,187,0.059,171.3,159.1,0.0024,0.0068,0,0.1025,0.0278,0,0.0464,0.5141,0.7592,0.8904,0.8874,0.8874,0.4222,120.9085,67.0243,53.7431,82.1243,37.0319,23.9754,20.9627,41.1646,31.8474,0.5724,0.5563,0.2539
LYC-116,3,156.4190674,1632.692075,49.36066667,49.53,36.49133333,40.894,41.6637724,0.8256,0.7393,0.8455,0.7461,0.6244,1.1951,0.0378,0.0781,0.5498,0.0746,256.8,221.5,0.1339,172.3,163.7,0,0,0,0.1564,0.0525,0,0.1265,0.4576,0.7137,0.8889,0.8889,0.7414,0.4496,140.3581,95.8195,59.9231,94.2497,47.634,15.0862,32.6572,65.2052,35.9734,1.895,0.636,0.1992
LYC-117,3,141.6744267,1367.294756,35.13666667,35.39066667,47.66733333,48.006,48.56268333,1.3565,1.3566,1.3854,0.6145,0.6892,0.8916,0.0338,0.1019,0.4975,0.0079,175.7,131.3,0.0139,166,140.1,0,0,0.1773,0,0.0815,0.088,0,0.5732,0.7915,0.8889,0.8854,1.3576,0.3912,122.1323,68.1994,53.4463,82.5953,37.6089,23.7474,22.1298,42.9806,32.4602,0.592,0.5406,0.2622
LYC-118,3,82.5673736,481.1244858,24.55333333,24.638,24.21466667,24.55333333,24.84469673,0.9966,0.9862,1.0064,0.6724,0.6138,1.0955,0.0236,0.0226,0.5201,0.0349,215.5,184.4,0.1451,160.4,142,0,0,0,0.1256,0.0392,0,0.0393,0.469,0.7889,0.8906,0.8872,0.9828,0.381,108.383,70.0212,39.2067,69.4528,35.7253,14.3347,28.8474,63.5766,32.2127,1.3409,0.5555,0.2515
LYC-119,3,109.5245545,840.9803969,32.42733333,32.766,30.56466667,31.91933333,32.75495947,0.9742,0.9426,1.0101,0.7311,0.5927,1.2335,0.0251,0.0264,0.5127,0.0318,219,188.1,0.0574,158,147.8,0,0,0,0.1845,0.0318,0,0.0952,0.4244,0.766,0.8889,0.8889,0.9474,0.4139,122.9516,63.5033,48.0859,80.4377,36.3915,26.6364,24.0946,42.1316,35.9172,1.6133,0.6328,0.2026
LYC-120,3,119.4110473,990.1413889,35.39066667,35.39066667,32.17333333,34.544,35.14434593,0.9761,0.9091,0.9954,0.7273,0.622,1.1692,0.0288,0.0286,0.5382,0.0405,235.9,192.3,0.05,176.1,156.8,0,0,0,0.1345,0.0326,0,0.0836,0.4706,0.7469,0.8915,0.8889,0.9102,0.4227,135.8993,112.8819,63.4596,93.8194,52.0324,2.0416,36.3101,86.7818,36.3675,0.9389,0.5563,0.252
LYC-121,3,115.2818878,926.1415169,31.32666667,31.496,34.798,36.23733333,36.62305773,1.1505,1.1108,1.1722,0.7297,0.6108,1.1947,0.0287,0.056,0.5157,0.0257,222.6,174.9,0.0474,163.2,142.2,0,0,0,0.1561,0.0555,0,0.0801,0.4556,0.7681,0.8889,0.8889,1.1081,0.4098,118.0358,67.8985,50.5535,79.3034,36.6999,21.7138,22.6467,46.2047,31.3746,0.5551,0.556,0.2514
LYC-123,3,184.7068442,2376.332165,54.864,54.864,50.96933333,53.34,53.51897687,0.9722,0.929,0.9741,0.7052,0.6404,1.1012,0.0205,0.0209,0.5388,0.0326,209.1,174.4,0.084,167.5,158.9,0,0,0,0.1238,0.0319,0,0.085,0.4778,0.7631,0.8889,0.8872,0.9266,0.4109,131.6244,86.9183,58.7687,89.5993,43.9558,16.6923,28.0572,59.2499,32.6472,0.6438,0.6351,0.2016
LYC-124,3,157.9345584,1745.738444,43.18,43.18,49.86866667,50.71533333,50.99548687,1.1745,1.1549,1.1833,0.602,0.651,0.9247,0.0177,0.0564,0.5119,0.0142,196.8,142.1,0.0187,163,149.1,0,0,0.1279,0,0.0309,0.0401,0,0.5109,0.786,0.8902,0.8868,1.152,0.3816,107.4529,61.7556,44.6566,71.5425,33.3676,20.1353,21.7024,47.1452,29.6044,0.9244,0.558,0.251
LYC-125,3,.,.,.,.,.,.,.,.,.,.,.,.,.,.,.,.,.,.,.,.,.,.,.,.,.,.,.,.,.,.,.,.,.,.,.,.,.,.,.,.,.,.,.,.,1.2709,0.6363,0.2013
LYC-126,3,96.8260192,655.8266453,26.83933333,26.83933333,29.54866667,30.734,31.575756,1.1451,1.1009,1.1802,0.7098,0.53,1.3393,0.0262,0.046,0.5097,0.0234,216.9,177.5,0.031,143.7,126.9,0,0,0,0.1569,0.0206,0,0.09,0.4518,0.768,0.891,0.8854,1.1032,0.3986,132.5539,81.135,53.083,87.3581,42.5015,20.1976,29.596,55.6887,35.8311,0.8997,0.5556,0.2507
LYC-127,3,110.9032919,848.0198093,30.14133333,30.56466667,34.20533333,35.47533333,35.650043,1.1607,1.1348,1.1568,0.7051,0.5618,1.255,0.03,0.0531,0.4995,0.0324,221.7,174.2,0.0631,138.3,138.3,0,0,0,0.1534,0.0472,0,0.0967,0.463,0.7703,0.8895,0.8871,1.1338,0.3929,116.9157,79.5413,48.9127,78.0352,39.7489,13.2032,27.9969,64.7517,30.954,1.1947,0.5849,0.234
LYC-128,3,133.0008601,1194.614098,39.70866667,39.96266667,33.86666667,36.576,38.23257107,0.9153,0.8529,0.9649,0.7804,0.6183,1.2621,0.0358,0.0419,0.5536,0.0568,253.2,204.5,0.0835,172.8,160.4,0,0,0,0.2093,0.0265,0,0.1334,0.419,0.7425,0.8939,0.8889,0.8556,0.436,125.3988,71.8004,56.5345,85.6062,39.0714,23.4274,22.3946,43.7088,32.4093,0.8681,0.6338,0.2018
LYC-129,3,199.8872812,2672.052004,54.102,54.356,56.896,60.452,61.3143554,1.1121,1.0516,1.1318,0.7793,0.5869,1.328,0.0377,0.0566,0.5374,0.0462,241.1,194.2,0.0894,163.7,146.3,0,0,0,0.2205,0.0592,0,0.2209,0.409,0.7518,0.8889,0.8874,1.051,0.424,140.4042,74.1493,57.8852,93.2976,42.1211,28.718,26.2668,42.4475,38.9187,1.3282,0.529,0.2697
LYC-130,3,201.3907326,2740.446132,62.90733333,63.246,48.93733333,53.42466667,54.3602672,0.8447,0.7779,0.8695,0.7429,0.6528,1.1381,0.034,0.0667,0.5535,0.0509,240,201.8,0.0646,185.1,162.3,0,0,0,0.169,0.0851,0,0.1381,0.4279,0.7333,0.8902,0.8885,0.7804,0.4381,127.6818,117.728,77.6536,96.7184,52.8363,-3.3657,27.8958,96.8797,28.0981,.,.,.
LYC-131,3,278.6334703,3933.40432,45.55066667,47.41333333,101.6,105.918,106.9435927,2.2339,2.2305,2.3478,0.9424,0.3773,2.4975,0.0651,0.2448,0.5175,0.0312,222.9,155.5,0.079,53.2,55.3,0.0009,0.342,0,0.417,0.0915,0,0.9132,0.2742,0.768,0.8897,0.8939,2.2326,0.4091,148.1694,80.6166,66.9773,101.2311,45.0954,29.0458,24.4365,40.0742,37.9579,1.6337,0.5586,0.25
LYC-132,3,123.8759439,1048.664569,35.22133333,35.56,37.93066667,40.64,40.74727267,1.1429,1.0769,1.1653,0.6659,0.3029,2.1984,0.0238,0.0351,0.4403,0.0116,197.1,172.8,0.0616,88.1,118.8,0.0012,0.1029,0,0.2239,0.0889,0,0.1911,0.4229,0.7474,0.8905,0.8861,1.0783,0.3619,134.7536,69.5761,53.6363,88.6299,39.9496,28.6881,25.9442,42.1247,38.6796,2.284,0.5855,0.2302
LYC-133,3,132.3745892,1211.674996,38.1,38.52333333,36.15266667,38.354,38.86476013,0.9956,0.9489,1.0201,0.7311,0.6911,1.0579,0.0332,0.0332,0.5617,0.0353,220.1,187.2,0.0582,168.2,163.3,0,0,0,0.1523,0.0717,0,0.0483,0.4415,0.7522,0.8901,0.8854,0.9444,0.4313,128.9771,64.7051,51.9355,85.0721,37.792,28.9586,23.6049,39.1843,37.3603,1.6676,0.5721,0.2418
LYC-134,3,.,.,.,.,.,.,.,.,.,.,.,.,.,.,.,.,.,.,.,.,.,.,.,.,.,.,.,.,.,.,.,.,.,.,.,.,.,.,.,.,.,.,.,.,.,.,.
LYC-135,3,.,.,.,.,.,.,.,.,.,.,.,.,.,.,.,.,.,.,.,.,.,.,.,.,.,.,.,.,.,.,.,.,.,.,.,.,.,.,.,.,.,.,.,.,.,.,.
LYC-136,3,214.1318213,2423.808772,35.306,40.80933333,71.28933333,79.58666667,81.17643573,1.9502,2.0192,2.317,0.8849,0.5947,1.4879,0.0682,0.2317,0.4905,0.039,246.6,152.3,0.1165,81.2,87.1,0.0029,0.2173,0,-0.001,0.3313,0,0.4682,0.6617,0.7157,0.866,0.9081,2.0241,0.4818,139.0427,76.9474,61.4719,94.3419,42.5985,26.7649,24.2515,42.1795,36.1178,.,.,.
LYC-137,3,122.2096023,1027.101888,37.16866667,37.338,32.258,35.052,35.58436707,0.9388,0.8679,0.9617,0.6606,0.6105,1.0821,0.0215,0.0459,0.4767,0.0362,227.6,191.6,0.0669,162.7,154.1,0,0,0,0.1337,0.1255,0,0.1182,0.4589,0.7361,0.8915,0.8889,0.8686,0.4168,156.0866,89.2126,56.7306,100.1551,48.1237,26.4014,35.9736,53.7247,44.6222,1.2697,0.8045,0.102
LYC-138,3,.,.,.,.,.,.,.,.,.,.,.,.,.,.,.,.,.,.,.,.,.,.,.,.,.,.,.,.,.,.,.,.,.,.,.,.,.,.,.,.,.,.,.,.,3.9139,0.7179,0.1458
LYC-139,3,127.3682492,1098.972712,32.512,33.44333333,41.148,42.24866667,42.88634213,1.2633,1.2656,1.3365,0.7188,0.5495,1.3081,0.0396,0.0829,0.4792,0.0192,193.9,160,0.0532,131.9,117.8,0,0,0,0.225,0.1057,0,0.1927,0.3828,0.7791,0.892,0.8879,1.268,0.3918,130.8785,67.3957,49.7899,85.0045,38.7466,27.8788,26.5344,43.5847,38.4877,1.088,0.5688,0.244
LYC-140,3,123.7676383,1064.886759,33.18933333,33.61266667,38.608,39.28533333,39.7609568,1.1688,1.1633,1.2011,0.6709,0.6352,1.0562,0.0213,0.0591,0.4956,0.0194,190.5,155.8,0.0137,168.4,151.2,0,0,0,0.0665,0.0613,0,0.0816,0.5582,0.7862,0.8922,0.8878,1.1667,0.3996,132.6872,104.8818,59.2093,90.3039,49.2732,5.2449,35.0471,81.4888,35.4374,0.6474,0.5994,0.2229
LYC-141,3,.,.,.,.,.,.,.,.,.,.,.,.,.,.,.,.,.,.,.,.,.,.,.,.,.,.,.,.,.,.,.,.,.,.,.,.,.,.,.,.,.,.,.,.,.,.,.
LYC-142,3,176.5101626,2076.253912,53.93266667,54.102,41.82533333,47.07466667,48.37504507,0.8701,0.7755,0.8984,0.7849,0.6436,1.2195,0.0408,0.0669,0.5595,0.0738,238,222.2,0.1428,174.4,159.8,0,0,0,0.1476,0.0875,0,0.1605,0.473,0.7099,0.8894,0.8874,0.7756,0.4573,139.4979,81.3487,61.9143,94.7794,43.7878,24.1867,25.597,46.6226,35.2165,2.1681,0.6657,0.179
LYC-143,3,98.3805246,645.8768444,24.21466667,24.638,32.258,32.258,33.81254773,1.3093,1.3322,1.4012,0.6713,0.6923,0.9697,0.0361,0.1033,0.5105,0.0238,193.4,151.2,0.0214,167.3,148.6,0,0,0.1847,0,0.0477,0.0783,0,0.5748,0.8,0.8889,0.8889,1.3333,0.3958,124.3802,63.1197,51.8714,82.8837,36.5991,27.8723,21.7823,38.0077,35.3742,1.0285,0.5535,0.2529
LYC-144,3,81.48123573,472.4650049,24.384,24.46866667,23.70666667,24.21466667,25.17394847,0.9896,0.9722,1.036,0.7014,0.5729,1.2242,0.016,0.0163,0.5159,0.0087,171.5,168.4,0.0162,171.8,140.4,0,0,0,0.1457,0.0173,0,0.0429,0.458,0.786,0.8924,0.8889,0.9739,0.3861,111.6822,56.8292,45.5116,73.8993,32.8395,25.4796,20.3994,38.6814,32.6396,1.552,0.555,0.2531
LYC-145,3,176.9671086,1875.193382,38.77733333,40.64,58.84333333,64.68533333,66.00587087,1.5917,1.5175,1.7059,0.8319,0.2511,3.313,0.0521,0.1503,0.397,0.0151,355.2,163.9,0.0123,77.7,72.3,0.0012,0.3055,0,0.3304,0.2265,0,0.5898,0.3757,0.7261,0.8921,0.8656,1.5137,0.3912,131.7467,76.3372,46.0237,83.6548,40.9983,22.4059,32.3607,55.3021,39.3604,2.2125,0.5571,0.2511
LYC-146,3,191.6395456,2480.460989,57.57333333,57.912,48.68333333,53.50933333,54.0341566,0.924,0.8456,0.9399,0.7206,0.6147,1.1722,0.0305,0.0389,0.5374,0.0658,247,199.9,0.0864,169.4,155.1,0,0,0,0.1561,0.0476,0,0.1532,0.443,0.7258,0.8893,0.8859,0.8419,0.4345,136.7925,62.4403,49.0605,87.4255,38.5564,33.5076,27.19,39.0579,43.1515,1.0229,0.5923,0.2315
LYC-147,3,179.866925,2066.504828,58.25066667,59.85933333,38.43866667,44.958,47.2375738,0.7511,0.6599,0.8055,0.7369,0.5436,1.3556,0.0496,0.107,0.4993,0.0879,274.3,229.4,0.1299,168.9,149.4,0,0,0,0.22,0.1039,0,0.2296,0.3861,0.683,0.8894,0.8873,0.6582,0.4576,159.186,74.7785,58.4218,102.3928,45.4608,36.4572,31.2255,40.5799,48.0017,.,.,.
LYC-148,3,217.8342947,3167.427357,60.198,61.80666667,61.55266667,67.31,66.7714184,1.089,1.0225,1.1139,0.7384,0.5105,1.4463,0.0462,0.0573,0.4727,0.0561,246.5,207.9,0.101,145,126,0,0,0,0.1975,0.1955,0,0.3384,0.4,0.7305,0.9006,0.8869,1.0211,0.4144,158.969,93.5971,56.7578,101.5182,49.6807,25.022,38.0991,56.7046,45.5811,1.6035,0.7523,0.1323
LYC-149,3,182.2155868,2113.020864,42.58733333,42.75666667,68.49533333,69.68066667,70.395592,1.6297,1.6083,1.6562,0.5129,0.3658,1.4022,0.0394,0.144,0.397,0,144,98.8,0,85.4,100.8,0.0007,0.0826,0,0.1318,0.0859,0,0.162,0.4775,0.7859,0.891,0.8886,1.615,0.3115,133.6952,115.4813,70.8005,96.2332,52.715,0.0149,32.2912,89.9736,32.2912,0.7003,0.5869,0.233
LYC-150,3,91.47043767,586.7945253,25.908,25.99266667,28.27866667,28.53266667,29.47467647,1.0977,1.0915,1.112,0.6503,0.6176,1.0529,0.0188,0.0322,0.5219,0.0184,336.8,163.1,0.037,160.9,142.2,0,0,0,0.1218,0.0231,0,0.0343,0.4748,0.7917,0.8896,0.8867,1.0902,0.3773,116.6395,63.4644,49.3588,78.0216,35.4458,23.7663,21.5952,42.2598,32.1122,0.8394,0.6303,0.2045
LYC-151,3,95.49334893,647.3678809,28.27866667,28.36333333,27.26266667,27.85533333,29.85344127,0.9821,0.9641,1.0557,0.7126,0.6377,1.1174,0.0184,0.0182,0.5402,0.0015,190.1,174.850,0.002,173.6,154.7,0,0,0,0.1227,0.0179,0,0.0359,0.4742,0.7805,0.8889,0.8858,0.9624,0.4078,134.8069,119.9089,69.0855,95.9795,54.2013,-2.5028,35.4727,94.0358,35.5608,1.0441,0.5567,0.2525
LYC-152,3,105.1999335,697.224412,21.50533333,21.844,38.26933333,38.43866667,39.38838113,1.7597,1.7795,1.8315,0.7402,0.7008,1.0562,0.0523,0.1854,0.5155,0.0178,173.4,129.2,0.0224,147.8,117.2,0,0,0.1484,0,0.0706,0.1246,0,0.5463,0.7947,0.8889,0.8889,1.7822,0.4128,122.2594,60.2322,48.9417,80.4503,35.4286,28.4917,22.167,37.8835,36.0992,0.749,0.5831,0.2331
