Accession Accession,Rep,Perimeter,Area,Width.Mid.height,Maximum.Width,Height.Mid.width,Maximum.Height,Curved.Height,Fruit.Shape.Index.External.I,Fruit.Shape.Index.External.II,Curved.Fruit.Shape.Index,Proximal.Fruit.Blockiness,Distal.Fruit.Blockiness,Fruit.Shape.Triangle,Ellipsoid,Circular,Rectangular,Shoulder.Height,Proximal.Angle.Micro,Proximal.Angle.Macro,Proximal.Indentation.Area,Distal.Angle.Micro,Distal.Angle.Macro,Distal.Indentation.Area,Distal.End.Protrusion,Obovoid,Ovoid,V..Asymmetry,H..Asymmetry.ob,H..Asymmetry.ov,Width.Widest.Pos,Eccentricity,Proximal.Eccentricity,Distal.Eccentricity,Fruit.Shape.Index.Internal,Eccentricity.Area.Index,Average.Red,Average.Green,Average.Blue,Average.Luminosity,Average.L.Value,Average.a.Value,Average.b.Value,Average.Hue,Average.Chroma,Lobedness.Degree,Pericarp.Area,Pericarp.Thickness
LYC-1 LYC-1,1,206.6371449,2848.101831,61.976,62.14533333,54.356,58.58933333,58.9805018,0.9428,0.877,0.9732,0.709,0.571,1.2416,0.0343,0.0393,0.5227,0.0386,206.9,214.4,0.0945,170.3,142.2,0,0,0,0.1374,0.1207,0,0.1739,0.4769,0.741,0.8889,0.8873,0.8767,0.4089,114.6747,55.1113,41.3636,73.3832,32.8059,27.5204,23.912,40.9868,36.4576,3.3706,0.6374,0.1998
LYC-2 LYC-2,1,296.0710275,5235.494905,93.218,93.472,56.642,71.12,73.99450953,0.7609,0.6076,0.7947,0.7484,0.6776,1.1046,0.0664,0.1353,0.5313,0.0952,277.3,265.9,0.1076,173.3,167.4,0,0,0,0.1086,0.3256,0,0.3379,0.4905,0.6365,0.89,0.887,0.6068,0.4947,134.7066,59.004,42.8028,83.5199,37.5053,33.9309,30.3378,41.8001,45.5159,1.1655,0.7539,0.1304
LYC-3 LYC-3,1,311.1813267,6536.015602,86.69866667,86.95266667,87.376,93.30266667,95.49733673,1.073,1.0078,1.1307,0.7861,0.5645,1.3927,0.0431,0.0553,0.5193,0.0527,236.8,206.4,0.1314,160.9,124.2,0,0,0,0.176,0.2121,0,0.3792,0.471,0.7484,0.8889,0.887,1.0073,0.4194,131.8183,54.5466,38.6354,80.2209,35.9153,34.9767,30.8596,41.4217,46.6443,2.036,0.7576,0.1509
LYC-4 LYC-4,1,291.4056741,5601.945785,96.012,96.43533333,67.73333333,70.78133333,70.68630347,0.734,0.7055,0.7391,0.7416,0.6852,1.0824,0.0416,0.1133,0.567,0.0315,170.8,197.3,0.2195,174.6,167,0,0,0,0.1328,0.1614,0,0.1394,0.4605,0.7665,0.8889,0.8889,0.7064,0.4172,156.4794,74.4234,54.1366,99.1101,44.6563,35.3396,32.9737,43.0165,48.3337,2.1772,0.7191,0.1466
LYC-5 LYC-5,1,345.3447161,6162.01635,106.172,107.6113333,53.848,72.81333333,76.0425708,0.6766,0.5072,0.7227,0.7432,0.7249,1.0253,0.0751,0.1763,0.5802,0.1833,298.3,272.6,0.4009,177.1,169.5,0,0,0.1117,0,0.3285,0.312,0,0.4872,0.5914,0.8897,0.8881,0.507,0.5349,129.7563,50.6729,36.4972,78.2328,34.6335,36.2651,30.6144,40.1705,47.4594,3.0946,0.7712,0.1204
LYC-6 LYC-6,1,335.5480547,7233.175498,101.5153333,102.7006667,85.344,90.76266667,91.894533,0.8838,0.8407,0.9165,0.6255,0.613,1.0204,0.0312,0.0549,0.4775,0.0637,260.7,203.9,0.1124,161.5,148.8,0,0,0.1523,0,0.2376,0.2582,0,0.5616,0.7526,0.8916,0.8877,0.8413,0.399,147.244,69.0191,49.5965,92.6286,42.0147,34.0293,32.2516,43.4637,46.8845,2.3845,0.6369,0.1999
LYC-7 LYC-7,1,268.9125432,4855.502834,86.02133333,86.52933333,65.87066667,71.628,71.14508673,0.8278,0.7657,0.8287,0.7451,0.5413,1.3764,0.0384,0.0748,0.5178,0.0627,225.7,215.7,0.1496,164.1,142.3,0,0,0,0.1922,0.1,0,0.3102,0.4468,0.7361,0.8911,0.8886,0.766,0.4144,182.9478,134.8629,61.4681,115.0196,63.7951,10.7374,54.6435,78.883,55.6885,1.4688,0.6759,0.1902
LYC-8 LYC-8,1,372.9962483,8807.49493,104.902,105.8333333,88.73066667,105.2406667,102.8898459,0.9944,0.8458,0.9816,0.7264,0.6933,1.0477,0.0534,0.056,0.5591,0.0935,236.7,256.1,0.2877,165,144.166,0.057,0.046,0.085,0,0.2826,0.3417,0,0.4505,0.6747,0.8868,0.8896,0.8465,0.4697,132.1756,56.66,41.8917,81.8946,36.4226,34.2051,29.3992,40.679,45.1032,3.754,0.669,0.1779
LYC-9 LYC-9,1,303.200054,5417.817121,90.33933333,91.27066667,59.52066667,76.53866667,78.30475407,0.8386,0.6589,0.8684,0.3411,0.6935,0.4919,0.0678,0.1085,0.5389,0.1072,280.7,260.2,0.2313,144.166,170.2,0.0016,0.0029,0.141,0,0.434,0.3261,0,0.5277,0.6202,0.8889,0.8861,0.6573,0.5042,174.8479,168.7743,89.4968,124.7827,72.9855,-11.5826,50.184,102.9965,51.5033,1.9689,0.7884,0.1118
LYC-10 LYC-10,1,345.9043797,6837.570554,107.7806667,108.712,59.01266667,77.89333333,80.11547773,0.7165,0.5475,0.7481,0.8445,0.6504,1.2983,0.0687,0.153,0.5704,0.1604,284.6,262.3,0.3165,185.866,172.5,0.0201,0.0196,0,0.21,0.2676,0,0.4163,0.425,0.605,0.891,0.8854,0.5472,0.5349,149.8522,59.8006,43.6512,91.0577,40.3584,40.0055,34.2553,40.5723,52.6675,1.5195,0.8064,0.1
LYC-11 LYC-11,1,140.5868241,1298.499195,44.78866667,45.466,32.512,35.22133333,37.2200678,0.7747,0.7259,0.8364,0.8091,0.5822,1.3896,0.0408,0.0893,0.5366,0.0553,213.1,213.2,0.0911,177.7,155.5,0,0,0,0.2569,0.039,0,0.1575,0.3678,0.7373,0.8895,0.887,0.7251,0.4401,120.2474,60.7892,40.4723,75.6282,35.1028,26.4188,27.9395,46.6024,38.4521,0.6909,0.603,0.2221
LYC-12 LYC-12,1,142.4239637,1385.151352,39.79333333,40.21666667,40.80933333,43.34933333,44.8486022,1.0779,1.0255,1.1189,0.7255,0.5489,1.3217,0.0365,0.0432,0.519,0.0294,225.9,192.5,0.0366,152.3,129.9,0,0,0,0.2288,0.0394,0,0.1678,0.3535,0.7515,0.8868,0.8868,1.0213,0.4131,125.2591,76.7547,56.9654,85.74,40.0748,20.1348,23.7004,49.6503,31.0986,0.9531,0.5861,0.233
LYC-13 LYC-13,1,205.3314749,2626.102275,52.578,52.578,56.98066667,60.452,61.94885587,1.1498,1.0837,1.183,0.752,0.6473,1.1617,0.0383,0.0606,0.5585,0.0371,230.6,176.8,0.0556,161.5,145.7,0,0,0,0.1187,0.0466,0,0.1194,0.5014,0.7518,0.8889,0.886,1.0806,0.43,131.2577,69.9644,50.9589,85.7353,39.4054,26.5985,27.26,45.7036,38.0866,1.3076,0.4996,0.2923
LYC-14 LYC-14,1,224.5410123,3360.215502,66.46333333,67.31,59.77466667,63.92333333,66.40625953,0.9497,0.8994,0.9966,0.7924,0.4318,1.8348,0.0389,0.0476,0.5148,0.0391,260.3,203.4,0.0548,137.6,120.2,0,0,0,0.2369,0.0638,0,0.3666,0.4291,0.748,0.8896,0.8882,0.901,0.4084,135.8033,57.9629,44.9439,85.0517,37.419,35.2499,28.5856,39.04,45.3838,0.981,0.6047,0.2204
LYC-15 LYC-15,1,201.4608789,2678.252708,53.34,55.20266667,54.864,59.69,61.60273853,1.0813,1.0286,1.129,0.8333,0.6238,1.3359,0.0511,0.0615,0.5568,0.0482,270.7,207.1,0.0669,167.4,147.5,0,0,0,0.2729,0.0375,0,0.2822,0.3433,0.7358,0.89,0.8885,1.0278,0.4512,127.7377,64.5456,48.542,82.8931,37.4338,28.2345,26.0616,42.7083,38.4238,1.9201,0.5282,0.272
LYC-16 LYC-16,1,174.4285649,2076.282586,49.61466667,50.20733333,48.68333333,51.64666667,52.46506313,1.0287,0.9812,1.0593,0.7509,0.6007,1.25,0.0337,0.0404,0.5161,0.0377,250.7,171.1,0.0752,169.1,142.4,0,0,0,0.2034,0.0959,0,0.1713,0.4016,0.7521,0.8911,0.8859,0.9786,0.4188,103.17,49.9577,38.0476,66.4275,29.3492,25.132,20.8268,39.6484,32.64,0.9967,0.5728,0.2412
LYC-17 LYC-17,1,262.4206249,4139.174517,82.88866667,83.39666667,47.66733333,60.198,61.84566413,0.7218,0.5751,0.7461,0.7753,0.7273,1.066,0.0668,0.1413,0.5989,0.1559,297.4,260.8,0.2638,190.7,172.4,0.0194,0.0095,0,0.1298,0.0543,0,0.1685,0.4669,0.631,0.8889,0.8854,0.5729,0.5235,132.6736,66.1504,47.7328,84.8894,38.6155,29.3066,28.1579,43.8548,40.6417,1.7705,0.7193,0.151
LYC-18 LYC-18,1,179.5029769,2214.232131,54.102,54.356,47.498,48.768,49.33148207,0.8972,0.8779,0.9187,0.7011,0.7653,0.9162,0.0295,0.0415,0.5764,0.0174,203,188.8,0.036,174.8,164.1,0,0,0.1493,0,0.0436,0.0689,0,0.5417,0.7791,0.8889,0.8889,0.8784,0.419,122.1113,60.3075,44.7406,78.4624,35.3186,27.9416,25.2298,42.0804,37.6467,1.4949,0.5584,0.2509
LYC-19 LYC-19,1,186.2789857,2336.561635,56.72666667,56.98066667,47.41333333,51.22333333,52.21161347,0.899,0.8358,0.9303,0.7448,0.5761,1.2927,0.032,0.0459,0.5197,0.0573,232.8,198.2,0.0889,170.6,150.1,0,0,0,0.1779,0.0876,0,0.1674,0.4298,0.7417,0.8889,0.8889,0.8358,0.4214,128.749,66.6133,41.9366,80.3247,38.0328,26.7605,31.1908,49.3716,41.0973,0.5508,0.5586,0.2512
LYC-20 LYC-20,1,406.5785789,8405.574587,89.06933333,93.38733333,115.7393333,121.7506667,125.8091803,1.3037,1.2994,1.4233,0.8413,0.4544,1.8515,0.077,0.1051,0.4836,0.0688,278.7,225.7,0.1762,128.2,88.3,0,0,0,0.2648,0.2537,0,0.862,0.3693,0.7599,0.8701,0.8878,1.3,0.3856,138.845,60.6696,46.461,87.1614,38.6188,35.0892,29.3838,39.9429,45.7675,2.5129,0.7262,0.1504
LYC-21 LYC-21,1,291.1398207,5449.193403,94.91133333,95.67333333,61.29866667,70.612,71.983981,0.7381,0.6459,0.7701,0.793,0.6164,1.2865,0.0511,0.1142,0.5525,0.0887,247.5,235.8,0.2069,187.1,168.3,0.0541,0.028,0,0.1853,0.1163,0,0.3193,0.446,0.6939,0.8879,0.8879,0.6451,0.4649,143.3052,65.4712,50.7769,91.3104,40.4832,34.6303,29.449,40.3773,45.4588,1.3177,0.7495,0.1391
LYC-22 LYC-22,1,106.1995167,789.224228,31.66533333,31.75,30.14133333,31.32666667,32.8025252,0.9867,0.9519,1.0387,0.6578,0.6096,1.0789,0.0145,0.0153,0.5146,0.027,217.2,160.266,0.0474,166.7,155,0,0,0,0.0888,0.0115,0,0.0314,0.5189,0.7696,0.8903,0.8875,0.953,0.3963,121.9537,106.7995,57.4601,84.4418,48.4917,-1.6072,34.8046,92.6439,34.8417,0.7025,0.5557,0.2529
LYC-23 LYC-23,1,111.6302229,837.1811213,33.18933333,33.44333333,29.718,31.41133333,32.16108207,0.9392,0.8954,0.9715,0.7219,0.5663,1.2748,0.0241,0.0308,0.5238,0.0257,230.2,187.5,0.0407,163.7,148.2,0,0,0,0.1592,0.0288,0,0.0871,0.4394,0.7568,0.8889,0.8889,0.8974,0.4125,75.4237,45.6848,35.8619,52.3923,23.4762,14.2745,12.6508,41.5491,19.0736,0.9375,0.5861,0.2328
LYC-24 LYC-24,1,118.7131653,955.0518533,30.05666667,30.226,38.354,39.624,39.8626076,1.3109,1.2761,1.2969,0.7268,0.5521,1.3163,0.0338,0.0881,0.5174,0.0267,207.6,169.6,0.044,145,125.2,0,0,0,0.1575,0.0256,0,0.1032,0.4637,0.7709,0.8889,0.8845,1.2766,0.4015,118.7754,66.5166,46.1044,77.5818,36.3091,22.5422,25.4129,48.4258,33.9701,1.2053,0.5829,0.2333
LYC-25 LYC-25,1,93.5605444,614.0991302,26.33133333,26.416,28.194,28.956,29.95519367,1.0962,1.0707,1.1413,0.6881,0.6077,1.1323,0.0186,0.0388,0.5324,0.0161,185.8,163.3,0.0172,164.9,140.1,0,0,0,0.1248,0.0085,0,0.0337,0.4883,0.7742,0.8889,0.88,1.0645,0.3998,112.7684,58.4485,42.8586,73.2081,33.2641,24.672,23.2367,43.284,33.8918,0.7387,0.555,0.2524
LYC-26 LYC-26,1,57.0555374,225.5407676,18.11866667,18.288,14.64733333,15.24,17.4438564,0.8333,0.8084,1.0152,0.729,0.6308,1.1556,0.0255,0.0603,0.5462,0.0361,213.3,170.516,0.0372,167,158.5,0,0,0,0.1772,0.0104,0,0.0333,0.4333,0.7598,0.8889,0.8774,0.8,0.4229,92.8929,91.3922,58.2414,72.2192,40.5612,-5.7785,22.1846,104.5997,22.9248,1.8479,0.5484,0.2544
LYC-27 LYC-27,1,80.5438826,449.3754453,22.01333333,22.01333333,24.80733333,25.73866667,26.21210573,1.1692,1.1269,1.1953,0.7038,0.5615,1.2534,0.0287,0.0597,0.4999,0.0197,200.1,176.3,0.0167,165.6,125.9,0,0,0,0.1368,0.0268,0,0.0689,0.5033,0.7657,0.8889,0.8821,1.1154,0.3954,111.5699,62.6625,40.9401,71.758,34.0405,21.1492,25.6296,50.471,33.229,0.8718,0.5527,0.2561
LYC-28 LYC-28,1,83.09591373,484.0922218,24.46866667,24.80733333,23.53733333,24.29933333,25.1751084,0.9795,0.9619,1.0324,0.6817,0.6367,1.0707,0.0169,0.0183,0.5269,0.0244,193.5,164.6,0.0275,157.9,144.3,0,0,0,0.0598,0.0138,0,0.0332,0.554,0.7762,0.8916,0.888,0.9652,0.4062,108.0876,55.903,40.1821,69.7591,31.7597,23.8374,22.7639,43.6805,32.9608,0.5034,0.5974,0.224
LYC-29 LYC-29,1,74.88574473,393.9275276,23.45266667,23.45266667,20.65866667,21.50533333,22.4643442,0.917,0.8809,0.9613,0.6137,0.5884,1.0429,0.0142,0.0257,0.5009,0.0217,207.633,170.8,0.0251,164,158.4,0,0,0,0.1094,0.0202,0,0.0202,0.4961,0.7668,0.8899,0.8858,0.8818,0.39,95.4686,49.4774,32.7355,60.328,27.8885,21.2858,22.2338,46.2478,30.7803,0.8687,0.5532,0.2549
LYC-30 LYC-30,1,81.3119024,465.224876,24.46866667,24.46866667,22.69066667,23.368,24.3850668,0.955,0.9273,1,0.7059,0.6194,1.1397,0.0182,0.0214,0.5319,0.0272,207.9,167.3,0.0305,164.9,159.6,0,0,0,0.128,0.0157,0,0.0344,0.4964,0.7782,0.8917,0.8917,0.9304,0.4043,126.941,108.1172,53.9028,85.1221,49.5174,-0.4337,38.6247,90.6433,38.6271,0.9439,0.5537,0.252
LYC-31 LYC-31,1,97.52887953,662.7441942,28.956,29.04066667,27.34733333,27.94,29.88751113,0.9621,0.9444,1.0322,0.6988,0.6433,1.0864,0.0176,0.0205,0.5431,0.0227,168.5,167.4,0.0248,166.9,158.4,0,0,0,0.0955,0.0233,0,0.0249,0.5212,0.7781,0.8889,0.8828,0.9412,0.4085,102.1931,59.7954,40.6069,67.2175,31.8625,18.4524,22.3754,50.4886,29.0026,1.0281,0.586,0.2312
LYC-32 LYC-32,1,126.081663,905.0519533,23.876,26.67,46.99,47.41333333,48.15595313,1.7778,1.9681,2.0241,0.5035,0.8156,0.6174,0.0855,0.2171,0.3909,0,136.2,69.4,0,158.1,123.6,0,0,0.3614,0,0.0995,0.4321,0,0.6589,0.7907,0.8893,0.8858,1.9732,0.3841,131.8677,115.5262,56.1378,88.4741,52.2792,-2.5436,41.1008,93.5413,41.1795,1.5835,0.584,0.2343
LYC-33 LYC-33,1,54.47943553,205.9422404,17.78,17.78,13.37733333,13.88533333,15.404719,0.781,0.7524,0.8705,0.7048,0.7,1.0068,0.0352,0.0881,0.5626,0.0338,197.7,172.6,0.0588,188.1,172.7,0.0021,0.0171,0.1096,0,0.0181,0.0146,0,0.4756,0.773,0.8936,0.8873,0.75,0.4213,81.138,87.8381,48.7874,64.9357,38.0362,-10.7588,24.9519,113.3248,27.1725,1.402,0.5492,0.2541
LYC-34 LYC-34,1,240.4853373,3733.605436,74.59133333,75.86133333,52.578,59.436,60.144533,0.7835,0.7049,0.8054,0.8661,0.6345,1.3649,0.0526,0.0971,0.5694,0.0883,259.4,223.1,0.1929,200.8,171.2,0.0235,0.007,0,0.2635,0.0949,0,0.2997,0.3846,0.7076,0.8889,0.8905,0.7045,0.4734,147.1354,65.4478,49.8232,92.6783,41.0535,36.1292,30.6531,40.3122,47.3807,1.9006,0.719,0.151
LYC-35 LYC-35,1,203.6763093,2768.38156,62.06066667,62.56866667,50.546,56.30333333,55.4771052,0.8999,0.8145,0.8951,0.7326,0.5757,1.2725,0.0316,0.0553,0.5048,0.0573,249.5,205.4,0.1152,172.3,152.6,0,0,0,0.1554,0.1568,0,0.1959,0.4571,0.7169,0.8897,0.8864,0.8151,0.4347,159.1501,94.9772,45.7823,96.4389,49.9163,23.3529,45.4046,62.782,51.0581,1.1623,0.5588,0.2496
LYC-36 LYC-36,1,173.367954,2040.719933,51.73133333,52.23933333,44.78866667,48.34466667,49.00766593,0.9254,0.8658,0.9501,0.6596,0.7054,0.935,0.0266,0.0405,0.5321,0.036,241.1,188.4,0.0489,172.7,166.1,0,0,0.1517,0,0.1033,0.1063,0,0.5482,0.7404,0.8903,0.8866,0.8648,0.4318,110.1094,51.6716,39.0919,70.2025,31.0245,27.4222,22.6675,39.5776,35.578,1.4897,0.5592,0.2507
LYC-37 LYC-37,1,212.7636588,2870.804294,61.89133333,62.31466667,51.73133333,56.896,57.4778378,0.913,0.8358,0.93,0.7415,0.6689,1.1084,0.039,0.05,0.5548,0.0538,238.6,201.1,0.0976,176,162.4,0,0,0,0.1163,0.1174,0,0.1328,0.4851,0.7273,0.8889,0.8889,0.8356,0.4411,135.7388,59.8628,46.5581,85.7764,37.593,34.3747,27.6016,38.7632,44.0848,0.6787,0.5593,0.2507
LYC-38 LYC-38,1,212.7897954,2989.34886,60.706,62.992,56.47266667,61.12933333,61.34149107,0.9704,0.9303,1.0147,0.8703,0.4728,1.8407,0.0591,0.0611,0.5045,0.0533,231.3,198.4,0.0788,136.2,126.7,0,0,0,0.2935,0.0977,0,0.4332,0.356,0.7379,0.8896,0.8867,0.9301,0.4269,135.5401,58.5357,45.2286,85.0632,37.4723,34.8371,28.3473,39.1356,44.9131,2.0853,0.5596,0.2488
LYC-39 LYC-39,1,217.0826917,3078.395277,69.68066667,69.68066667,47.92133333,53.93266667,55.15215453,0.774,0.6877,0.7903,0.7546,0.6561,1.15,0.0401,0.1007,0.5519,0.0911,249.6,221.1,0.1682,176.7,160.8,0,0,0,0.1409,0.068,0,0.1494,0.4443,0.7107,0.888,0.888,0.689,0.4577,123.0778,53.2269,38.751,76.143,33.7914,32.2034,27.4626,40.457,42.3232,2.4496,0.6198,0.2118
LYC-40 LYC-40,1,207.5749299,2933.893774,62.90733333,63.83866667,52.15466667,56.81133333,57.02217027,0.8899,0.8291,0.9089,0.7658,0.6285,1.2184,0.0346,0.0568,0.5193,0.044,215.4,210.05,0.064,177.4,157.8,0,0,0,0.1806,0.1712,0,0.2008,0.4232,0.7343,0.8929,0.8897,0.8311,0.4411,155.1973,73.0427,55.8598,99.2995,44.1939,35.6635,31.3794,41.3437,47.5032,1.2036,0.5592,0.2489
LYC-41 LYC-41,1,203.3426295,2722.123588,62.65333333,63.246,48.34466667,53.67866667,54.81082087,0.8487,0.7716,0.8772,0.7703,0.6027,1.278,0.0377,0.0693,0.5412,0.0506,269,209.8,0.0758,171.1,159.3,0,0,0,0.1651,0.1089,0,0.1877,0.4685,0.7204,0.8872,0.8906,0.7703,0.4417,137.3723,61.7659,44.8169,85.7258,38.3776,33.847,30.0814,41.6291,45.2826,0.8677,0.572,0.2504
LYC-42 LYC-42,1,245.2046658,3966.67307,74.33733333,74.76066667,57.82733333,65.19333333,66.39713247,0.872,0.7779,0.8952,0.754,0.68,1.1089,0.0396,0.063,0.5545,0.0559,264.8,208.2,0.0904,189.5,167,0,0,0,0.1617,0.1431,0,0.1475,0.4351,0.7074,0.8889,0.886,0.7749,0.458,135.8203,55.8297,42.4946,83.8995,36.8018,36.4569,29.4379,38.9198,46.8582,1.5276,0.6365,0.2004
LYC-43 LYC-43,1,173.6505798,1980.45482,51.562,51.64666667,45.466,47.244,48.8619292,0.9148,0.8818,0.9492,0.7028,0.6223,1.1293,0.0174,0.0323,0.5371,0.0282,220.9,189.5,0.0423,171,158.7,0,0,0,0.1223,0.022,0,0.0733,0.4952,0.772,0.8884,0.8921,0.8921,0.4108,139.5481,58.6697,41.9906,85.4132,38.1064,36.3964,31.7631,41.1111,48.3073,1.1511,0.5889,0.2301
LYC-45 LYC-45,1,179.5531842,2231.902346,54.18666667,54.356,48.006,50.8,51.153695,0.9346,0.8859,0.944,0.6813,0.6641,1.0259,0.0224,0.0312,0.5327,0.0359,218.3,192.866,0.069,176.5,163.6,0,0,0.0723,0,0.0637,0.073,0,0.4567,0.7546,0.8898,0.8863,0.8828,0.4162,147.464,59.3975,44.8935,90.5011,39.7905,39.3611,32.4396,39.4938,51.0062,2.4453,0.6362,0.1997
LYC-46 LYC-46,1,189.2497951,2395.722807,48.26,49.36066667,57.99666667,60.706,61.49348467,1.2298,1.2018,1.2832,0.8053,0.5649,1.4255,0.0464,0.0784,0.5135,0.026,228.5,164.633,0.0465,148.9,132.7,0,0,0,0.2458,0.1216,0,0.2714,0.3808,0.7626,0.8821,0.8849,1.1974,0.4149,142.9974,69.2927,51.2043,91.3732,41.205,32.2797,29.7652,42.6792,43.9083,0.7226,0.5279,0.271
LYC-47 LYC-47,1,194.6238509,2607.729552,50.8,50.88466667,60.96,62.31466667,62.3803172,1.2246,1.2,1.23,0.7633,0.5917,1.2901,0.031,0.0639,0.5487,0.0177,212.1,166,0.026,142.2,135.9,0,0,0,0.155,0.0329,0,0.1664,0.4837,0.7837,0.8903,0.8875,1.2,0.4031,154.0154,64.9801,49.2753,95.659,42.1165,39.3992,32.8222,39.7965,51.2796,0.7586,0.538,0.2708
LYC-48 LYC-48,1,174.0828539,2084.09619,45.466,45.63533333,55.03333333,56.134,56.99550873,1.2301,1.2104,1.2559,0.7244,0.6145,1.1788,0.0315,0.0712,0.5281,0.0258,211.6,164.5,0.0499,160.6,137.1,0,0,0,0.1506,0.0509,0,0.1119,0.4555,0.7855,0.8904,0.8889,1.215,0.3988,147.3386,65.6411,44.6532,90.3445,41.0016,35.8938,34.2255,43.637,49.5958,1.6197,0.5139,0.2828
LYC-49 LYC-49,1,197.9984779,2702.725777,55.118,55.28733333,55.54133333,58.75866667,59.51045587,1.0628,1.0077,1.0813,0.725,0.7066,1.0261,0.0302,0.0372,0.5696,0.0361,233.4,175.8,0.0525,173.3,165.9,0,0,0.1004,0,0.058,0.0576,0,0.4914,0.7561,0.8896,0.8881,1.0077,0.4324,141.281,65.8894,51.7253,90.8047,39.9108,33.5089,27.6051,39.4822,43.4153,1.9053,0.5826,0.2515
LYC-50 LYC-50,1,196.701918,2593.908791,53.594,53.93266667,53.93266667,57.06533333,57.03625033,1.0581,1.0063,1.0659,0.7662,0.7062,1.085,0.0346,0.0448,0.5488,0.0297,207.8,173.1,0.0472,184.5,170.6,0.027,0.0165,0,0.1398,0.1473,0,0.1478,0.4585,0.7548,0.8897,0.8866,1.0079,0.4443,158.2138,86.3905,49.5066,97.7467,47.5868,28.531,40.1655,54.6125,49.2674,1.7953,0.5279,0.2687
LYC-51 LYC-51,1,186.984767,2344.877031,46.14333333,46.31266667,58.25066667,60.87533333,61.85825407,1.3144,1.2624,1.343,0.7927,0.6239,1.2706,0.0436,0.0932,0.573,0.0362,255.9,178.4,0.0609,152.6,130.9,0,0,0,0.0964,0.033,0,0.1562,0.5382,0.766,0.89,0.8885,1.2673,0.4269,154.3246,71.3695,55.2241,98.5998,43.6409,36.2942,30.7789,40.2993,47.5879,1.4798,0.559,0.25
LYC-52 LYC-52,1,179.8296124,1960.820451,34.96733333,35.306,67.39466667,68.41066667,68.53930073,1.9376,1.9274,1.9648,0.6562,0.6804,0.9644,0.0547,0.2071,0.5061,0.005,348.3,100.2,0.01,123.6,110.5,0,0,0.1259,0,0.0746,0.1574,0,0.4926,0.7881,0.8895,0.8883,1.939,0.401,122.679,56.7935,44.9821,78.8358,34.5545,30.3431,24.0026,38.3454,38.6889,3.2053,0.5413,0.2623
LYC-53 LYC-53,1,205.9463242,2677.851275,66.04,66.802,43.434,50.46133333,52.28474007,0.7554,0.6577,0.7819,0.8038,0.5808,1.3841,0.0498,0.1148,0.5452,0.1083,244.9,234.6,0.2249,189.1,163.6,0.0083,0.0224,0,0.2389,0.0838,0,0.2603,0.4077,0.6857,0.8889,0.8831,0.6538,0.4647,148.9876,79.3642,62.9115,99.6876,44.7858,29.8327,27.2437,42.4028,40.4006,2.8442,0.7867,0.1111
LYC-54 LYC-54,1,295.9322081,5340.914049,96.52,96.85866667,56.134,67.47933333,68.71782887,0.6967,0.5816,0.712,0.7509,0.7263,1.0338,0.0594,0.1441,0.5815,0.1236,240.8,251.5,0.2737,185.2,173.5,0.0085,0.0122,0.1343,0,0.1582,0.1862,0,0.5433,0.6633,0.8889,0.8859,0.5789,0.4924,142.8807,93.3768,72.8557,101.5306,47.6631,19.2089,23.8213,51.1182,30.6013,2.6746,0.7527,0.1304
LYC-55 LYC-55,1,215.5763193,3057.327219,59.52066667,60.11333333,59.77466667,64.77,66.6714186,1.0775,1.0043,1.1217,0.7511,0.5405,1.3895,0.039,0.0448,0.526,0.0669,254.4,216,0.1264,154.2,129.8,0,0,0,0.1759,0.052,0,0.2362,0.4497,0.7382,0.8868,0.8882,1.0071,0.4184,129.3964,70.4839,57.8778,88.1002,39.3738,26.1951,21.9636,39.9785,34.1846,3.5328,0.6035,0.2176
LYC-56 LYC-56,1,318.0594435,6353.550017,97.36666667,97.536,67.47933333,80.01,83.69006207,0.8203,0.693,0.8588,0.727,0.6974,1.0424,0.05,0.0878,0.5698,0.1139,299.2,247.8,0.1905,175.8,165.8,0,0,0,0.1162,0.1113,0,0.1628,0.4847,0.6737,0.8895,0.887,0.6913,0.4815,141.9202,73.658,59.1896,94.6193,42.365,29.7841,25.7022,40.7925,39.3408,2.0915,0.7523,0.1311
LYC-57 LYC-57,1,246.2831498,3915.260987,55.118,58.166,78.232,82.97333333,81.8759602,1.4265,1.4194,1.49,0.8525,0.6528,1.3059,0.0632,0.1239,0.5551,0.023,209.8,3.3,0.089,145.1,127.2,0,0,0,0.2559,0.2333,0,0.3828,0.2918,0.7538,0.8924,0.8902,1.4192,0.4482,143.086,87.1218,70.638,100.563,46.1159,23.1795,23.5207,45.4185,33.0229,0.8499,0.6354,0.2013
LYC-58 LYC-58,1,204.8630989,2798.689743,65.95533333,65.95533333,47.15933333,51.47733333,52.49165693,0.7805,0.715,0.7969,0.7202,0.7035,1.0237,0.04,0.0876,0.57,0.0757,236.3,218.1,0.1528,176.5,168.4,0,0,0,0.1118,0.0365,0,0.0755,0.4868,0.7315,0.8898,0.8862,0.7138,0.4444,129.9793,66.8188,53.0483,86.1195,38.5223,28.2494,24.023,40.3775,37.0828,0.7847,0.5738,0.2405
LYC-59 LYC-59,1,250.0947923,4111.239089,65.44733333,66.12466667,77.13133333,79.33266667,80.3426892,1.1997,1.1785,1.208,0.4463,0.5912,0.7549,0.046,0.0662,0.4978,0.0453,284.2,206.5,0.0761,155.6,129.6,0,0,0,0.1341,0.2237,0,0.1771,0.4322,0.7778,0.8867,0.8889,1.1818,0.3859,151.4488,87.8723,50.0641,94.8286,47.0017,24.625,38.5755,57.4475,45.7653,3.228,0.7014,0.1602
LYC-60 LYC-60,1,253.7541111,3766.515764,83.566,84.41266667,44.61933333,58.674,58.35534007,0.6951,0.5339,0.6997,0.6677,0.6505,1.0265,0.0668,0.1591,0.5066,0.1268,255,256.6,0.2582,204.2,178.8,0.0565,0.011,0.0855,0,0.3776,0.2561,0,0.4603,0.6069,0.8936,0.8898,0.533,0.5053,135.1171,81.0584,63.6851,93.5363,43.1007,22.5777,23.4515,46.0876,32.5535,1.3358,0.8069,0.1008
LYC-61 LYC-61,1,266.1555002,3888.307636,85.68266667,86.106,41.148,57.06533333,62.858269,0.6627,0.4802,0.7329,0.7708,0.7322,1.0526,0.0847,0.1941,0.5845,0.1344,295.8,271.6,0.1617,172.5,170.4,0.0031,0.01,0.0849,0,0.2201,0.2605,0,0.4674,0.5765,0.8899,0.8879,0.4802,0.5461,135.4823,73.9339,57.4011,90.7517,41.2753,26.7009,25.4439,43.619,36.8826,0.8621,0.7524,0.1319
LYC-62 LYC-62,1,268.3848582,4444.851325,84.15866667,84.328,52.07,63.754,67.38183967,0.756,0.6187,0.8007,0.8129,0.7143,1.138,0.0609,0.1222,0.6116,0.1103,264.3,250.9,0.1927,0,174.9,3e-04,0.0033,0,0.1385,0.1216,0,0.2298,0.4768,0.6516,0.8893,0.8861,0.6171,0.5072,126.8336,75.8221,59.0264,87.441,40.4606,21.6981,22.6202,46.192,31.3446,1.1238,0.8061,0.1014
LYC-63 LYC-63,1,244.9516987,3615.899578,78.65533333,79.33266667,45.04266667,56.30333333,59.0856578,0.7097,0.5727,0.7456,0.7998,0.6803,1.1756,0.065,0.1392,0.5671,0.1439,290.3,254.6,0.2732,169.5,158.1,0.0211,0.0118,0,0.166,0.1313,0,0.2399,0.4707,0.6386,0.887,0.8889,0.5714,0.5101,124.8218,64.5615,51.6399,82.9981,37.0058,27.2478,22.8756,40.0148,35.5772,1.8391,0.7186,0.1504
LYC-64 LYC-64,1,278.6581422,4767.144588,92.54066667,92.71,53.67866667,64.262,66.70755433,0.6932,0.5801,0.7275,0.7877,0.6825,1.1542,0.063,0.1497,0.5694,0.0938,248.2,244.8,0.2297,171.9,171.8,0.0023,0.0137,0,0.1265,0.2008,0,0.2977,0.4862,0.6675,0.8893,0.8877,0.5803,0.4789,136.985,77.2495,59.4807,92.446,42.3658,25.4273,25.4244,44.9967,35.9576,0.8157,0.6856,0.1706
LYC-65 LYC-65,1,337.9451035,6694.294855,110.6593333,111.8446667,59.09733333,74.50666667,78.18585667,0.6662,0.534,0.7065,0.7659,0.71,1.0787,0.0719,0.1663,0.5704,0.1315,227.9,276,0.2605,171.7,174.6,7e-04,0.0025,0,0.1661,0.1696,0,0.2839,0.4386,0.6348,0.8914,0.8871,0.5345,0.5101,151.2713,84.5255,68.7904,103.5361,46.6665,28.191,25.6474,42.2951,38.1119,2.6999,0.7187,0.1498
LYC-66 LYC-66,1,255.0500699,3658.56616,86.95266667,87.29133333,39.116,51.47733333,57.14808653,0.5897,0.4499,0.6645,0.8306,0.7128,1.1653,0.0796,0.2097,0.601,0.1086,258,260.4,0.1945,184.6,177.6,0.0161,0.0033,0,0.1488,0.1633,0,0.2455,0.4507,0.6063,0.8889,0.8867,0.4488,0.5356,152.2437,71.5932,56.2338,98.0849,43.4658,35.2869,29.821,40.2012,46.2002,2.0324,0.7178,0.1517
LYC-67 LYC-67,1,229.2717707,3245.183474,74.50666667,74.84533333,44.28066667,53.848,55.68585933,0.7195,0.5943,0.7413,0.7739,0.6659,1.1621,0.0589,0.1343,0.549,0.114,267.9,249.8,0.2196,187.6,179.2,0.0284,0.0508,0,0.1691,0.1838,0,0.1777,0.4591,0.6551,0.8889,0.8851,0.5909,0.4919,150.7105,76.8611,61.7257,99.9438,44.6336,31.8699,27.5409,40.8326,42.1212,1.5397,0.7352,0.14
LYC-68 LYC-68,1,269.9144462,4504.105687,87.54533333,88.9,52.91666667,62.31466667,66.59807187,0.701,0.6044,0.7611,0.824,0.648,1.2716,0.0554,0.1352,0.5794,0.0939,271.7,240.3,0.1389,175.3,165,0,0,0,0.2025,0.0773,0,0.2913,0.4361,0.6776,0.8893,0.8861,0.6029,0.4858,154.6845,127.742,92.5054,116.3587,58.9017,5.1392,27.9156,79.5688,28.3847,2.2701,0.7363,0.1407
LYC-70 LYC-70,1,236.2980711,2701.313594,35.052,44.196,86.02133333,86.614,85.9130616,1.9598,2.4541,2.4569,0.6522,0.7488,0.871,0.079,0.255,0.4989,0.0374,236,155,0.1047,158.7,87.1,0.0546,0.0054,0,0.2454,0.3153,0,0.4537,0.262,0.7945,0.8992,0.9291,2.4606,0.4415,147.9285,76.8003,63.4071,99.424,43.9593,30.9584,25.2684,39.2215,39.9614,1.9445,0.557,0.2482
LYC-71 LYC-71,1,153.7472922,1466.305311,50.038,50.20733333,29.54866667,35.89866667,37.15767693,0.715,0.5905,0.7438,0.7834,0.665,1.1781,0.057,0.133,0.5765,0.1523,280.8,246.5,0.2474,174.1,166.2,0,0,0,0.1557,0.0315,0,0.1335,0.4693,0.6572,0.891,0.8854,0.589,0.4962,128.8317,79.6894,59.0922,88.4256,41.5587,20.252,24.5415,50.4701,31.8187,0.9352,0.6671,0.1808
LYC-72 LYC-72,1,243.1016728,3875.325583,64.516,65.95533333,70.104,76.87733333,78.416912,1.1656,1.0866,1.2155,0.7454,0.4961,1.5026,0.0501,0.0688,0.4728,0.0436,251.1,204.4,0.0717,151.3,116.3,0,0,0,0.2435,0.1539,0,0.3954,0.3733,0.7299,0.8874,0.8886,1.0888,0.4153,126.6279,63.9645,51.1175,83.5948,37.3198,28.2378,23.6843,39.988,36.8554,4.2724,0.5889,0.2262
LYC-73 LYC-73,1,222.0805227,2905.915335,46.05866667,46.90533333,76.62333333,81.11066667,82.7133982,1.7292,1.6636,1.7938,0.6507,0.557,1.1683,0.0403,0.1792,0.4603,0.0115,169.8,122.6,0.0219,101.2,100,0,0,0,0.143,0.1885,0,0.2908,0.4676,0.7544,0.8881,0.8859,1.6636,0.3929,101.85,78.9849,59.6972,76.1567,37.6669,7.4587,17.116,66.4538,18.6705,0.426,0.6507,0.1931
LYC-74 LYC-74,1,185.7363401,2306.002556,59.09733333,59.35133333,43.34933333,46.99,48.71173053,0.7917,0.7335,0.8245,0.7521,0.6762,1.1123,0.0367,0.0845,0.5637,0.046,237.1,205.8,0.0737,184.6,170.5,0.0129,0.0484,0,0.1076,0.061,0,0.0839,0.5099,0.7365,0.8889,0.887,0.7312,0.4442,138.1519,73.5033,56.3182,91.505,41.4976,27.9961,26.3459,43.2606,38.4433,1.9724,0.6201,0.2108
LYC-76 LYC-76,1,205.8280449,2635.170357,55.118,55.79533333,64.77,65.19333333,61.131704,1.1684,1.1751,1.0974,0.5438,0.4916,1.1063,0.0448,0.0751,0.3953,0.0706,282,230.5,0.1414,227.7,133.1,0.0693,0.0076,0,0.1263,0.2467,0,0.283,0.4494,0.7932,0.8892,0.8866,1.1731,0.3223,135.0106,69.2898,54.7744,89.2931,39.8301,29.1371,25.03,40.6639,38.4119,3.6863,0.6049,0.2182
LYC-77 LYC-77,1,264.2662736,4182.887692,87.122,88.05333333,47.58266667,60.11333333,60.56110147,0.6827,0.5462,0.6829,0.793,0.6501,1.2197,0.0659,0.1635,0.5249,0.0986,251,252.2,0.169,193.65,177.9,0.0468,0.0365,0,0.1602,0.3654,0,0.3014,0.4282,0.6319,0.8889,0.8854,0.545,0.5043,141.5367,69.7853,58.278,93.9871,41.2929,31.9075,24.7173,37.7633,40.3613,1.6187,0.7191,0.1515
LYC-78 LYC-78,1,251.6924523,3827.791628,81.36466667,81.534,46.56666667,58.166,59.2658708,0.7134,0.5723,0.7292,0.7711,0.7076,1.0897,0.0639,0.1479,0.5744,0.1395,264.5,255.9,0.3096,182.9,170.9,0.0246,0.0411,0.0892,0,0.2201,0.225,0,0.4702,0.6414,0.8907,0.8889,0.5729,0.503,129.5852,61.8168,51.4545,85.0869,37.2503,30.8927,23.3065,37.0321,38.6982,1.2122,0.6691,0.1799
LYC-79 LYC-79,1,250.2911089,3872.135625,77.30066667,77.978,49.022,59.69,60.85935673,0.7655,0.6342,0.7882,0.7722,0.7875,0.9805,0.0621,0.1236,0.5932,0.1213,286.9,245.7,0.2354,187.7,172.8,0.0119,0.0064,0.1242,0,0.1887,0.2086,0,0.5064,0.6563,0.8902,0.8868,0.6346,0.511,127.9205,66.8835,54.0103,85.553,38.2235,27.3015,22.9786,40.086,35.6846,1.0446,0.7345,0.1419
LYC-80 LYC-80,1,278.7373987,4418.070017,89.154,90.76266667,44.87333333,62.484,64.4646158,0.6884,0.5033,0.7217,0.8158,0.6724,1.2133,0.0787,0.1694,0.555,0.1491,284.2,264.1,0.2514,210.6,185.2,0.0216,0.0105,0,0.1865,0.276,0,0.3583,0.3943,0.5753,0.8908,0.887,0.5048,0.5461,146.7206,83.526,67.3041,100.6991,45.5934,26.6347,25.0447,43.2379,36.5602,0.9705,0.8061,0.1012
LYC-81 LYC-81,1,182.5015569,2247.751777,48.17533333,49.022,59.09733333,60.11333333,60.81069033,1.2263,1.2267,1.2623,0.5009,0.6995,0.7161,0.0344,0.0799,0.4532,0.0106,195.6,114.2,0.0215,175.2,150.6,0,0,0.2277,0,0.0439,0.2604,0,0.5958,0.787,0.89,0.8885,1.2291,0.3655,105.0422,83.0501,60.4806,78.236,39.3253,6.2631,19.2608,71.9869,20.2535,0.8031,0.6356,0.2022
LYC-82 LYC-82,1,234.2951287,3600.924698,72.136,73.23666667,54.77933333,59.77466667,60.68096407,0.8162,0.7594,0.8422,0.8075,0.6538,1.2352,0.0424,0.0756,0.5594,0.0645,231.4,214.1,0.1208,173.5,167.9,0,0,0,0.1874,0.1169,0,0.2138,0.4348,0.7319,0.8897,0.8866,0.7588,0.4514,120.0954,59.9563,46.6334,78.4174,35.0256,27.4101,23.3203,40.3908,35.9882,1.1968,0.6369,0.2007
LYC-83 LYC-83,1,225.7002175,3065.9867,74.25266667,74.33733333,40.97866667,50.37666667,52.66237033,0.6777,0.5519,0.72,0.797,0.6716,1.1868,0.0633,0.1528,0.5928,0.1546,278.9,252.4,0.2461,178.7,168.1,0.0017,0.0043,0,0.127,0.0391,0,0.1886,0.5025,0.6498,0.8894,0.8874,0.5514,0.5038,135.5859,78.6624,62.3487,93.1194,42.6144,24.1713,23.6544,44.3807,33.8198,2.7019,0.7707,0.1209
LYC-84 LYC-84,1,161.7541003,1727.537764,50.63066667,50.8,38.52333333,43.34933333,43.11391767,0.8533,0.7609,0.8594,0.6973,0.5987,1.1648,0.0391,0.0743,0.5187,0.0827,263.5,217.4,0.1664,174.1,158,0,0,0,0.134,0.1178,0,0.1553,0.4551,0.7084,0.8894,0.8851,0.7573,0.4361,149.6441,82.6063,65.1653,101.0632,45.6937,28.3983,26.8007,43.3422,39.048,1.1023,0.6021,0.2217
LYC-85 LYC-85,1,100.3869976,711.4896164,30.14133333,30.31066667,28.10933333,28.702,30.13726933,0.9469,0.9326,1.0027,0.7388,0.6264,1.1794,0.0209,0.0245,0.5379,0.0207,200.4,176.9,0.0242,164.6,145,0,0,0,0.1549,0.0294,0,0.0607,0.4543,0.7811,0.8889,0.8859,0.9296,0.4067,126.5586,84.3691,49.9949,83.0855,42.4256,14.8738,31.4549,64.6923,34.7942,0.4031,0.6,0.2249
LYC-86 LYC-86,1,175.1760445,2098.497595,53.76333333,53.93266667,44.11133333,47.32866667,49.16781293,0.8776,0.8205,0.9238,0.748,0.6346,1.1787,0.0266,0.0488,0.5468,0.0403,223.6,191,0.0411,173,159.5,0,0,0,0.1545,0.0437,0,0.1103,0.4615,0.7455,0.8889,0.8889,0.8221,0.4353,121.5528,62.7108,49.6672,80.523,36.0048,26.6699,22.5355,40.197,34.916,0.6978,0.5585,0.2525
LYC-87 LYC-87,1,220.0229957,3166.359259,64.93933333,65.19333333,52.15466667,59.182,61.38990347,0.9078,0.8031,0.9466,0.7718,0.6806,1.1341,0.0408,0.0603,0.5664,0.068,269.3,224.2,0.101,172.4,160.2,0,0,0,0.1351,0.1258,0,0.1672,0.4649,0.7049,0.8913,0.8881,0.8039,0.4646,136.5856,82.69,50.4143,87.9992,43.4054,21.0113,33.0999,57.5932,39.2056,0.6314,0.6037,0.2208
LYC-88 LYC-88,1,208.7724721,2833.893974,58.50466667,58.928,62.56866667,66.12466667,66.24706927,1.1221,1.0695,1.134,0.6006,0.3705,1.6211,0.0235,0.041,0.4399,0.0407,243.6,196,0.065,73.4,129.1,0.0018,0.1267,0,0.1388,0.162,0,0.2152,0.4878,0.7564,0.8926,0.8872,1.0688,0.353,142.6583,126.7515,80.5633,105.1248,57.1351,-1.5123,32.762,92.643,32.7969,1.4385,0.5875,0.2322
LYC-89 LYC-89,1,266.1204313,4606.729138,84.66666667,85.00533333,58.42,65.87066667,68.29838173,0.7749,0.69,0.8059,0.77,0.672,1.1458,0.0421,0.0984,0.5666,0.0649,257.6,221.9,0.0843,175,164.8,0,0,0,0.1581,0.047,0,0.1865,0.4512,0.7104,0.8903,0.8889,0.69,0.4603,127.6666,62.0111,50.5409,83.8155,36.9928,29.8422,23.4723,38.1867,37.9672,0.7775,0.7186,0.1516
LYC-90 LYC-90,1,230.9862538,3414.537974,66.63266667,68.24133333,56.72666667,65.10866667,65.50201107,0.9541,0.8513,0.9843,0.7903,0.5438,1.4533,0.0598,0.0621,0.5233,0.0946,251.2,246,0.2842,150.4,143.9,0,0,0,0.2186,0.103,0,0.3835,0.4161,0.6979,0.8904,0.8889,0.8535,0.445,142.77,94.12,58.2422,94.5937,47.4914,17.2393,33.6211,62.8534,37.7832,0.7521,0.5728,0.2421
LYC-91 LYC-91,1,136.9195975,1271.001042,35.22133333,35.22133333,44.61933333,45.55066667,45.83820313,1.2933,1.2668,1.3046,0.6418,0.6178,1.0389,0.0287,0.0864,0.4929,0.0289,208.3,158,0.0589,170.7,135.3,0,0,0.124,0,0.0431,0.0656,0,0.5093,0.7821,0.8898,0.8861,1.2651,0.3823,145.1524,80.9591,65.732,99.2264,44.6705,27.4452,24.6304,41.906,36.8768,1.0149,0.6476,0.194
LYC-92 LYC-92,1,169.7007274,1981.042633,51.054,51.39266667,44.02666667,46.82066667,47.8429066,0.911,0.8624,0.9387,0.7446,0.6517,1.1425,0.0278,0.0414,0.5326,0.0579,233.3,202.8,0.1076,170.2,160.1,0,0,0,0.165,0.0722,0,0.1125,0.4539,0.7536,0.8908,0.8908,0.8667,0.4325,139.5896,111.5924,74.9625,101.0116,52.2091,6.1727,29.2687,78.091,29.9125,1.6419,0.5585,0.25
LYC-93 LYC-93,1,327.4493578,6563.413396,105.7486667,106.5106667,66.04,77.38533333,78.5245318,0.7266,0.6245,0.7437,0.6589,0.7646,0.8618,0.0597,0.1339,0.5682,0.0872,258.4,238.4,0.1677,186.6,178.6,0.0177,0.0082,0.1945,0,0.2482,0.3235,0,0.5624,0.6835,0.8953,0.8889,0.6253,0.4658,138.0904,76.0182,62.0778,94.1463,42.4298,26.9252,23.8351,41.5163,35.9594,2.4589,0.6372,0.2006
LYC-94 LYC-94,1,253.3963605,3771.69855,80.85666667,81.28,45.466,57.15,61.0357174,0.7031,0.5623,0.7541,0.778,0.7026,1.1073,0.0719,0.1506,0.5776,0.1282,281.1,270.2,0.2397,172.6,177.5,0.0045,0.0173,0,0.1632,0.1207,0,0.219,0.4385,0.635,0.8954,0.8861,0.5617,0.5132,154.5618,134.3944,85.1593,112.8277,60.7976,-0.3714,35.2048,90.6044,35.2068,1.287,0.6366,0.1992
LYC-95 LYC-95,1,217.2470467,2999.563893,66.548,67.056,47.498,55.54133333,60.2099888,0.8283,0.7137,0.9025,0.757,0.673,1.1248,0.0455,0.0869,0.552,0.0412,265.2,231.9,0.0355,164.5,160.3,0,0,0,0.1743,0.1085,0,0.1773,0.4146,0.684,0.8889,0.8889,0.7134,0.4719,138.1793,72.2981,57.9836,92.2823,41.2995,28.9384,24.9695,40.7893,38.2218,1.6172,0.5584,0.2509
LYC-96 LYC-96,1,245.4150879,3690.73097,80.60266667,80.68733333,46.482,55.79533333,58.05551,0.6915,0.5767,0.7203,0.7742,0.7206,1.0743,0.0571,0.1424,0.5957,0.0996,254.9,238.9,0.159,194.9,171.1,0.0102,0.0047,0,0.1197,0.0836,0,0.152,0.4841,0.6657,0.8902,0.8866,0.5763,0.4922,136.5637,72.5411,59.6144,92.2883,41.0288,28.2417,23.2785,39.4974,36.5989,1.0682,0.6851,0.169
LYC-97 LYC-97,1,209.6895307,2974.015557,54.61,55.03333333,60.706,64.68533333,65.36181153,1.1754,1.1116,1.1987,0.8171,0.6496,1.2578,0.0445,0.071,0.5604,0.0458,229.8,190.9,0.0827,172.8,146,0,0,0,0.1808,0.0848,0,0.2079,0.4306,0.7497,0.8896,0.8868,1.1128,0.4434,142.6078,69.447,59.5659,95.0461,41.3601,32.7676,24.0112,36.233,40.6233,1.8163,0.4995,0.2915
LYC-98 LYC-98,1,208.1956127,2831.248818,57.15,57.48866667,53.34,58.75866667,59.60218373,1.0221,0.9333,1.0285,0.8193,0.6904,1.1867,0.0481,0.0508,0.601,0.0693,252.8,217.2,0.1506,170.1,160.7,0,0,0,0.1528,0.071,0,0.1818,0.4654,0.7273,0.8889,0.8873,0.9368,0.4608,143.2866,74.4752,58.5274,94.9419,42.5807,29.8434,26.5245,41.6304,39.9272,1.132,0.5589,0.25
LYC-99 LYC-99,1,269.1669665,4503.094936,88.47666667,88.81533333,50.8,64.09266667,62.1341404,0.7216,0.5742,0.7029,0.7512,0.644,1.1664,0.0602,0.1398,0.5592,0.1152,249.6,232.7,0.2373,198.4,190.3,0.1346,0.0382,0,0.1552,0.2884,0,0.1707,0.4531,0.6349,0.8939,0.8889,0.5755,0.4995,143.0826,71.192,61.8216,96.3199,41.8842,32.1687,23.2467,35.8537,39.6892,0.9692,0.7175,0.152
LYC-100 LYC-100,1,163.9519031,1864.713116,46.56666667,46.82066667,47.58266667,49.276,50.28447313,1.0524,1.0218,1.0882,0.72,0.6073,1.1856,0.0249,0.0357,0.5069,0.0363,236.3,182,0.055,167.5,146.7,0,0,0,0.1342,0.0877,0,0.1138,0.4725,0.7711,0.8889,0.8871,1.0182,0.4048,140.2983,79.1004,63.2577,95.7535,43.4249,26.1617,24.3778,42.9784,35.759,1.085,0.558,0.2514
LYC-101 LYC-101,1,246.1965951,4200.507728,70.44266667,70.612,70.01933333,73.23666667,72.75305067,1.0372,0.994,1.0365,0.7284,0.6202,1.1744,0.027,0.0338,0.5292,0.0266,214.3,175.9,0.0559,171.6,147.8,0,0,0,0.1349,0.1111,0,0.156,0.4751,0.7639,0.8895,0.8871,0.994,0.4126,140.9362,62.9276,54.2683,91.7446,39.5517,35.43,24.9295,35.1313,43.3216,0.8054,0.5884,0.2321
LYC-102 LYC-102,1,253.6889601,3986.465145,82.97333333,83.48133333,51.054,59.60533333,61.47182693,0.714,0.6153,0.7506,0.7724,0.648,1.1921,0.0548,0.1323,0.5611,0.0949,241.1,241.5,0.1853,176.8,171.2,0,0,0,0.1467,0.1311,0,0.2157,0.4872,0.6828,0.8889,0.8872,0.6122,0.4685,131.2853,60.1786,51.8844,86.0939,37.1536,32.7056,22.9351,35.0404,39.9459,0.8043,0.6047,0.2205
LYC-103 LYC-103,1,269.3099177,4242.256748,73.32133333,75.946,62.90733333,76.11533333,79.49146747,1.0022,0.858,1.0755,0.7968,0.4607,1.7293,0.0841,0.0873,0.4798,0.123,270.8,291.6,0.2308,149.3,120.2,0,0,0,0.2853,0.0555,0,0.6133,0.3793,0.6592,0.8889,0.8862,0.8555,0.4563,125.084,60.8545,48.7959,81.761,36.1369,29.2926,23.3501,38.5596,37.4604,2.5928,0.702,0.1598
LYC-104 LYC-104,1,250.5226807,3726.888604,80.518,81.19533333,47.15933333,57.82733333,60.78963373,0.7122,0.5857,0.751,0.796,0.5626,1.415,0.0645,0.1454,0.5632,0.0842,266.3,262.3,0.1635,200.2,167.3,0.0521,0.0187,0,0.2135,0.1023,0,0.2814,0.4348,0.651,0.8898,0.8862,0.5842,0.4902,104.7421,104.5565,70.8856,83.6253,46.1623,-6.9715,22.2158,107.4222,23.284,0.9241,0.7179,0.1517
LYC-105 LYC-105,1,142.6804529,1389.12267,39.878,40.132,39.878,42.418,43.74879913,1.057,1,1.0994,0.7537,0.6221,1.2116,0.0324,0.0407,0.5394,0.045,241.3,165,0.0748,170.2,154.4,0,0,0,0.1943,0.0418,0,0.1203,0.4132,0.752,0.8868,0.8889,1,0.427,134.3335,72.2639,57.2532,90.1299,40.6023,27.224,24.3225,41.7782,36.5065,0.6061,0.557,0.2535
LYC-106 LYC-106,1,312.3801559,5682.139173,102.0233333,102.4466667,54.356,68.58,69.26410667,0.6694,0.5328,0.6747,0.8025,0.6697,1.1983,0.0716,0.1712,0.5764,0.1476,264.6,261.4,0.3035,192.5,164.95,0.0231,0.0159,0,0.1567,0.2585,0,0.2612,0.484,0.6329,0.8904,0.8858,0.5322,0.512,124.9332,80.0136,62.9145,88.3963,41.3498,18.4744,21.1251,48.8296,28.0637,1.7231,0.7185,0.1505
LYC-107 LYC-107,1,275.7128683,4622.764948,82.55,83.14266667,58.08133333,69.42666667,71.54807467,0.835,0.7036,0.8658,0.7733,0.6605,1.1708,0.0576,0.0991,0.5616,0.0898,290.3,236.1,0.0874,206.2,169.1,0.066,0.0075,0,0.1579,0.2206,0,0.2513,0.4268,0.6691,0.8969,0.8867,0.7044,0.4808,124.8183,58.5633,45.5196,80.1417,35.4656,30.3127,24.8988,39.3996,39.2276,1.1372,0.7181,0.151
LYC-108 LYC-108,1,270.8964102,4037.296585,89.06933333,89.154,39.79333333,55.96466667,60.13235793,0.6277,0.4468,0.6764,0.7766,0.751,1.0342,0.0863,0.1986,0.6118,0.1551,311.3,260.8,0.2157,214.4,200.3,0.0324,0.0075,0,0.1198,0.1564,0,0.1204,0.4992,0.5697,0.891,0.8868,0.4476,0.5596,124.5961,60.6129,48.3925,81.356,36.0233,29.2149,23.6367,38.9751,37.5793,0.6977,0.6361,0.2025
LYC-109 LYC-109,1,126.6477697,1110.664445,36.15266667,36.23733333,34.71333333,36.66066667,37.82144667,1.0117,0.9602,1.0486,0.7728,0.6745,1.1458,0.0345,0.0361,0.5709,0.0336,227.8,171.6,0.0481,173.5,161,6e-04,0.0048,0,0.1584,0.0432,0,0.0815,0.448,0.7593,0.8913,0.8889,0.9647,0.4347,111.7049,60.4689,44.3974,73.3956,33.64,23.0069,22.4928,44.3527,32.1752,0.7532,0.5567,0.2512
LYC-110 LYC-110,1,200.3052043,2735.435389,55.54133333,56.388,61.55266667,62.738,62.64705107,1.1126,1.1082,1.1297,0.7363,0.4741,1.5531,0.0313,0.0429,0.4929,0.0292,215.7,180.933,0.0409,140.4,122.7,0,0,0,0.1943,0.0637,0,0.2548,0.4534,0.7838,0.8896,0.8869,1.1069,0.3745,98.2075,60.4005,49.2621,69.2472,31.5694,17.0787,15.4085,42.0571,23.0023,0.7013,0.7004,0.1623
LYC-111 LYC-111,1,196.3603303,2605.06289,56.642,56.81133333,52.74733333,57.404,56.80441607,1.0104,0.9312,1.0026,0.6861,0.6263,1.0955,0.0295,0.0306,0.5286,0.0644,257.1,206,0.0973,169.633,155.8,0.03,0.0546,0,0.1204,0.0945,0,0.1253,0.4661,0.7326,0.8905,0.8857,0.9288,0.4276,133.0678,68.3998,54.6713,88.2856,39.3998,28.7534,24.2866,40.1862,37.6377,0.9221,0.6195,0.2096
LYC-112 LYC-112,1,188.054488,2315.314366,58.25066667,58.58933333,44.36533333,50.12266667,50.4697492,0.8555,0.7616,0.8775,0.7253,0.5945,1.22,0.0362,0.0672,0.5248,0.0706,261.5,211.1,0.0894,166.4,151.6,0,0,0,0.1305,0.0943,0,0.1563,0.4916,0.7073,0.8856,0.8875,0.76,0.441,102.6842,53.2104,42.0863,68.0197,30.2684,23.2565,18.8955,39.0931,29.9651,0.6823,0.6181,0.2125
LYC-113 LYC-113,1,150.8410327,1570.491483,45.80466667,45.80466667,39.20066667,41.99466667,42.52280887,0.9168,0.8558,0.9301,0.732,0.6377,1.1478,0.026,0.0417,0.5538,0.0486,252.1,195.2,0.07,169.1,160.5,0,0,0,0.1104,0.0379,0,0.0842,0.498,0.7434,0.8889,0.8846,0.8519,0.4301,118.4737,72.8692,46.9181,77.837,38.1194,18.2562,27.2025,56.1335,32.7607,1.0996,0.5873,0.2326
LYC-114 LYC-114,1,220.2574801,2972.34531,71.628,71.71266667,42.24866667,51.308,52.6259552,0.7155,0.5898,0.7365,0.7671,0.6702,1.1446,0.0589,0.1398,0.5514,0.0847,273.7,234.5,0.1581,192.5,190.1,0.2032,0.0558,0,0.1418,0.1836,0,0.1475,0.4901,0.6579,0.8904,0.8884,0.5888,0.4904,147.5418,86.9489,46.4257,91.2787,46.1244,23.0019,39.5859,59.8407,45.7835,4.7908,0.7706,0.1188
LYC-115 LYC-115,1,104.6684724,761.6830644,31.58066667,31.75,28.27866667,29.464,31.520003,0.928,0.8954,1.0007,0.6997,0.6649,1.0524,0.022,0.0263,0.5432,0.0388,211.9,173.6,0.0671,176.5,160.7,0,0,0,0.0863,0.0283,0,0.0284,0.5287,0.7666,0.8896,0.8867,0.8986,0.418,123.5925,67.631,52.7715,82.9273,37.6241,24.7322,22.675,42.5153,33.5535,1.7897,0.557,0.253
LYC-116 LYC-116,1,138.0262839,1277.079883,43.688,43.77266667,32.93533333,36.83,38.41313967,0.8414,0.7539,0.881,0.7422,0.5814,1.2767,0.0341,0.0762,0.5137,0.038,238.2,205.3,0.049,179.4,159.4,5e-04,0.0033,0,0.1434,0.1286,0,0.1172,0.4759,0.7143,0.8883,0.8857,0.7524,0.4369,124.714,61.8595,42.8191,78.8261,36.2243,28.0153,27.6657,44.6403,39.3732,0.6927,0.6661,0.1833
LYC-117 LYC-117,1,148.6000753,1500.047179,35.64466667,35.72933333,51.13866667,51.308,52.523009,1.436,1.4347,1.4735,0.6651,0.6675,0.9964,0.0364,0.1209,0.5215,0.0075,172.7,136.9,0.0152,161.3,131.9,0,0,0.0992,0,0.0426,0.0624,0,0.4934,0.7967,0.8877,0.8877,1.4345,0.3922,121.7552,70.2248,55.0664,83.1846,37.986,22.4449,21.5497,43.8344,31.1153,1.1899,0.5563,0.2507
LYC-118 LYC-118,1,99.65861027,674.2137053,30.05666667,30.226,25.73866667,27.77066667,29.5194482,0.9188,0.8563,0.9877,0.738,0.6113,1.2074,0.0287,0.0375,0.5316,0.0551,246.5,206.4,0.0758,168.6,149.2,0,0,0,0.1751,0.0235,0,0.0795,0.439,0.7401,0.8864,0.8864,0.8582,0.4301,126.8485,100.856,50.5549,83.5963,47.2815,3.9818,37.6349,83.9605,37.845,0.7089,0.5531,0.2539
LYC-119 LYC-119,1,118.8293788,951.6181684,36.91466667,36.99933333,28.448,30.90333333,32.43243027,0.8352,0.7706,0.8806,0.7615,0.6697,1.137,0.0329,0.0677,0.5704,0.0452,235.2,197.9,0.0398,1.6,161.2,0,0.0047,0,0.1362,0.0269,0,0.06,0.4575,0.7363,0.8904,0.8904,0.7701,0.4482,133.2428,76.3641,58.3458,90.1256,41.3819,24.122,24.4719,45.4126,34.362,1.1728,0.633,0.2042
LYC-120 LYC-120,1,116.537359,948.3135156,35.052,35.13666667,31.242,33.02,33.6097626,0.9398,0.8913,0.9546,0.7174,0.6546,1.0959,0.0251,0.0292,0.545,0.0398,221.4,166.7,0.0872,172.8,160,0,0,0,0.1436,0.0224,0,0.0623,0.4641,0.7558,0.8909,0.8855,0.8909,0.424,133.964,112.354,62.3107,92.3665,51.6287,1.2754,36.454,87.9963,36.4763,1.5028,0.5409,0.2611
LYC-121 LYC-121,1,117.1395676,946.2920142,31.83466667,32.08866667,35.56,36.83,37.46166413,1.1478,1.117,1.1827,0.7261,0.5824,1.2466,0.0284,0.0589,0.4844,0.0312,243.4,174.4,0.048,165.9,140.9,0,0,0,0.164,0.0796,0,0.1068,0.4506,0.7742,0.8889,0.8889,1.12,0.4003,119.7737,68.2891,50.803,80.2404,37.0792,22.2979,23.0929,46.0034,32.1011,0.7144,0.5568,0.2519
LYC-123 LYC-123,1,172.326427,2056.010225,47.92133333,48.006,51.90066667,53.93266667,54.19316907,1.1235,1.083,1.1329,0.6113,0.6661,0.9178,0.0197,0.0421,0.523,0.0189,208.8,153.6,0.0566,188.6,152.4,9e-04,0.0058,0.1151,0,0.0439,0.0619,0,0.4851,0.7673,0.8889,0.8857,1.0796,0.396,143.296,105.2121,65.9188,98.4554,50.5863,11.1472,33.1562,71.4173,34.9799,0.8191,0.6027,0.222
LYC-124 LYC-124,1,144.6734301,1469.265879,40.386,40.55533333,46.65133333,46.99,47.94231373,1.1587,1.1551,1.2099,0.5367,0.6164,0.8707,0.0204,0.06,0.4473,0,164.5,126.3,0,169,148.5,0,0,0.1227,0,0.106,0.1185,0,0.5027,0.7942,0.8871,0.8889,1.1579,0.3593,109.8659,61.9348,45.1671,72.9367,33.9162,21.2741,22.2819,46.3256,30.807,0.7899,0.5582,0.2505
LYC-125 LYC-125,1,198.7019479,2683.019724,63.92333333,64.008,47.752,50.88466667,51.68111753,0.795,0.747,0.8096,0.7086,0.6927,1.0229,0.0344,0.0798,0.559,0.0502,215.1,198.6,0.0892,190.9,173.2,0.03,0.0459,0,0.0819,0.0361,0,0.0493,0.5341,0.75,0.8893,0.8876,0.7475,0.4315,98.8158,64.1018,48.0959,69.111,32.7436,14.7366,18.1983,51.0003,23.4168,0.8668,0.7004,0.1597
LYC-126 LYC-126,1,102.4430683,717.5541204,26.24666667,26.50066667,31.75,33.35866667,34.5835732,1.2588,1.2097,1.3219,0.7677,0.5774,1.3296,0.0415,0.0809,0.5419,0.0343,225.8,174.5,0.0373,149.2,127.3,0,0,0,0.1905,0.0149,0,0.1208,0.4365,0.7583,0.8896,0.8843,1.2016,0.4201,129.2765,80.9322,51.5461,85.0928,41.9283,18.6232,29.7585,57.9612,35.1054,1.1431,0.5984,0.2226
LYC-127 LYC-127,1,105.5236481,774.2493476,29.718,29.80266667,30.31066667,32.08866667,32.56910767,1.0767,1.0199,1.0991,0.7151,0.6239,1.1461,0.0284,0.0395,0.5369,0.0423,236.6,175.533,0.077,165.1,148.4,0,0,0,0.14,0.028,0,0.0668,0.4538,0.7566,0.891,0.8882,1.0214,0.4177,114.5941,78.4599,49.116,77.0393,39.098,12.7827,26.9174,64.5976,29.7984,0.8469,0.5999,0.225
LYC-128 LYC-128,1,134.5829668,1229.983203,39.20066667,39.53933333,34.71333333,37.76133333,39.19661113,0.955,0.8855,1.0021,0.7862,0.6307,1.2466,0.036,0.0372,0.5501,0.0605,250.3,198.4,0.0981,169.5,157.9,0,0,0,0.1947,0.036,0,0.119,0.4103,0.7371,0.8913,0.8889,0.8913,0.4475,130.1237,72.5296,56.5021,87.7999,39.9508,25.0963,23.862,43.5559,34.6298,1.2472,0.6013,0.2217
LYC-129 LYC-129,1,188.2097243,2330.82688,50.8,51.308,49.36066667,54.864,57.04033973,1.0693,0.9717,1.121,0.8267,0.63,1.3122,0.0488,0.0584,0.5612,0.0664,276,207,0.0865,163.3,150.2,0,0,0,0.2268,0.0704,0,0.2345,0.412,0.7172,0.8906,0.8838,0.9667,0.462,146.536,85.1677,67.1897,100.5523,45.8792,25.6907,25.7499,45.0659,36.374,0.8831,0.5156,0.281
LYC-131 LYC-131,1,297.5560131,5234.31928,64.68533333,67.39466667,93.218,103.8013333,103.9643421,1.5402,1.4411,1.6093,0.8783,0.4018,2.1857,0.0716,0.1396,0.4762,0.0539,272.2,210.3,0.1024,88.4,86.3,0,0,0,0.3316,0.1516,0,0.8905,0.3214,0.7184,0.8898,0.888,1.4426,0.4226,150.2585,77.1974,64.5653,101.0762,44.5794,31.8416,25.5175,38.7082,40.8048,2.1257,0.5726,0.2401
LYC-132 LYC-132,1,119.2112001,971.2955484,31.496,31.83466667,37.25333333,40.386,41.06665227,1.2686,1.1828,1.3065,0.7554,0.2823,2.6762,0.0381,0.0628,0.4772,0.0052,167.8,168.1,0.0024,82.9,98.8,0.0021,0.2298,0,0.2612,0.1316,0,0.2654,0.4298,0.7395,0.8911,0.8866,1.1892,0.3961,144.8357,75.5282,58.1203,95.4623,43.06,29.9197,27.5024,42.5895,40.6395,2.2151,0.5704,0.2441
LYC-133 LYC-133,1,177.2987225,2149.400719,52.40866667,52.74733333,48.09066667,51.47733333,51.70351187,0.9759,0.9176,0.9863,0.727,0.5897,1.2329,0.0345,0.0369,0.5253,0.0408,233.2,201.8,0.0841,168.3,153.2,0,0,0,0.1563,0.0998,0,0.1789,0.4309,0.7479,0.8902,0.8885,0.919,0.4125,138.4073,70.7982,56.1765,91.5344,40.892,29.7781,25.4443,40.5127,39.1682,0.689,0.5717,0.239
LYC-134 LYC-134,1,118.975251,625.2819036,38.354,38.608,8.720666667,22.77533333,28.003881,0.5899,0.2274,0.7525,0.7439,0.3157,2.3566,0.1339,0.2949,0.5979,0.1289,302.5,260.2,0.1469,244.4,272.8,0.3062,0.0179,0,0.0904,0.2116,0,0.0381,0.5242,0.2985,0.8889,0.8696,0.2222,0.7407,118.3278,61.1217,45.1034,76.8757,34.9706,25.6923,23.9924,43.0405,35.153,10.7986,0.6336,0.192
LYC-135 LYC-135,1,168.5033629,1854.139661,53.34,53.34,37.93066667,43.09533333,42.78397167,0.8079,0.7111,0.7943,0.7429,0.6698,1.109,0.0424,0.096,0.5555,0.0801,243.2,223.3,0.1835,177.9,167.6,0,0,0,0.1145,0.1146,0,0.1327,0.4813,0.7047,0.8905,0.8883,0.7103,0.4521,153.7022,79.5615,45.8689,93.9143,45.3396,30.5301,39.1699,52.0662,49.6626,1.5734,0.6671,0.1822
LYC-136 LYC-136,1,211.408391,2444.726293,38.52333333,41.23266667,78.06266667,79.84066667,78.83162627,1.9363,2.0264,2.0542,0.844,0.4593,1.8373,0.0581,0.2198,0.4566,0.0205,211.9,170.8,0.1894,91.3,63.3,0.0021,0.5974,0,0.1535,0.195,0,0.4904,0.4973,0.7813,0.8793,0.8878,2.0331,0.3864,141.3227,74.9129,59.2796,94.3855,42.3984,28.8523,25.4595,41.4255,38.4791,1.6141,0.65,0.1915
LYC-137 LYC-137,1,186.1727375,2328.317924,58.166,58.33533333,44.36533333,48.768,50.0867426,0.836,0.7627,0.8579,0.7307,0.6638,1.1009,0.0358,0.0678,0.5392,0.0512,271.3,215.1,0.0724,175.9,167,0,0,0,0.1302,0.0655,0,0.0961,0.4774,0.727,0.8894,0.8875,0.7628,0.4461,156.6787,86.762,54.3647,99.3141,47.6439,27.9876,36.7938,52.7411,46.2286,0.8677,0.7485,0.1342
LYC-138 LYC-138,1,181.5461613,2131.637314,55.88,56.134,41.99466667,47.83666667,49.08589793,0.8522,0.7515,0.8797,0.7424,0.6121,1.2129,0.0383,0.0766,0.5202,0.0655,251.4,223.4,0.1094,169.5,159.1,0,0,0,0.1386,0.1295,0,0.1631,0.4726,0.7021,0.8899,0.8879,0.75,0.4478,123.6275,94.0616,66.8811,89.7613,45.1918,8.7852,23.8751,69.7982,25.4402,1.7872,0.7199,0.1494
LYC-139 LYC-139,1,113.2484315,845.0018942,28.61733333,29.29466667,36.91466667,38.69266667,39.2190478,1.3208,1.2899,1.3786,0.7722,0.2485,3.1071,0.0333,0.0745,0.4762,0,198.983,158.1,0.0192,70.2,113,0.0031,0.0769,0,0.2722,0.0488,0,0.2692,0.3961,0.7632,0.89,0.881,1.2889,0.374,122.1996,61.76,46.5684,79.381,35.8435,27.2159,24.3294,41.7949,36.5052,0.9614,0.5714,0.2423
LYC-140 LYC-140,1,112.6767368,834.1488693,26.24666667,26.67,38.1,38.94666667,39.52875,1.4603,1.4516,1.5109,0.6452,0.671,0.9615,0.0369,0.1338,0.5135,0.0228,187.15,132,0.0204,168,132,0,0,0.0948,0,0.035,0.0548,0,0.487,0.7843,0.8911,0.8889,1.4516,0.3974,129.2566,104.8108,57.8927,88.0703,48.8627,3.4381,35.1833,84.4188,35.3509,0.7608,0.5703,0.2423
LYC-141 LYC-141,1,172.3299491,1947.379618,54.01733333,54.77933333,40.72466667,44.87333333,46.39808687,0.8192,0.7539,0.8681,0.7555,0.6113,1.2359,0.0379,0.0765,0.5428,0.0549,238,198.6,0.0597,171.4,138.3,0.022,0.0275,0,0.1851,0.1249,0,0.1628,0.4358,0.7259,0.8868,0.8889,0.7529,0.4338,163.6193,86.3899,52.8495,101.8669,48.6019,31.2622,39.3772,51.5534,50.2781,2.461,0.6843,0.1707
LYC-142 LYC-142,1,150.7248192,1499.789115,45.63533333,46.14333333,41.06333333,42.75666667,41.63602713,0.9266,0.8998,0.9366,0.4137,0.5993,0.6904,0.0485,0.0582,0.494,0.0721,242.7,225.4,0.2368,165.8,150.6,0,0,0.1132,0,0.1949,0.14,0,0.4673,0.7659,0.8894,0.8853,0.8977,0.3769,126.1071,67.7616,53.4809,84.4927,37.9953,25.9632,22.908,41.4228,34.6246,0.8451,0.6675,0.1823
LYC-143 LYC-143,1,93.66824887,589.1744489,22.52133333,22.606,32.258,32.512,34.10740787,1.4382,1.4323,1.5201,0.6579,0.6353,1.0355,0.0367,0.1262,0.5123,0.0078,168.9,137.2,0.0085,154.1,127.9,0,0,0.1111,0,0.0303,0.0424,0,0.513,0.7937,0.8889,0.8889,1.434,0.3841,132.3259,62.2162,49.0431,85.2993,37.7029,31.7394,25.6795,38.9754,40.8268,0.8765,0.5651,0.247
LYC-144 LYC-144,1,91.165807,586.8590413,27.85533333,27.85533333,24.80733333,25.56933333,26.60049713,0.9179,0.8906,0.9578,0.7082,0.6717,1.0543,0.0224,0.0334,0.5535,0.0248,199.7,186,0.0443,174.9,161.2,0,0,0,0.1084,0.0098,0,0.0182,0.4901,0.7708,0.8889,0.8821,0.8855,0.4169,125.6546,63.4719,50.1636,82.6745,36.8631,28.0949,23.3639,39.7472,36.5404,1.8728,0.5832,0.2359
LYC-145 LYC-145,1,149.2504169,1409.072451,35.64466667,36.66066667,48.17533333,50.71533333,50.83831167,1.3834,1.3515,1.4296,0.8527,0.266,3.2054,0.0473,0.096,0.5056,0.0359,242.1,190.5,0.1159,76.4,104.2,0.001,0.1212,0,0.3316,0.0734,0,0.3795,0.3322,0.7592,0.8885,0.885,1.3512,0.3905,135.1917,74.5907,40.7523,82.7958,41.0403,24.7291,36.0178,55.5272,43.6899,2.8031,0.6031,0.219
LYC-146 LYC-146,1,295.636696,4583.496209,92.79466667,93.98,42.58733333,63.33066667,64.98844847,0.6739,0.4589,0.6991,0.7646,0.719,1.0635,0.0911,0.1948,0.5691,0.1585,266.4,273.8,0.4119,214.2,209.1,0.1109,0.0088,0,0.1526,0.3525,0,0.2541,0.4184,0.5355,0.8929,0.885,0.4566,0.5696,149.8989,79.2764,62.017,99.6904,45.1966,29.8912,28.1364,43.2679,41.0505,1.1402,0.604,0.2216
LYC-147 LYC-147,1,267.8208089,4320.141897,84.75133333,85.09,51.22333333,63.33066667,64.70194493,0.7443,0.6044,0.7634,0.7852,0.6503,1.2074,0.0588,0.1273,0.5726,0.1397,261.9,257.1,0.2688,175.8,173.7,0.0046,0.0038,0,0.1331,0.146,0,0.2497,0.4893,0.6452,0.8893,0.8877,0.6025,0.4975,132.2695,61.4275,49.9633,85.6994,37.6059,32.1803,25.194,38.0575,40.8695,1.6849,0.7733,0.1208
LYC-148 LYC-148,1,224.4171449,3428.021818,70.95066667,70.95066667,54.77933333,58.84333333,59.263407,0.8294,0.7721,0.8363,0.6981,0.6945,1.0052,0.0333,0.0716,0.5547,0.0504,223,203.8,0.1294,176.9,166.4,0,0,0.113,0,0.1038,0.0727,0,0.4993,0.7435,0.8897,0.8866,0.7701,0.4322,144.838,83.6728,51.0783,92.1952,45.0443,24.2214,34.9588,55.2836,42.5299,1.082,0.7177,0.1522
LYC-149 LYC-149,1,185.5180101,2282.153142,44.78866667,46.05866667,64.09266667,65.95533333,67.01392913,1.432,1.431,1.499,0.6711,0.4348,1.5435,0.0352,0.1125,0.4586,0.0019,172.9,132.4,0.0035,110.8,120.5,3e-04,0.0406,0,0.2343,0.0844,0,0.3173,0.4082,0.7763,0.8895,0.8818,1.4313,0.3712,143.2088,125.404,76.3244,103.3111,56.7124,-1.025,34.767,91.6887,34.7821,0.6778,0.5868,0.2328
LYC-150 LYC-150,1,102.0377859,733.740468,28.448,28.53266667,31.75,32.42733333,33.45325627,1.1365,1.1161,1.1794,0.6905,0.5655,1.2211,0.0263,0.0469,0.5129,0.0145,195,168.2,0.0159,158.5,135.7,0,0,0,0.1446,0.0371,0,0.0747,0.4726,0.7801,0.8896,0.8843,1.1119,0.3872,113.4602,69.4087,49.9351,76.8531,36.381,18.4837,22.4555,50.5413,29.0844,0.5957,0.5988,0.2245
LYC-151 LYC-151,1,99.10247727,693.7118742,29.63333333,29.88733333,27.94,28.448,30.0376336,0.9518,0.9429,1.0035,0.7057,0.6486,1.0881,0.0154,0.0185,0.5375,0.0149,188.1,167.9,0.012,169.6,154.2,0,0,0,0.1043,0.0167,0,0.0224,0.5,0.7881,0.8889,0.8889,0.9429,0.4001,110.5768,97.7567,55.1476,77.9907,44.4184,-1.6695,30.2593,93.1581,30.3053,0.8229,0.5701,0.2425
LYC-152 LYC-152,1,102.24262,697.5684973,22.94466667,23.02933333,35.98333333,36.23733333,37.34501887,1.5735,1.5683,1.6336,0.7343,0.6642,1.1056,0.0439,0.1489,0.5406,0.0012,176.3,136.8,0.0012,143.9,121,0,0,0,0.0647,0.0368,0,0.0547,0.5421,0.7916,0.8895,0.8848,1.5648,0.4108,121.9054,57.9495,47.5449,79.6288,34.7743,29.5989,22.1575,36.8182,36.9737,0.6744,0.5543,0.2552
153 153,1,35.6233,84.1647,10.7527,10.8373,8.7207,9.652,10.9606,0.8906,0.811,1.0273,0.2047,0.7953,0.2574,0.0179,0.0434,0.5224,0.0117,147.6,159.5,0.0187,353.4,152.1,0,0,0.1882,0,795.2781,578.9915,0,0.4889,0.7965,0.8911,0.8911,0.9,0.398,97.3046,95.5735,60.4865,75.0117,42.3274,-6.1249,23.1695,104.8075,23.9654,0.9755,0.5447,0.2519
155 155,1,54.4695,198.2075,16.5947,16.8487,13.97,14.8167,17.3803,0.8794,0.8418,1.0527,0.699,0.602,1.161,0.0227,0.0444,0.5246,0.0451,243.6,16.1,0.0908,4.9,157.3,0,0,0,0.1448,0.0137,0,0.0244,0.4579,0.7471,0.8904,0.8784,0.8333,0.4239,84.3164,86.9352,54.9076,67.6927,38.2176,-7.7904,20.9175,110.4271,22.3211,1.9674,0.6246,0.2071
156 156,1,50.0477,177.8419,15.3247,15.4093,14.478,14.478,16.4737,0.9396,0.9448,1.0791,0.6796,0.5856,1.1604,0.0145,0.0243,0.52,0,162,161.1,0,164.2,143.5,0,0,0,0.1556,0.0048,0,0.0199,0.4444,0.8,0.8889,0.8889,0.9444,0.38,88.3749,96.2111,60.7066,74.337,41.7265,-11.1203,22.205,116.6018,24.8339,2.6664,0.5754,0.2367
158 158,1,56.5801,207.0964,17.78,17.9493,14.0547,14.478,19.0544,0.8066,0.7905,1.0768,0.7286,0.5429,1.3421,0.0284,0.0756,0.4938,0.0052,199.1,0.6,0.0145,9,156.4,3e-04,0.008,0,0.1521,0.0359,0,0.0383,0.4607,0.7765,0.9041,0.88,0.7952,0.4043,90.8354,90.463,59.2676,72.7145,40.0983,-6.3643,20.7798,107.0284,21.7326,2.2767,0.5502,0.2564
159 159,1,46.9757,156.8957,14.8167,14.9013,12.446,12.8693,14.4121,0.8636,0.84,0.9782,0.72,0.64,1.125,0.0255,0.0527,0.5502,0.0197,197.8,2.1,0.0219,170,159.7,0,0,0,0.1395,0.0106,0,0.0194,0.4605,0.7682,0.8923,0.8788,0.8406,0.4256,94.2457,102.9236,59.5249,76.6756,44.5406,-12.7208,27.1043,115.142,29.941,2.5846,0.5745,0.2394
160 160,1,57.0966,215.1609,18.9653,19.2193,14.224,14.8167,15.8265,0.7709,0.75,0.836,0.692,0.433,1.5979,0.0434,0.1198,0.4257,0.0119,13.3,1.3,0.0203,217.5,165,0.1909,0.06,0,0.1924,0.1206,0,0.091,0.4229,0.954,1.0061,0.9822,0.7477,0.0357,99.1015,100.9661,70.5174,81.8634,44.346,-7.4818,19.7043,110.7919,21.0769,1.7087,0.6258,0.1976
161 161,1,67.0788,282.6446,22.098,22.2673,16.3407,16.8487,19.1836,0.7567,0.7395,0.8648,0.7663,0.6858,1.1173,0.0365,0.0942,0.5627,0.0126,196.4,7.4,0.0238,173.6,164.9,3e-04,0.0091,0,0.1417,0.0233,0,0.0271,0.4724,0.7677,0.8889,0.8786,0.7308,0.3702,111.4698,115.2785,77.9474,91.4283,50.547,-9.6111,23.8647,111.9362,25.7273,2.6792,0.552,0.2557
162 162,1,49.7997,175.9136,15.5787,15.8327,14.0547,14.1393,16.9679,0.893,0.9022,1.1337,0.6576,0.6033,1.0901,0.018,0.0373,0.5149,0.015,164.1,168.8,0.0094,164,147.4,0,0,0,0.1347,0.0317,0,0.0082,0.4251,0.7952,0.8919,0.8859,0.9041,0.3832,127.2108,124.5243,85.9926,100.3795,55.1432,-6.8459,25.43,105.0672,26.3353,3.5712,0.5475,0.2516
163 163,1,38.3531,104.5231,12.7,12.7,9.906,10.0753,10.9195,0.7933,0.78,0.8655,0.6733,0.6733,1,0.0299,0.0808,0.5445,0.0042,3.2,1.7,0.0034,166.7,167.2,0.0075,0.0569,0.1231,0,0.0204,0.0029,0,0.4874,0.7797,0.8932,0.8762,0.7667,0.4053,95.2008,96.6896,64.6028,76.6456,42.7624,-7.3603,20.9313,109.3738,22.1877,2.0056,0.5462,0.2602
166 166,1,61.33,265.5407,18.8807,19.05,16.4253,16.9333,18.4105,0.8889,0.87,0.9751,0.7354,0.6637,1.1081,0.0233,0.0384,0.5442,0.0275,204.1,173.3,0.0224,172.3,159.6,0,0,0,0.146,0.0147,0,0.0228,0.475,0.7739,0.8902,0.8851,0.875,0.4253,101.2515,103.1682,73.8032,84.3086,45.5916,-7.1206,19.0011,110.5433,20.2915,1.9231,0.5533,0.251
167 167,1,46.0949,153.7345,14.3087,14.3087,13.8007,13.8853,15.6215,0.9704,0.9645,1.1056,0.5148,0.6036,0.8529,0.0209,0.0296,0.4607,0.0099,1,156.3,0.0075,158.5,156.7,0,0,0.1577,0,0.0294,0.029,0,0.5122,0.7853,0.8889,0.8767,0.9552,0.3719,113.0428,55.3878,35.0615,69.6956,32.4809,26.0487,27.6436,46.7015,37.983,0.7021,0.5464,0.2583
168 168,1,72.1233,322.7592,19.7273,19.812,19.9813,20.574,23.8091,1.0385,1.0129,1.2069,0.6738,0.5923,1.1377,0.0123,0.0204,0.5068,0.0099,6.4,153.8,0.0073,153.4,143,0,0,0,0.1175,0.0179,0,0.0301,0.4868,0.7355,0.8768,0.8436,0.9889,0.4411,115.7191,64.776,45.1175,75.6877,35.4215,22.046,24.5686,48.0976,33.0097,0.7952,0.5521,0.2544
169 169,1,67.3714,310.2001,21.336,21.4207,16.764,17.78,19.0699,0.83,0.7857,0.8938,0.746,0.627,1.1899,0.0316,0.074,0.5461,0.0384,222.8,184.2,0.0467,173.7,157.3,0,0,0,0.1476,0.0395,0,0.0461,0.4524,0.756,0.8927,0.8876,0.79,0.4265,106.8158,107.2068,73.1398,85.8348,47.4312,-7.2839,22.3519,108.0495,23.5088,1.3283,0.5514,0.2523
170 170,1,46.9261,157.8563,13.716,13.8007,13.8853,13.8853,15.3829,1.0061,1.0123,1.1284,0.7037,0.6173,1.14,0.0209,0.0219,0.5334,0,175.4,164.7,0,168.7,154.9,0,0,0,0.1814,0.0105,0,0.0153,0.3963,0.7975,0.8904,0.8844,1.0156,0.4065,120.5261,59.7402,44.8871,77.8414,35.0429,27.5722,24.4076,41.5161,36.8233,0.9661,0.5478,0.2593
171 171,1,47.2151,157.7345,15.24,15.24,12.192,12.5307,14.9963,0.8222,0.8,0.9894,0.7056,0.6722,1.0496,0.0269,0.0635,0.5612,0.0135,192.4,177.1,0.0391,188.4,169.1,0.0064,0.0114,0.0887,0,0.0137,0.0061,0,0.473,0.7755,0.8906,0.8837,0.7917,0.4141,125.3082,66.2636,48.0525,81.5801,37.5117,25.8674,26.0069,45.1541,36.6808,2.2002,0.5738,0.2421
172 172,1,42.9903,131.584,13.3773,13.3773,11.938,12.2767,13.1082,0.9177,0.8924,0.986,0.6582,0.6456,1.0196,0.0183,0.0349,0.5138,0.0285,205.6,9.2,0.0463,169.4,161,0,0,0.1394,0,0.0185,0.0169,0,0.5103,0.7778,0.8889,0.8889,0.8889,0.3962,95.3522,100.6141,59.08,75.2644,43.9933,-10.7279,26.5285,112.018,28.6156,1.8682,0.548,0.2562
175 175,1,59.9498,247.2253,18.3727,18.4573,15.748,16.764,18.2206,0.9083,0.8571,0.9963,0.7005,0.6083,1.1515,0.0209,0.0393,0.5178,0.0482,238.4,0.5,0.0597,169.9,156.2,0,0,0,0.1325,0.0221,0,0.0278,0.4747,0.7513,0.8916,0.881,0.8605,0.4203,108.076,110.1399,74.8715,87.9591,48.4987,-8.3336,22.8894,110.0055,24.3592,1.5441,0.5484,0.2604
176 176,1,66.7316,314.6159,21.1667,21.2513,17.1873,17.6953,19.0582,0.8327,0.812,0.9254,0.76,0.664,1.1446,0.0296,0.0614,0.57,0.0191,197.3,186.4,0.0362,173.4,170.4,0.0046,0.0171,0,0.1402,0.0124,0,0.0304,0.4785,0.7692,0.8939,0.8791,0.8,0.4274,91.4698,94.3893,62.7161,74.5478,41.5902,-7.9323,20.4597,111.1914,21.9436,1.3578,0.5808,0.2356
177 177,1,52.9965,200.9458,15.748,15.748,15.24,15.5787,17.3038,0.9892,0.9677,1.0825,0.6774,0.6505,1.0413,0.0212,0.0232,0.5286,0.0251,203.7,169,0.0228,170.9,153.5,0,0,0.071,0,0.0203,0.0181,0,0.4402,0.7869,0.8944,0.8889,0.973,0.4029,117.259,53.6574,40.3361,74.1617,32.9759,29.3913,24.6378,39.972,38.352,0.6355,0.549,0.2529
178 178,1,62.8369,268.7737,20.4893,20.4893,15.4093,16.256,18.0494,0.7934,0.7521,0.8845,0.7066,0.6074,1.1633,0.0318,0.0878,0.5133,0.042,214,197.1,0.0933,170.4,159.5,0,0,0,0.1125,0.0367,0,0.038,0.4896,0.7539,0.8889,0.8834,0.75,0.4208,88.4818,88.104,60.8111,71.12,39.214,-5.4791,18.0825,106.8572,18.8944,2.824,0.5505,0.2576
179 179,1,46.1616,153.885,13.716,13.716,14.0547,14.0547,15.4662,1.0247,1.0247,1.101,0.6605,0.6173,1.07,0.0113,0.0172,0.5013,0,172,154,0,162.7,142.8,0.0023,0.0093,0,0.1181,0.012,0,0.0122,0.4819,0.8,0.8919,0.8859,1.0313,0.3818,111.4978,53.5829,39.8616,71.2263,31.7949,26.8916,23.1243,40.6925,35.4668,0.9468,0.5491,0.2569
180 180,1,45.4106,143.3546,13.2927,13.462,12.7847,13.208,14.3231,0.9811,0.9618,1.0843,0.6561,0.6879,0.9537,0.0243,0.0262,0.5418,0.0355,216.2,161.7,0.053,164.5,153.3,0,0,0.1656,0,0.0129,0.0245,0,0.5256,0.7742,0.8955,0.8889,0.9677,0.4156,105.2179,107.6823,74.7952,86.3474,47.5521,-8.161,21.2484,111.0106,22.7617,3.0079,0.5181,0.2791
181 181,1,47.1981,158.8527,14.478,14.5627,13.716,13.8853,15.7565,0.9535,0.9474,1.078,0.6316,0.6082,1.0385,0.012,0.0207,0.5105,0.0091,162.6,161,0.0185,169.4,149.6,9e-04,0.0095,0.1062,0,0.0113,0.0096,0,0.5122,0.7853,0.8889,0.8828,0.9412,0.383,120.1686,51.5726,39.686,75.2229,32.9291,32.0206,25.1924,38.1942,40.7428,1.3874,0.5492,0.2542
182 182,1,46.5619,151.3975,13.208,13.3773,14.0547,14.3087,15.301,1.0696,1.0641,1.0784,0.7308,0.5385,1.3571,0.0287,0.0337,0.5213,0.0389,227.7,173.6,0.0535,169.7,140.1,0.0062,0.0213,0,0.1752,0.0225,0,0.0452,0.432,0.7857,0.8919,0.8859,1.0645,0.3913,125.1841,55.5258,40.8778,78.1418,34.8522,31.7774,27.2461,40.61,41.8587,1.8649,0.5503,0.2549
183 183,1,29.0653,57.8135,9.144,9.2287,7.62,8.0433,12.1024,0.8716,0.8333,1.3357,0.7315,0.5093,1.4364,0.0342,0.0526,0.5217,0.0105,213.5,168.4,0.0124,163.5,148.9,0,0,0,0.1949,0.0137,0,0.0294,0.4105,0.766,0.9,0.8889,0.8372,0.397,122.9518,113.7018,64.3118,88.3988,50.9801,-5.0454,33.758,98.5004,34.1329,3.0793,0.5357,0.2647
184 184,1,48.8914,169.7631,15.3247,15.3247,13.716,13.8853,16.1454,0.9061,0.895,1.0617,0.6464,0.5967,1.0833,0.0196,0.0435,0.4988,0.0222,7.4,151.2,0.0224,175,162.8,0,0,0.1183,0,0.0283,0.0266,0,0.5183,0.7853,0.8889,0.8828,0.8889,0.3887,90.4952,98.6255,58.3983,73.9553,42.8692,-11.8481,25.2333,115.1521,27.8765,2.9843,0.5533,0.253
185 185,1,63.1295,272.8812,20.2353,20.4893,15.8327,16.6793,19.3207,0.814,0.7824,0.9548,0.7113,0.6192,1.1486,0.0285,0.0679,0.5263,0.0152,200.4,5.8,0.0139,171.4,155.4,0.0018,0.0074,0,0.1447,0.027,0,0.0261,0.4365,0.7551,0.8916,0.881,0.7789,0.4198,115.0119,113.6341,83.3824,94.1851,50.4845,-5.9521,20.0119,106.5639,20.8783,1.7617,0.5513,0.2513
186 186,1,50.7456,184.5659,15.9173,15.9173,14.0547,14.3087,16.0764,0.8989,0.883,1.0153,0.6702,0.6489,1.0328,0.0162,0.0368,0.5319,0,181.5,155.1,0,9.4,161.1,0.0109,0.0113,0.1224,0,0.0053,0.0012,0,0.5089,0.7857,0.8919,0.8859,0.88,0.396,93.6461,96.3739,64.4188,76.4318,42.4936,-7.86,20.6806,110.8101,22.1239,1.7533,0.5525,0.2532
188 188,1,66.7436,316.9313,19.9813,19.9813,19.05,19.4733,21.8639,0.9746,0.9534,1.0988,0.6737,0.6737,1,0.0188,0.025,0.5136,0.013,193.8,160.6,0.0127,170.6,162.6,0,0,0.1041,0,0.0367,0.0362,0,0.4957,0.7773,0.89,0.8812,0.9468,0.4055,97.6016,79.0236,47.0066,68.0509,36.9845,3.4379,24.9342,82.1496,25.1701,1.1921,0.5525,0.2533
189 189,1,133.8525,1248.0764,39.2853,39.2853,37.6767,38.7773,39.3977,0.9871,0.9591,1.005,0.7306,0.6466,1.13,0.0234,0.023,0.536,0.0351,222.4,189.7,0.0736,164.1,156.6,0,0,0,0.1241,0.0361,0,0.0647,0.4782,0.7746,0.8894,0.885,0.9568,0.4091,123.2953,57.7972,48.0879,80.6475,35.0446,30.3115,22.161,36.1709,37.5486,1.3871,0.5861,0.2327
191 191,1,39.8516,112.2077,11.938,11.938,11.7687,12.0227,12.6394,1.0071,0.9858,1.0662,0.5957,0.6312,0.9438,0.0143,0.0146,0.5044,0.0211,203.7,161.8,0.0281,165.8,144.9,6e-04,0.0115,0.1142,0,0.0086,0.013,0,0.5,0.7801,0.8943,0.88,0.9821,0.3818,104.4448,106.7663,66.0216,81.9526,46.9768,-9.3127,26.3972,109.4324,27.9918,1.1787,0.5478,0.2516
192 192,1,49.5893,172.8814,15.5787,15.5787,12.954,13.5467,15.7294,0.8696,0.8315,1.0151,0.6902,0.6576,1.0496,0.0223,0.048,0.5411,0.0219,199.5,1.6,0.0129,190.5,161.4,0.0066,0.0087,0.0865,0,0.0084,0.0083,0,0.4813,0.7547,0.8889,0.8759,0.8219,0.4294,121.7221,50.3942,39.3048,75.7715,33.0274,33.2585,25.7419,37.7397,42.0568,0.9191,0.5505,0.2539
193 193,1,57.6833,231.5193,18.034,18.034,15.4093,15.748,16.7692,0.8732,0.8545,0.9342,0.723,0.6291,1.1493,0.0209,0.0473,0.5412,0.0244,201.5,166.6,0.031,167.9,163.9,0,0,0,0.1303,0.0098,0,0.021,0.457,0.7784,0.8889,0.8834,0.8571,0.4117,86.4074,90.537,60.9807,71.896,39.5816,-8.2123,18.9546,113.4252,20.6571,3.5021,0.6078,0.2158
